LAM_MK;SSV_Action;LU_Key;SSV_Action_LU
320876;DELETE;8334645;DELETE
321366;DELETE;10552121;DELETE
322281;DELETE;10551589;DELETE
322283;DELETE;8333277;DELETE
334954;DELETE;8340628;DELETE
334966;DELETE;8359760;DELETE
334967;DELETE;10552467;DELETE
334983;DELETE;8361096;DELETE
335095;DELETE;8363871;DELETE
335105;DELETE;NB-8300664da5455---11;DELETE
335115;DELETE;NB-8300729705092---4;DELETE
335120;DELETE;10553750;DELETE
335748;DELETE;10556065;DELETE
337102;DELETE;8360262;DELETE
337112;DELETE;11261075;DELETE
1523310;DELETE;11260874;DELETE
2762308;DELETE;8359667;DELETE
2762492;DELETE;8349978;DELETE
2762498;DELETE;11261381;DELETE
2762907;DELETE;8352217;DELETE
2767788;DELETE;8347507;DELETE
2767790;DELETE;8333868;DELETE
2767893;DELETE;8351887;DELETE
2767948;DELETE;8358596;DELETE
2767965;DELETE;8361656;DELETE
2767968;DELETE;8333872;DELETE
2767970;DELETE;11261403;DELETE
2768076;DELETE;8360584;DELETE
4070277;DELETE;NB-83007342d6850---0;DELETE
4073573;DELETE;11261327;DELETE
4345021;DELETE;8360158;DELETE
4345048;DELETE;8350432;DELETE
4345256;DELETE;11261695;DELETE
4346486;DELETE;10551891;DELETE
4346487;DELETE;10556758;DELETE
4346488;DELETE;8350433;DELETE
4348172;DELETE;11261193;DELETE
4348174;DELETE;10552787;DELETE
4348192;DELETE;10552024;DELETE
4348202;DELETE;8351302;DELETE
5446596;DELETE;10553078;DELETE
5579446;DELETE;10551104;DELETE
5579559;DELETE;8332234;DELETE
5801592;DELETE;10551210;DELETE
5830672;DELETE;8355835;DELETE
5905414;DELETE;11261650;DELETE
5905415;DELETE;10554170;DELETE
6044454;DELETE;8360681;DELETE
6326403;DELETE;8342990;DELETE
6420952;DELETE;8347133;DELETE
6425283;DELETE;10551280;DELETE
6441864;DELETE;8337859;DELETE
6445966;DELETE;8348040;DELETE
;;10552993;DELETE
;;10553204;DELETE
;;10553008;DELETE
;;NB-8300108be948---0;DELETE
;;11261399;DELETE
;;NB-8300147A5747---11;DELETE
;;8360263;DELETE
;;10555232;DELETE
;;8348610;DELETE
;;10552844;DELETE
;;8343574;DELETE
;;10555113;DELETE
;;NB-8300729705092---10;DELETE
;;8365097;DELETE
;;8354649;DELETE
;;NB-8300299837516---5;DELETE
;;8341617;DELETE
;;8343570;DELETE
;;8347078;DELETE
;;10557181;DELETE
;;8345093;DELETE
;;8355695;DELETE
;;8338401;DELETE
;;8352806;DELETE
;;8341982;DELETE
;;10555375;DELETE
;;11261852;DELETE
;;11261648;DELETE
;;10551698;DELETE
;;8359212;DELETE
;;10552450;DELETE
;;10553287;DELETE
;;8354636;DELETE
;;8346975;DELETE
;;8365491;DELETE
;;8342605;DELETE
;;11261647;DELETE
;;8333867;DELETE
;;NB-8300147A5747---4;DELETE
;;8356656;DELETE
;;10556956;DELETE
;;8347505;DELETE
;;11260879;DELETE
;;10552123;DELETE
;;11261687;DELETE
;;10555033;DELETE
;;8333099;DELETE
;;8332187;DELETE
;;8338884;DELETE
;;10553050;DELETE
;;NB-8300299837516---3;DELETE
;;10552452;DELETE
;;8361680;DELETE
;;11261398;DELETE
;;11261241;DELETE
;;8364400;DELETE
;;10551892;DELETE
;;10552162;DELETE
;;10554913;DELETE
;;8365006;DELETE
;;11260903;DELETE
;;11261395;DELETE
;;8354588;DELETE
;;8347621;DELETE
;;NB-8300729705092---9;DELETE
;;8364558;DELETE
;;11261691;DELETE
;;10554663;DELETE
;;10552367;DELETE
;;10554439;DELETE
;;11261402;DELETE
;;8338856;DELETE
;;8335141;DELETE
;;8364706;DELETE
;;8338402;DELETE
;;10552399;DELETE
;;8336510;DELETE
;;10552768;DELETE
;;10553119;DELETE
;;10551962;DELETE
;;10557497;DELETE
;;10556050;DELETE
;;8337238;DELETE
;;10556449;DELETE
;;8361125;DELETE
;;11261229;DELETE
;;10555716;DELETE
;;10554977;DELETE
;;8363027;DELETE
;;8345543;DELETE
;;8352800;DELETE
;;10555213;DELETE
;;11261227;DELETE
;;NB-8300664da5455---15;DELETE
;;8354639;DELETE
;;10551960;DELETE
;;8346667;DELETE
;;8359757;DELETE
;;8365682;DELETE
;;10554080;DELETE
;;10555902;DELETE
;;8333873;DELETE
;;10552453;DELETE
;;10555345;DELETE
;;8344214;DELETE
;;10557682;DELETE
;;8361122;DELETE
;;8342481;DELETE
;;NB-83002148a433---0;DELETE
;;11261693;DELETE
;;11261198;DELETE
;;11261709;DELETE
;;10551661;DELETE
;;8352910;DELETE
;;8341142;DELETE
;;8349988;DELETE
;;11261684;DELETE
;;8341648;DELETE
;;8351401;DELETE
;;11261641;DELETE
;;10551874;DELETE
;;NB-8300729705092---1;DELETE
;;11260906;DELETE
;;11261189;DELETE
;;8353649;DELETE
;;8354643;DELETE
;;11261452;DELETE
;;8335730;DELETE
;;8337239;DELETE
;;10557098;DELETE
;;8360583;DELETE
;;8343586;DELETE
;;11260876;DELETE
;;8359210;DELETE
;;11260901;DELETE
;;8352272;DELETE
;;10554378;DELETE
;;8363000;DELETE
;;NB-8300759c00d90---0;DELETE
;;8357433;DELETE
;;11261625;DELETE
;;8366026;DELETE
;;8351303;DELETE
;;10552130;DELETE
;;8354640;DELETE
;;NB-8300664da5455---21;DELETE
;;8351801;DELETE
;;10556730;DELETE
;;8360265;DELETE
;;8340642;DELETE
;;10551102;DELETE
;;8338883;DELETE
;;10557752;DELETE
;;8350218;DELETE
;;10551924;DELETE
;;8349989;DELETE
;;11261192;DELETE
;;10552054;DELETE
;;NB-83002358e2701---0;DELETE
;;8337461;DELETE
;;11261112;DELETE
;;10551893;DELETE
;;11261646;DELETE
;;8337844;DELETE
;;10554955;DELETE
;;8338485;DELETE
;;8342219;DELETE
;;10556408;DELETE
;;8352805;DELETE
;;8354902;DELETE
;;10551940;DELETE
;;8349977;DELETE
;;8343529;DELETE
;;10555400;DELETE
;;10553322;DELETE
;;8337462;DELETE
;;8341139;DELETE
;;11261645;DELETE
;;8345916;DELETE
;;10553182;DELETE
;;10553024;DELETE
;;8345570;DELETE
;;10553298;DELETE
;;10555745;DELETE
;;8334644;DELETE
;;8356238;DELETE
;;8359759;DELETE
;;8345574;DELETE
;;8359767;DELETE
;;8343551;DELETE
;;10553286;DELETE
;;8341094;DELETE
;;8338400;DELETE
;;10552816;DELETE
;;10553223;DELETE
;;8353667;DELETE
;;8346075;DELETE
;;10552540;DELETE
;;8336477;DELETE
;;11260878;DELETE
;;8358013;DELETE
;;NB-8300347222263---0;DELETE
;;10551878;DELETE
;;8346181;DELETE
;;10550997;DELETE
;;8342479;DELETE
;;10555863;DELETE
;;10554321;DELETE
;;NB-8300147A5747---9;DELETE
;;10552120;DELETE
;;11261455;DELETE
;;8339847;DELETE
;;8354638;DELETE
;;10553284;DELETE
;;11260931;DELETE
;;10551612;DELETE
;;10553107;DELETE
;;10555976;DELETE
;;8351281;DELETE
;;8336806;DELETE
;;8357866;DELETE
;;8337325;DELETE
;;10554012;DELETE
;;10550887;DELETE
;;8348020;DELETE
;;10555855;DELETE
;;8349951;DELETE
;;8342220;DELETE
;;10551372;DELETE
;;8337007;DELETE
;;10556111;DELETE
;;11260880;DELETE
;;10552413;DELETE
;;11261457;DELETE
;;10552932;DELETE
;;10554309;DELETE
;;8350767;DELETE
;;11261231;DELETE
;;11260889;DELETE
;;8348060;DELETE
;;11261314;DELETE
;;8353559;DELETE
;;10556068;DELETE
;;10555991;DELETE
;;NB-8300299837516---1;DELETE
;;10555487;DELETE
;;NB-83002695d0c44---1;DELETE
;;8335731;DELETE
;;NB-8300664da5455---27;DELETE
;;8338906;DELETE
;;8332771;DELETE
;;8337577;DELETE
;;8335886;DELETE
;;10553193;DELETE
;;10553334;DELETE
;;10551079;DELETE
;;8342000;DELETE
;;8342505;DELETE
;;10557180;DELETE
;;NB-8300147A5747---2;DELETE
;;10552055;DELETE
;;11261460;DELETE
;;8331429;DELETE
;;10553210;DELETE
;;10551552;DELETE
;;NB-8300664da5455---19;DELETE
;;8352803;DELETE
;;10553167;DELETE
;;8343528;DELETE
;;8364059;DELETE
;;8359756;DELETE
;;8355838;DELETE
;;8349979;DELETE
;;10556973;DELETE
;;8355184;DELETE
;;8350297;DELETE
;;8333365;DELETE
;;8356657;DELETE
;;8349947;DELETE
;;10551976;DELETE
;;8348611;DELETE
;;10555735;DELETE
;;10553035;DELETE
;;10551669;DELETE
;;11260924;DELETE
;;10555221;DELETE
;;11261688;DELETE
;;10556504;DELETE
;;10552783;DELETE
;;8337039;DELETE
;;10555681;DELETE
;;11261332;DELETE
;;NB-8300219b2f099---0;DELETE
;;10556745;DELETE
;;10552657;DELETE
;;10556346;DELETE
;;8336983;DELETE
;;8348039;DELETE
;;8333074;DELETE
;;11261514;DELETE
;;8364708;DELETE
;;8345369;DELETE
;;10552951;DELETE
;;NB-8300664da5455---12;DELETE
;;8340894;DELETE
;;NB-830011A1466---0;DELETE
;;8342962;DELETE
;;10552970;DELETE
;;8350272;DELETE
;;8361147;DELETE
;;8336511;DELETE
;;8358522;DELETE
;;NB-83002695d0c44---3;DELETE
;;8360157;DELETE
;;10552808;DELETE
;;8335885;DELETE
;;10556524;DELETE
;;8334643;DELETE
;;11261388;DELETE
;;10552043;DELETE
;;8354961;DELETE
;;8338882;DELETE
;;8338382;DELETE
;;11261465;DELETE
;;10552723;DELETE
;;10550881;DELETE
;;10557172;DELETE
;;10551106;DELETE
;;8351802;DELETE
;;8346978;DELETE
;;10552025;DELETE
;;10557975;DELETE
;;8359208;DELETE
;;8351284;DELETE
;;10553005;DELETE
;;8332737;DELETE
;;8336480;DELETE
;;10553954;DELETE
;;10556204;DELETE
;;10552949;DELETE
;;8333275;DELETE
;;8335360;DELETE
;;NB-8300729705092---12;DELETE
;;8342988;DELETE
;;8355186;DELETE
;;8365476;DELETE
;;10551245;DELETE
;;8343110;DELETE
;;8340629;DELETE
;;8354999;DELETE
;;NB-8300219b2f099---2;DELETE
;;8341059;DELETE
;;NB-8300664da5455---26;DELETE
;;10555544;DELETE
;;10553063;DELETE
;;8339398;DELETE
;;NB-8300147A5747---0;DELETE
;;10551660;DELETE
;;8337300;DELETE
;;8349950;DELETE
;;10550996;DELETE
;;11261644;DELETE
;;8359204;DELETE
;;8364709;DELETE
;;10554665;DELETE
;;8337299;DELETE
;;8365671;DELETE
;;10552335;DELETE
;;10556353;DELETE
;;10552260;DELETE
;;8350944;DELETE
;;10556282;DELETE
;;8349949;DELETE
;;10551105;DELETE
;;10551956;DELETE
;;11261218;DELETE
;;8360260;DELETE
;;10551671;DELETE
;;8351309;DELETE
;;10557509;DELETE
;;NB-8300297cb8d17---0;DELETE
;;8346976;DELETE
;;8345562;DELETE
;;8348632;DELETE
;;8355840;DELETE
;;11260854;DELETE
;;10554470;DELETE
;;8343590;DELETE
;;8351026;DELETE
;;11261219;DELETE
;;8334242;DELETE
;;10551658;DELETE
;;8343187;DELETE
;;8358715;DELETE
;;10556746;DELETE
;;8349981;DELETE
;;10556026;DELETE
;;8340591;DELETE
;;8334142;DELETE
;;10550716;DELETE
;;10556263;DELETE
;;10554916;DELETE
;;8343810;DELETE
;;NB-8300664da5455---16;DELETE
;;8356116;DELETE
;;10551549;DELETE
;;8334728;DELETE
;;10551779;DELETE
;;10556677;DELETE
;;8336508;DELETE
;;8364053;DELETE
;;8344239;DELETE
;;10551865;DELETE
;;11261076;DELETE
;;10554879;DELETE
;;8357432;DELETE
;;NB-8300759c00d90---1;DELETE
;;10556721;DELETE
;;8363870;DELETE
;;8335156;DELETE
;;10553296;DELETE
;;10552111;DELETE
;;10550926;DELETE
;;8335139;DELETE
;;11261516;DELETE
;;8365572;DELETE
;;8350271;DELETE
;;8345091;DELETE
;;11261148;DELETE
;;8361150;DELETE
;;10551030;DELETE
;;8365967;DELETE
;;11261701;DELETE
;;10555835;DELETE
;;11261221;DELETE
;;10555629;DELETE
;;8341984;DELETE
;;10551880;DELETE
;;10553817;DELETE
;;8342961;DELETE
;;11261461;DELETE
;;10556731;DELETE
;;10552607;DELETE
;;NB-8300147A5747---7;DELETE
;;8354960;DELETE
;;8333076;DELETE
;;NB-8300664da5455---17;DELETE
;;8361151;DELETE
;;NB-8300729705092---6;DELETE
;;11261683;DELETE
;;8354641;DELETE
;;8341439;DELETE
;;8351310;DELETE
;;11261008;DELETE
;;10551503;DELETE
;;10555456;DELETE
;;8337492;DELETE
;;8361126;DELETE
;;NB-8300664da5455---1;DELETE
;;10553823;DELETE
;;10552912;DELETE
;;10556736;DELETE
;;8342478;DELETE
;;8346904;DELETE
;;10554014;DELETE
;;11261226;DELETE
;;8365495;DELETE
;;11261215;DELETE
;;10556061;DELETE
;;NB-8300664da5455---18;DELETE
;;8332768;DELETE
;;11260882;DELETE
;;11261686;DELETE
;;10556926;DELETE
;;8359211;DELETE
;;8345859;DELETE
;;8350769;DELETE
;;10552251;DELETE
;;10555564;DELETE
;;8337489;DELETE
;;8355837;DELETE
;;8365094;DELETE
;;8359188;DELETE
;;8354647;DELETE
;;8333749;DELETE
;;8334642;DELETE
;;8341140;DELETE
;;10552249;DELETE
;;8360034;DELETE
;;10552810;DELETE
;;NB-8300664da5455---5;DELETE
;;10551867;DELETE
;;10552381;DELETE
;;8358012;DELETE
;;10551741;DELETE
;;8364060;DELETE
;;10556974;DELETE
;;8354963;DELETE
;;NB-8300297cb8d17---3;DELETE
;;10552636;DELETE
;;8335357;DELETE
;;10552068;DELETE
;;8341649;DELETE
;;8355000;DELETE
;;8348630;DELETE
;;10556081;DELETE
;;8359213;DELETE
;;8341999;DELETE
;;8354652;DELETE
;;10554824;DELETE
;;11261331;DELETE
;;8359512;DELETE
;;11261456;DELETE
;;8360264;DELETE
;;10556056;DELETE
;;NB-8300664da5455---6;DELETE
;;10555366;DELETE
;;10555946;DELETE
;;8336426;DELETE
;;8362136;DELETE
;;8350431;DELETE
;;10554322;DELETE
;;8333080;DELETE
;;11260926;DELETE
;;8361098;DELETE
;;8351398;DELETE
;;10551841;DELETE
;;10551753;DELETE
;;8334157;DELETE
;;10554408;DELETE
;;8345568;DELETE
;;10555449;DELETE
;;8363848;DELETE
;;8361123;DELETE
;;11261151;DELETE
;;8347526;DELETE
;;8338908;DELETE
;;8338855;DELETE
;;8335363;DELETE
;;10555928;DELETE
;;8352273;DELETE
;;10553894;DELETE
;;10551063;DELETE
;;11261726;DELETE
;;10553796;DELETE
;;8339073;DELETE
;;8351304;DELETE
;;NB-8300147A5747---3;DELETE
;;11260869;DELETE
;;8347506;DELETE
;;8339072;DELETE
;;8364113;DELETE
;;8338405;DELETE
;;8346557;DELETE
;;8350270;DELETE
;;8335367;DELETE
;;10552948;DELETE
;;8343552;DELETE
;;8339587;DELETE
;;10552198;DELETE
;;8348019;DELETE
;;10551550;DELETE
;;10556662;DELETE
;;NB-8300729705092---8;DELETE
;;10552248;DELETE
;;NB-83002695d0c44---6;DELETE
;;8365494;DELETE
;;8363496;DELETE
;;8357968;DELETE
;;8353666;DELETE
;;8351784;DELETE
;;8336980;DELETE
;;NB-8300664da5455---23;DELETE
;;8343571;DELETE
;;10553055;DELETE
;;8361099;DELETE
;;8344237;DELETE
;;8340469;DELETE
;;8347527;DELETE
;;8337324;DELETE
;;8333075;DELETE
;;8357435;DELETE
;;8335362;DELETE
;;8332773;DELETE
;;11261147;DELETE
;;10554788;DELETE
;;11261462;DELETE
;;NB-8300147A5747---10;DELETE
;;NB-8300664da5455---20;DELETE
;;NB-8300297cb8d17---2;DELETE
;;8341740;DELETE
;;8337576;DELETE
;;10552093;DELETE
;;10552621;DELETE
;;8345090;DELETE
;;11261329;DELETE
;;8342607;DELETE
;;8359203;DELETE
;;8349982;DELETE
;;NB-8300664da5455---13;DELETE
;;8341407;DELETE
;;NB-83002695d0c44---0;DELETE
;;8354637;DELETE
;;8348633;DELETE
;;10555686;DELETE
;;10555923;DELETE
;;11261111;DELETE
;;8359515;DELETE
;;8336512;DELETE
;;10550965;DELETE
;;8359766;DELETE
;;10551600;DELETE
;;8341747;DELETE
;;8335368;DELETE
;;8345810;DELETE
;;8341983;DELETE
;;8359514;DELETE
;;11261657;DELETE
;;11261109;DELETE
;;11260875;DELETE
;;8362182;DELETE
;;10551764;DELETE
;;8346073;DELETE
;;8349980;DELETE
;;8334646;DELETE
;;8354621;DELETE
;;10552498;DELETE
;;10557152;DELETE
;;8342118;DELETE
;;10551772;DELETE
;;8338904;DELETE
;;10551959;DELETE
;;10552784;DELETE
;;8360586;DELETE
;;10556520;DELETE
;;11261039;DELETE
;;10552637;DELETE
;;NB-8300297cb8d17---7;DELETE
;;10550922;DELETE
;;11261458;DELETE
;;8359513;DELETE
;;8354642;DELETE
;;8343494;DELETE
;;8352799;DELETE
;;NB-8300297cb8d17---5;DELETE
;;10551734;DELETE
;;10551667;DELETE
;;11261333;DELETE
;;NB-8300349a07547---0;DELETE
;;8355276;DELETE
;;8338905;DELETE
;;8346428;DELETE
;;11260881;DELETE
;;10554697;DELETE
;;8351402;DELETE
;;10551977;DELETE
;;10553121;DELETE
;;8361245;DELETE
;;10551035;DELETE
;;8354650;DELETE
;;8347509;DELETE
;;8339400;DELETE
;;8345566;DELETE
;;10553124;DELETE
;;8345573;DELETE
;;10554189;DELETE
;;NB-8300147A5747---1;DELETE
;;8337006;DELETE
;;8337323;DELETE
;;8353650;DELETE
;;8342963;DELETE
;;10555652;DELETE
;;8361101;DELETE
;;10555741;DELETE
;;10556110;DELETE
;;8364711;DELETE
;;8338907;DELETE
;;8345571;DELETE
;;11261463;DELETE
;;10553920;DELETE
;;11261224;DELETE
;;10552471;DELETE
;;8339846;DELETE
;;8362185;DELETE
;;11261146;DELETE
;;11261074;DELETE
;;10551525;DELETE
;;8361340;DELETE
;;8352804;DELETE
;;NB-8300664da5455---4;DELETE
;;8341437;DELETE
;;8336527;DELETE
;;8360259;DELETE
;;11261217;DELETE
;;11261225;DELETE
;;10555065;DELETE
;;10553151;DELETE
;;10550966;DELETE
;;10553515;DELETE
;;NB-83002695d0c44---2;DELETE
;;8354936;DELETE
;;10551103;DELETE
;;8356139;DELETE
;;10554953;DELETE
;;NB-8300297cb8d17---4;DELETE
;;8336479;DELETE
;;8332136;DELETE
;;8335161;DELETE
;;11261222;DELETE
;;10552625;DELETE
;;10553065;DELETE
;;8350274;DELETE
;;8357868;DELETE
;;8337962;DELETE
;;8361239;DELETE
;;8352802;DELETE
;;10552701;DELETE
;;8352801;DELETE
;;10556497;DELETE
;;10555452;DELETE
;;10551101;DELETE
;;10552195;DELETE
;;10551034;DELETE
;;8341141;DELETE
;;8359519;DELETE
;;11261667;DELETE
;;8365493;DELETE
;;11261393;DELETE
;;8357865;DELETE
;;10553281;DELETE
;;10552876;DELETE
;;11261763;DELETE
;;11261245;DELETE
;;10551760;DELETE
;;10553140;DELETE
;;10555219;DELETE
;;10553995;DELETE
;;8344234;DELETE
;;8335366;DELETE
;;8363872;DELETE
;;10553206;DELETE
;;10551648;DELETE
;;8364052;DELETE
;;8342989;DELETE
;;10556933;DELETE
;;11260873;DELETE
;;8336478;DELETE
;;10551342;DELETE
;;8359758;DELETE
;;8349985;DELETE
;;8342508;DELETE
;;8348037;DELETE
;;8361243;DELETE
;;8343809;DELETE
;;8341137;DELETE
;;11261190;DELETE
;;11261651;DELETE
;;NB-83007586fb030---0;DELETE
;;8346666;DELETE
;;8365492;DELETE
;;8335358;DELETE
;;10555117;DELETE
;;10552208;DELETE
;;8363847;DELETE
;;10552386;DELETE
;;11261396;DELETE
;;10554838;DELETE
;;8361097;DELETE
;;8341618;DELETE
;;8358599;DELETE
;;8352807;DELETE
;;10550927;DELETE
;;8361095;DELETE
;;10557852;DELETE
;;11261397;DELETE
;;10552167;DELETE
;;8361148;DELETE
;;8352271;DELETE
;;8343010;DELETE
;;8354962;DELETE
;;8357167;DELETE
;;8365008;DELETE
;;8354646;DELETE
;;10550740;DELETE
;;11261741;DELETE
;;8340545;DELETE
;;8348018;DELETE
;;8345565;DELETE
;;8354645;DELETE
;;8361657;DELETE
;;NB-8300147A5747---8;DELETE
;;8340544;DELETE
;;NB-8300729705092---3;DELETE
;;10553239;DELETE
;;8346665;DELETE
;;NB-8300297cb8d17---6;DELETE
;;10552940;DELETE
;;10556537;DELETE
;;8344920;DELETE
;;10552262;DELETE
;;11261689;DELETE
;;8364014;DELETE
;;NB-8300664da5455---7;DELETE
;;11261188;DELETE
;;8335369;DELETE
;;8335365;DELETE
;;10552056;DELETE
;;8354653;DELETE
;;11261187;DELETE
;;NB-8300729705092---0;DELETE
;;8363874;DELETE
;;8338857;DELETE
;;10555576;DELETE
;;NB-830082b4749---0;DELETE
;;8351027;DELETE
;;8356237;DELETE
;;10551656;DELETE
;;NB-8300219b2f099---4;DELETE
;;11261210;DELETE
;;NB-830065996b686---0;DELETE
;;8353668;DELETE
;;8348629;DELETE
;;11261244;DELETE
;;8356236;DELETE
;;10551553;DELETE
;;10551662;DELETE
;;8341143;DELETE
;;10552252;DELETE
;;8333861;DELETE
;;10556005;DELETE
;;11261110;DELETE
;;10555088;DELETE
;;11260999;DELETE
;;8358716;DELETE
;;10557419;DELETE
;;8333004;DELETE
;;8350451;DELETE
;;8365095;DELETE
;;8361679;DELETE
;;8350889;DELETE
;;8342162;DELETE
;;10552356;DELETE
;;10552942;DELETE
;;8363845;DELETE
;;10552821;DELETE
;;8350269;DELETE
;;8357209;DELETE
;;10554682;DELETE
;;8359207;DELETE
;;10552786;DELETE
;;10553064;DELETE
;;11261267;DELETE
;;8344213;DELETE
;;8357864;DELETE
;;8337038;DELETE
;;8331431;DELETE
;;11261685;DELETE
;;8351025;DELETE
;;8334145;DELETE
;;8346663;DELETE
;;10551564;DELETE
;;8345092;DELETE
;;10554772;DELETE
;;8336509;DELETE
;;10556450;DELETE
;;8355275;DELETE
;;8361124;DELETE
;;8345572;DELETE
;;10553374;DELETE
;;10556004;DELETE
;;8339399;DELETE
;;10551668;DELETE
;;8341138;DELETE
;;11261643;DELETE
;;11261186;DELETE
;;10552756;DELETE
;;8360032;DELETE
;;8356235;DELETE
;;11261394;DELETE
;;10554843;DELETE
;;8357350;DELETE
;;10552792;DELETE
;;11261387;DELETE
;;8350538;DELETE
;;8345340;DELETE
;;10553271;DELETE
;;8355841;DELETE
;;11260925;DELETE
;;8347620;DELETE
;;10556062;DELETE
;;10551139;DELETE
;;10554112;DELETE
;;10557095;DELETE
;;NB-8300664da5455---10;DELETE
;;10555336;DELETE
;;10557199;DELETE
;;10554674;DELETE
;;10552457;DELETE
;;11260934;DELETE
;;8361244;DELETE
;;8331430;DELETE
;;10555581;DELETE
;;NB-830021ed6f19---0;DELETE
;;10554950;DELETE
;;10553019;DELETE
;;8365509;DELETE
;;8365007;DELETE
;;8333870;DELETE
;;10551371;DELETE
;;10553073;DELETE
;;8350296;DELETE
;;10551991;DELETE
;;8355277;DELETE
;;10551121;DELETE
;;NB-8300798fb1c52---0;DELETE
;;8339507;DELETE
;;11261072;DELETE
;;10553820;DELETE
;;8351400;DELETE
;;8350545;DELETE
;;8345917;DELETE
;;8360587;DELETE
;;8356121;DELETE
;;10554766;DELETE
;;10551988;DELETE
;;8332770;DELETE
;;10552340;DELETE
;;8346074;DELETE
;;8333100;DELETE
;;8343550;DELETE
;;8345094;DELETE
;;10554130;DELETE
;;8358684;DELETE
;;8335729;DELETE
;;10551632;DELETE
;;10552638;DELETE
;;8354959;DELETE
;;8344238;DELETE
;;10554760;DELETE
;;10555081;DELETE
;;10556516;DELETE
;;8360582;DELETE
;;8349277;DELETE
;;8352270;DELETE
;;10557403;DELETE
;;8349753;DELETE
;;NB-8300664da5455---8;DELETE
;;10555421;DELETE
;;8336982;DELETE
;;10552144;DELETE
;;8340590;DELETE
;;8339978;DELETE
;;10554323;DELETE
;;10551855;DELETE
;;8337322;DELETE
;;11261248;DELETE
;;11260933;DELETE
;;10554013;DELETE
;;8355185;DELETE
;;10555543;DELETE
;;8351308;DELETE
;;10552459;DELETE
;;10556348;DELETE
;;8341440;DELETE
;;10552451;DELETE
;;10553105;DELETE
;;8357869;DELETE
;;8342991;DELETE
;;11260908;DELETE
;;10551622;DELETE
;;8346664;DELETE
;;10552112;DELETE
;;8355274;DELETE
;;10551979;DELETE
;;10557508;DELETE
;;8364401;DELETE
;;10554647;DELETE
;;8333079;DELETE
;;8359189;DELETE
;;10554434;DELETE
;;10550998;DELETE
;;10551944;DELETE
;;10557498;DELETE
;;10553373;DELETE
;;8332736;DELETE
;;10555235;DELETE
;;8346977;DELETE
;;10551898;DELETE
;;10552109;DELETE
;;8346157;DELETE
;;10552057;DELETE
;;8348631;DELETE
;;8337845;DELETE
;;8341438;DELETE
;;NB-8300147A5747---12;DELETE
;;8333871;DELETE
;;8364707;DELETE
;;11261453;DELETE
;;11261232;DELETE
;;10552318;DELETE
;;8332253;DELETE
;;8353669;DELETE
;;10550882;DELETE
;;10551740;DELETE
;;10556505;DELETE
;;10554588;DELETE
;;8361127;DELETE
;;8357192;DELETE
;;10556747;DELETE
;;8337491;DELETE
;;8335140;DELETE
;;10553294;DELETE
;;8333360;DELETE
;;8357412;DELETE
;;8346437;DELETE
;;10551606;DELETE
;;11260877;DELETE
;;10557684;DELETE
;;NB-830013B4667---0;DELETE
;;8360254;DELETE
;;10551670;DELETE
;;11261391;DELETE
;;11261243;DELETE
;;11261642;DELETE
;;10551666;DELETE
;;8349276;DELETE
;;11261073;DELETE
;;10555973;DELETE
;;8361241;DELETE
;;8343811;DELETE
;;10552021;DELETE
;;8347077;DELETE
;;8341093;DELETE
;;10554190;DELETE
;;8359690;DELETE
;;11261654;DELETE
;;8350888;DELETE
;;11261690;DELETE
;;10553751;DELETE
;;8342211;DELETE
;;NB-8300729705092---5;DELETE
;;8364710;DELETE
;;10556572;DELETE
;;8357431;DELETE
;;10555342;DELETE
;;11261390;DELETE
;;8343572;DELETE
;;10555639;DELETE
;;8365508;DELETE
;;10556071;DELETE
;;8365986;DELETE
;;8345544;DELETE
;;10552368;DELETE
;;10556735;DELETE
;;8356658;DELETE
;;10550944;DELETE
;;8341748;DELETE
;;10556744;DELETE
;;8360581;DELETE
;;8355836;DELETE
;;10551791;DELETE
;;11261389;DELETE
;;8349971;DELETE
;;8362183;DELETE
;;8338885;DELETE
;;11261656;DELETE
;;10552865;DELETE
;;8363873;DELETE
;;8341363;DELETE
;;8362875;DELETE
;;11260884;DELETE
;;8364402;DELETE
;;8366006;DELETE
;;10556502;DELETE
;;10554498;DELETE
;;NB-8300147A5747---6;DELETE
;;8351949;DELETE
;;8349952;DELETE
;;10554750;DELETE
;;10556493;DELETE
;;8348038;DELETE
;;8364695;DELETE
;;8363844;DELETE
;;11261652;DELETE
;;8347528;DELETE
;;8343553;DELETE
;;11261220;DELETE
;;8356234;DELETE
;;10552334;DELETE
;;8338406;DELETE
;;10556284;DELETE
;;8361240;DELETE
;;8355839;DELETE
;;NB-83002695d0c44---4;DELETE
;;8335359;DELETE
;;10551107;DELETE
;;10554191;DELETE
;;10552807;DELETE
;;NB-8300299837516---4;DELETE
;;11261653;DELETE
;;10556707;DELETE
;;10553797;DELETE
;;10551657;DELETE
;;NB-8300147A5747---5;DELETE
;;8334143;DELETE
;;11261758;DELETE
;;8345512;DELETE
;;11261459;DELETE
;;11260886;DELETE
;;10556503;DELETE
;;10553279;DELETE
;;8343527;DELETE
;;11261230;DELETE
;;8349987;DELETE
;;8345561;DELETE
;;8360585;DELETE
;;10557170;DELETE
;;10556341;DELETE
;;8360033;DELETE
;;8345820;DELETE
;;8338404;DELETE
;;10551659;DELETE
;;8351280;DELETE
;;10550851;DELETE
;;10552182;DELETE
;;8334819;DELETE
;;8357193;DELETE
;;10555265;DELETE
;;NB-8300664da5455---9;DELETE
;;NB-8300219b2f099---5;DELETE
;;8354644;DELETE
;;8358671;DELETE
;;8345569;DELETE
;;11261212;DELETE
;;10551459;DELETE
;;10552458;DELETE
;;10554432;DELETE
;;8333269;DELETE
;;8364114;DELETE
;;10551929;DELETE
;;8355201;DELETE
;;11260930;DELETE
;;10552522;DELETE
;;10552622;DELETE
;;11260870;DELETE
;;8364115;DELETE
;;8366007;DELETE
;;8349986;DELETE
;;10551508;DELETE
;;8352451;DELETE
;;8361341;DELETE
;;NB-8300664da5455---22;DELETE
;;11260890;DELETE
;;NB-83001773a739---0;DELETE
;;11261152;DELETE
;;11261451;DELETE
;;8357434;DELETE
;;8339074;DELETE
;;8342506;DELETE
;;11261757;DELETE
;;8354651;DELETE
;;NB-8300299837516---0;DELETE
;;8352218;DELETE
;;8349983;DELETE
;;11260872;DELETE
;;8354635;DELETE
;;8332254;DELETE
;;10553293;DELETE
;;10552785;DELETE
;;10556975;DELETE
;;8359479;DELETE
;;10556011;DELETE
;;10552420;DELETE
;;10553067;DELETE
;;NB-8300664da5455---24;DELETE
;;10556482;DELETE
;;NB-830080680eb62---0;DELETE
;;8350766;DELETE
;;10553527;DELETE
;;8346439;DELETE
;;8338989;DELETE
;;8335142;DELETE
;;8334155;DELETE
;;10554068;DELETE
;;10552378;DELETE
;;10555734;DELETE
;;8359668;DELETE
;;NB-8300219b2f099---1;DELETE
;;8362184;DELETE
;;10552780;DELETE
;;11261702;DELETE
;;8359209;DELETE
;;8357351;DELETE
;;10551861;DELETE
;;8336979;DELETE
;;8364712;DELETE
;;8360156;DELETE
;;10556073;DELETE
;;8364058;DELETE
;;10556851;DELETE
;;8342507;DELETE
;;10557751;DELETE
;;8348036;DELETE
;;8331432;DELETE
;;8335884;DELETE
;;NB-8300664da5455---25;DELETE
;;10552200;DELETE
;;11261380;DELETE
;;11261694;DELETE
;;8336308;DELETE
;;11261655;DELETE
;;8364699;DELETE
;;10555621;DELETE
;;8357867;DELETE
;;10552041;DELETE
;;8333103;DELETE
;;10552075;DELETE
;;10553101;DELETE
;;10556793;DELETE
;;8341436;DELETE
;;NB-8300664da5455---14;DELETE
;;11260871;DELETE
;;10551551;DELETE
;;11261191;DELETE
;;8359518;DELETE
;;10551002;DELETE
;;10554917;DELETE
;;10555489;DELETE
;;8333276;DELETE
;;10553981;DELETE
;;10554989;DELETE
;;8365005;DELETE
;;10555680;DELETE
;;8345370;DELETE
;;8341470;DELETE
;;8360680;DELETE
;;10555220;DELETE
;;11261698;DELETE
;;8365009;DELETE
;;8351301;DELETE
;;11261699;DELETE
;;8334608;DELETE
;;8349946;DELETE
;;8338484;DELETE
;;8364122;DELETE
;;8345567;DELETE
;;8345563;DELETE
;;10552746;DELETE
;;8350273;DELETE
;;10553986;DELETE
;;8365987;DELETE
;;NB-8300664da5455---0;DELETE
;;11261328;DELETE
;;8361100;DELETE
;;8338403;DELETE
;;8360261;DELETE
;;8335364;DELETE
;;8347508;DELETE
;;10551975;DELETE
;;8363001;DELETE
;;10551765;DELETE
;;8345556;DELETE
;;8332769;DELETE
;;8349970;DELETE
;;8335361;DELETE
;;10550969;DELETE
;;10555598;DELETE
;;8365571;DELETE
;;8333869;DELETE
;;10550834;DELETE
;;11261145;DELETE
;;10551100;DELETE
;;8338977;DELETE
;;11260887;DELETE
;;8365507;DELETE
;;11261649;DELETE
;;8348171;DELETE
;;8335332;DELETE
;;10554587;DELETE
;;10556959;DELETE
;;8349984;DELETE
;;8364061;DELETE
;;8333862;DELETE
;;8357194;DELETE
;;NB-8300299837516---6;DELETE
;;8334243;DELETE
;;8349948;DELETE
;;8337858;DELETE
;;8332772;DELETE
;;11261228;DELETE
;;8350452;DELETE
;;10552428;DELETE
;;10552052;DELETE
;;10554192;DELETE
;;8361242;DELETE
;;8359543;DELETE
;;NB-8300219b2f099---3;DELETE
;;8360159;DELETE
;;8332703;DELETE
;;8339588;DELETE
;;10554011;DELETE
;;8349924;DELETE
;;NB-83002695d0c44---5;DELETE
;;10556203;DELETE
;;10554885;DELETE
;;NB-8300729705092---2;DELETE
;;10554186;DELETE
;;8349364;DELETE
;;8341468;DELETE
;;10552572;DELETE
;;8339407;DELETE
;;10551603;DELETE
;;10552767;DELETE
;;8348061;DELETE
;;8336981;DELETE
;;8336528;DELETE
;;11261700;DELETE
;;8343573;DELETE
;;10554254;DELETE
;;10557344;DELETE
;;11261601;DELETE
;;10556589;DELETE
;;8332255;DELETE
;;8352975;DELETE
;;10556269;DELETE
;;10555507;DELETE
;;10551563;DELETE
;;10553324;DELETE
;;NB-8300297cb8d17---1;DELETE
;;10554137;DELETE
;;10552066;DELETE
;;NB-8300664da5455---3;DELETE
;;10550883;DELETE
;;8337860;DELETE
;;10554278;DELETE
;;8346156;DELETE
;;8334820;DELETE
;;8366008;DELETE
;;8342608;DELETE
;;8333268;DELETE
;;10553684;DELETE
;;8345887;DELETE
;;11261464;DELETE
;;8354998;DELETE
;;11261692;DELETE
;;10555905;DELETE
;;11261246;DELETE
;;8341647;DELETE
;;NB-8300299837516---2;DELETE
;;11261392;DELETE
;;8334156;DELETE
;;10555599;DELETE
;;8349925;DELETE
;;8351399;DELETE
;;8338379;DELETE
;;NB-8300729705092---11;DELETE
;;10551430;DELETE
;;10553816;DELETE
;;8356120;DELETE
;;11261009;DELETE
;;8345564;DELETE
;;8363495;DELETE
;;8357208;DELETE
;;8349253;DELETE
;;10557146;DELETE
;;NB-8300664da5455---2;DELETE
;;10552059;DELETE
;;11261330;DELETE
;;NB-8300729705092---7;DELETE
;;10557683;DELETE
;;8334628;DELETE
;;8365096;DELETE
;;8333102;DELETE
;;10552283;DELETE
;;11260883;DELETE
;;11261223;DELETE
;;10552053;DELETE
