Projectnummer;Opdrachtnummer;Blok;Cluster NR;Building FID;LAM MK;BG Id;BG Name;Straat;Huisnummer;Huisnummer Toevoeging;Quadrant;SSV Date;Surveyor;Buildingtype;NR BU;NR LU;NR SU;UNITS TOTAL;Opdrachttemplate
KNOKKE-HEIST - FH08;317284;BL0810;;31668026;317284;;Azalealaan 2_Meerlaan 139;Azalealaan;2;;;;Geert Stockman;MDU;0;1;0;1;BUILDING template
KNOKKE-HEIST - FH08;12834;BL0810;;31667779;12834;;Azalealaan 2_Meerlaan 139;Meerlaan;139;;;;Geert Stockman;SDU;0;1;0;1;BUILDING template
KNOKKE-HEIST - FH08;2759496;BL0819;;31667908;2759496;;Eeuwfeestlaan 42-44;Eeuwfeestlaan;42;;;;Geert Stockman;MDU;0;3;0;3;BUILDING template
KNOKKE-HEIST - FH08;2759498;BL0819;;33593097;2759498;;Eeuwfeestlaan 42-44;Eeuwfeestlaan;44;;;;Geert Stockman;MDU;0;6;0;6;BUILDING template
KNOKKE-HEIST - FH08;5579360;BL0809;;31668198;5579360;;Elizabetlaan 206-208;Elizabetlaan;206;;;;Hidde Kiekens;MDU;0;7;1;8;BUILDING template
KNOKKE-HEIST - FH08;245254;BL0809;;33593103;245254;;Elizabetlaan 206-208;Elizabetlaan;208;;;;Hidde Kiekens;MDU;0;7;1;8;BUILDING template
KNOKKE-HEIST - FH08;317236;BL0806;;31668010;317236;;Elizabetlaan 209_Zeerobbenlaan 16;Zeerobbenlaan;16;;;;Geert Stockman;MDU;1;0;0;1;BUILDING template
KNOKKE-HEIST - FH08;317247;BL0806;;31668015;317247;;Elizabetlaan 209_Zeerobbenlaan 16;Elizabetlaan;209;;;;Geert Stockman;SDU;1;0;0;1;BUILDING template
KNOKKE-HEIST - FH08;12938;BL0807;;31667801;12938;;Elizabetlaan 219_Rozenlaan 12;Elizabetlaan;219;;;;Hidde Kiekens;MDU;0;1;0;1;BUILDING template
KNOKKE-HEIST - FH08;6399215;BL0807;;33593061;6399215;;Elizabetlaan 219_Rozenlaan 12;Rozenlaan;12;;;;Hidde Kiekens;MDU;0;1;0;1;BUILDING template
KNOKKE-HEIST - FH08;319487;BL0808;;33593052;319487;;Elizabetlaan 223_Paul Van Der Meerschenlaan 14;Paul Van der Meerschenlaan;14;;;;Hidde Kiekens;MDU;1;0;0;1;BUILDING template
KNOKKE-HEIST - FH08;319466;BL0808;;31668064;319466;;Elizabetlaan 223_Paul Van Der Meerschenlaan 14;Elizabetlaan;223;;;;Hidde Kiekens;MDU;1;0;0;1;BUILDING template
KNOKKE-HEIST - FH08;4346136;BL0808;;31668179;4346136;;Jozef Nellenslaan 42-44;Jozef Nellenslaan;42;;;;Hidde Kiekens;MDU;0;1;0;1;BUILDING template
KNOKKE-HEIST - FH08;4346137;BL0808;;31668180;4346137;;Jozef Nellenslaan 42-44;Jozef Nellenslaan;44;;;;Hidde Kiekens;MDU;0;1;0;1;BUILDING template
KNOKKE-HEIST - FH08;319479;BL0801;;1804896;319479;;Jozef Nellenslaan 49-51;Jozef Nellenslaan;49;;;;Maayken Vanfleteren;MDU;1;0;0;1;BUILDING template
KNOKKE-HEIST - FH08;6524227;BL0801;;33593054;6524227;;Jozef Nellenslaan 49-51;Jozef Nellenslaan;51;;;;Maayken Vanfleteren;MDU;0;9;1;10;BUILDING template
KNOKKE-HEIST - FH08;4344979;BL0807;;31668168;4344979;;Jozef Nellenslaan 64-66;Jozef Nellenslaan;64;;;;Hidde Kiekens;MDU;0;1;0;1;BUILDING template
KNOKKE-HEIST - FH08;2764270;BL0807;;31667973;2764270;;Jozef Nellenslaan 64-66;Jozef Nellenslaan;66;;;;Hidde Kiekens;MDU;0;1;0;1;BUILDING template
KNOKKE-HEIST - FH08;2764271;BL0807;;31667974;2764271;;Jozef Nellenslaan 68-70;Jozef Nellenslaan;68;;;;Hidde Kiekens;MDU;0;1;0;1;BUILDING template
KNOKKE-HEIST - FH08;2764272;BL0807;;31667975;2764272;;Jozef Nellenslaan 68-70;Jozef Nellenslaan;70;;;;Hidde Kiekens;MDU;0;1;0;1;BUILDING template
KNOKKE-HEIST - FH08;2764278;BL0806;;31667978;2764278;;Jozef Nellenslaan 76-78;Jozef Nellenslaan;78;;;;Geert Stockman;MDU;0;1;0;1;BUILDING template
KNOKKE-HEIST - FH08;317250;BL0806;;31668017;317250;;Jozef Nellenslaan 76-78;Jozef Nellenslaan;76;;;;Geert Stockman;SDU;0;1;0;1;BUILDING template
KNOKKE-HEIST - FH08;2764285;BL0802;;31667980;2764285;;Jozef Nellenslaan 89-91-93;Jozef Nellenslaan;89;;;;Maayken Vanfleteren;MDU;0;8;1;9;BUILDING template
KNOKKE-HEIST - FH08;245273;BL0802;;33593058;245273;;Jozef Nellenslaan 89-91-93;Jozef Nellenslaan;93;;;;Maayken Vanfleteren;MDU;0;8;1;9;BUILDING template
KNOKKE-HEIST - FH08;2764288;BL0802;;33593056;2764288;;Jozef Nellenslaan 89-91-93;Jozef Nellenslaan;91;;;;Maayken Vanfleteren;MDU;0;1;0;1;BUILDING template
KNOKKE-HEIST - FH08;5579458;BL0801;;31668200;5579458;;Lentelaan 13-15;Lentelaan;13;;;;Maayken Vanfleteren;MDU;1;0;0;1;BUILDING template
KNOKKE-HEIST - FH08;319476;BL0801;;33593047;319476;;Lentelaan 13-15;Lentelaan;15;;;;Maayken Vanfleteren;MDU;0;9;1;10;BUILDING template
KNOKKE-HEIST - FH08;2762731;BL0801;;31667952;2762731;;Lentelaan 7-9;Lentelaan;7;;;;Maayken Vanfleteren;MDU;0;1;0;1;BUILDING template
KNOKKE-HEIST - FH08;2762733;BL0801;;33593046;2762733;;Lentelaan 7-9;Lentelaan;9;;;;Maayken Vanfleteren;MDU;0;6;1;7;BUILDING template
KNOKKE-HEIST - FH08;317511;BL0804;;31668053;317511;;Jozef Nellenslaan 107_Zeerobbenlaan 7-9;Jozef Nellenslaan;107;;;;Geert Stockman;MDU;0;22;1;23;BUILDING template
KNOKKE-HEIST - FH08;317516;BL0804;;31668056;317516;;Jozef Nellenslaan 107_Zeerobbenlaan 7-9;Zeerobbenlaan;7;;;;Geert Stockman;MDU;0;14;1;15;BUILDING template
KNOKKE-HEIST - FH08;NB-83019e17111;;;;NB-83019e17111;;Jozef Nellenslaan 107_Zeerobbenlaan 7-9;Zeerobbenlaan;9;;;2020-05-12;Geert Stockman;MDU;0;17;1;18;BUILDING template
KNOKKE-HEIST - FH08;5579496;BL0801;;33593051;5579496;;Paul Van Der Meerschenlaan 4-6;Paul Van der Meerschenlaan;6;;;;Maayken Vanfleteren;MDU;0;1;0;1;BUILDING template
KNOKKE-HEIST - FH08;319485;BL0801;;31668075;319485;;Paul Van Der Meerschenlaan 4-6;Paul Van der Meerschenlaan;4;;;;Maayken Vanfleteren;MDU;0;11;1;12;BUILDING template
KNOKKE-HEIST - FH08;2757808;BL0803;;33593083;2757808;;Rozenlaan 1_Zeedijk-Albertstrand 466-467-468_Zeerobbenlaan 4;Zeedijk-Albertstrand;466;;;;Maayken Vanfleteren;MDU;0;21;0;21;BUILDING template
KNOKKE-HEIST - FH08;2757812;BL0803;;33593084;2757812;;Rozenlaan 1_Zeedijk-Albertstrand 466-467-468_Zeerobbenlaan 4;Zeedijk-Albertstrand;467;;;;Maayken Vanfleteren;MDU;0;22;1;23;BUILDING template
KNOKKE-HEIST - FH08;317245;BL0803;;33593059;317245;;Rozenlaan 1_Zeedijk-Albertstrand 466-467-468_Zeerobbenlaan 4;Rozenlaan;1;;;;Maayken Vanfleteren;MDU;0;18;1;19;BUILDING template
KNOKKE-HEIST - FH08;317248;BL0803;;33593085;317248;;Rozenlaan 1_Zeedijk-Albertstrand 466-467-468_Zeerobbenlaan 4;Zeedijk-Albertstrand;468;;;;Maayken Vanfleteren;MDU;0;22;1;23;BUILDING template
KNOKKE-HEIST - FH08;5579579;BL0803;;33593064;5579579;;Rozenlaan 1_Zeedijk-Albertstrand 466-467-468_Zeerobbenlaan 4;Zeerobbenlaan;4;;;;Maayken Vanfleteren;MDU;0;17;1;18;BUILDING template
KNOKKE-HEIST - FH08;245261;BL0802;;33593060;245261;;Rozenlaan 2_Zeedijk-Albertstrand 464-465;Rozenlaan;2;;;;Maayken Vanfleteren;MDU;0;16;1;17;BUILDING template
KNOKKE-HEIST - FH08;245270;BL0802;;33593081;245270;;Rozenlaan 2_Zeedijk-Albertstrand 464-465;Zeedijk-Albertstrand;464;;;;Maayken Vanfleteren;MDU;0;24;1;25;BUILDING template
KNOKKE-HEIST - FH08;5579246;BL0802;;33593082;5579246;;Rozenlaan 2_Zeedijk-Albertstrand 464-465;Zeedijk-Albertstrand;465;;;;Maayken Vanfleteren;MDU;1;0;0;1;BUILDING template
KNOKKE-HEIST - FH08;245265;BL0802;;33593072;245265;;Zeedijk-Albertstrand 452-453;Zeedijk-Albertstrand;452;;;;Maayken Vanfleteren;MDU;0;19;1;20;BUILDING template
KNOKKE-HEIST - FH08;5579243;BL0802;;33593073;5579243;;Zeedijk-Albertstrand 452-453;Zeedijk-Albertstrand;453;;;;Maayken Vanfleteren;MDU;0;19;1;20;BUILDING template
KNOKKE-HEIST - FH08;245268;BL0802;;33593077;245268;;Zeedijk-Albertstrand 460-461;Zeedijk-Albertstrand;460;;;;Maayken Vanfleteren;MDU;1;0;0;1;BUILDING template
KNOKKE-HEIST - FH08;5579244;BL0802;;33593078;5579244;;Zeedijk-Albertstrand 460-461;Zeedijk-Albertstrand;461;;;;Maayken Vanfleteren;MDU;0;8;1;9;BUILDING template
KNOKKE-HEIST - FH08;245269;BL0802;;33593079;245269;;Zeedijk-Albertstrand 462-463;Zeedijk-Albertstrand;462;;;;Maayken Vanfleteren;MDU;0;8;1;9;BUILDING template
KNOKKE-HEIST - FH08;5579245;BL0802;;33593080;5579245;;Zeedijk-Albertstrand 462-463;Zeedijk-Albertstrand;463;;;;Maayken Vanfleteren;MDU;1;0;0;1;BUILDING template
KNOKKE-HEIST - FH08;3939670;BL0803;;31668153;3939670;;Zeerobbenlaan 8-10;Zeerobbenlaan;8;;;;Maayken Vanfleteren;MDU;0;16;1;17;BUILDING template
KNOKKE-HEIST - FH08;317239;BL0803;;33593065;317239;;Zeerobbenlaan 8-10;Zeerobbenlaan;10;;;;Maayken Vanfleteren;MDU;0;11;1;12;BUILDING template
KNOKKE-HEIST - FH08;2757896;BL0809;;31667860;2757896;;;Arcadelaan;19;;;;Hidde Kiekens;SDU;0;1;0;1;BUILDING template
KNOKKE-HEIST - FH08;320223;BL0819;;31668119;320223;;;Kapellaan;49;;;;Geert Stockman;MDU;0;1;0;1;BUILDING template
KNOKKE-HEIST - FH08;2757899;BL0809;;31667861;2757899;;;Arcadelaan;21;;;;Hidde Kiekens;SDU;0;1;0;1;BUILDING template
KNOKKE-HEIST - FH08;320225;BL0818;;31668120;320225;;;Kapellaan;48;;;;Geert Stockman;SDU;0;1;0;1;BUILDING template
KNOKKE-HEIST - FH08;2757902;BL0809;;31667862;2757902;;;Arcadelaan;25;;;;Hidde Kiekens;SDU;0;1;0;1;BUILDING template
KNOKKE-HEIST - FH08;320227;BL0821;;31668121;320227;;;Meerlaan;109;;;;Maayken Vanfleteren;MDU;0;1;0;1;BUILDING template
KNOKKE-HEIST - FH08;2757903;BL0809;;31667863;2757903;;;Arcadelaan;27;;;;Hidde Kiekens;SDU;0;1;0;1;BUILDING template
KNOKKE-HEIST - FH08;320228;BL0820;;31668122;320228;;;Meerlaan;111;;;;Maayken Vanfleteren;SDU;0;1;0;1;BUILDING template
KNOKKE-HEIST - FH08;2757906;BL0809;;31667864;2757906;;;Arcadelaan;31;;;;Hidde Kiekens;SDU;0;1;0;1;BUILDING template
KNOKKE-HEIST - FH08;320230;BL0823;;31668123;320230;;;Eeuwfeestlaan;41;;;;Maayken Vanfleteren;MDU;0;1;0;1;BUILDING template
KNOKKE-HEIST - FH08;2757908;BL0809;;31667865;2757908;;;Arcadelaan;33;;;;Hidde Kiekens;SDU;0;1;0;1;BUILDING template
KNOKKE-HEIST - FH08;320232;BL0821;;31668124;320232;;;Eeuwfeestlaan;39;;;;Maayken Vanfleteren;MDU;0;1;0;1;BUILDING template
KNOKKE-HEIST - FH08;2757914;BL0816;;31667866;2757914;;;Arcadelaan;54;;;;Hidde Kiekens;SDU;0;1;0;1;BUILDING template
KNOKKE-HEIST - FH08;320233;BL0820;;31668125;320233;;;Eeuwfeestlaan;33;;;;Maayken Vanfleteren;SDU;0;1;0;1;BUILDING template
KNOKKE-HEIST - FH08;2757915;BL0815;;31667867;2757915;;;Arcadelaan;60;;;;Hidde Kiekens;SDU;0;1;0;1;BUILDING template
KNOKKE-HEIST - FH08;320234;BL0819;;31668126;320234;;;Eeuwfeestlaan;32;;;;Geert Stockman;MDU;0;1;0;1;BUILDING template
KNOKKE-HEIST - FH08;2757924;BL0811;;31667868;2757924;;;Azalealaan;3;;;;Hidde Kiekens;SDU;0;1;0;1;BUILDING template
KNOKKE-HEIST - FH08;320235;BL0821;;31668127;320235;;;Eeuwfeestlaan;35;;;;Maayken Vanfleteren;SDU;0;1;0;1;BUILDING template
KNOKKE-HEIST - FH08;2757925;BL0810;;31667869;2757925;;;Azalealaan;6;;;;Geert Stockman;MDU;0;1;0;1;BUILDING template
KNOKKE-HEIST - FH08;320236;BL0823;;31668128;320236;;;Eeuwfeestlaan;47;;;;Maayken Vanfleteren;MDU;0;1;0;1;BUILDING template
KNOKKE-HEIST - FH08;2758021;BL0823;;31667870;2758021;;;Begoniapad;3;;;;Maayken Vanfleteren;SDU;0;1;0;1;BUILDING template
KNOKKE-HEIST - FH08;320237;BL0823;;31668129;320237;;;Eeuwfeestlaan;49;;;;Maayken Vanfleteren;MDU;0;1;0;1;BUILDING template
KNOKKE-HEIST - FH08;2758022;BL0822;;31667871;2758022;;;Begoniapad;4;;;;Maayken Vanfleteren;SDU;0;1;0;1;BUILDING template
KNOKKE-HEIST - FH08;320238;BL0821;;31668130;320238;;;Kapellaan;51;;;;Maayken Vanfleteren;MDU;0;1;0;1;BUILDING template
KNOKKE-HEIST - FH08;2758023;BL0823;;31667872;2758023;;;Begoniapad;5;;;;Maayken Vanfleteren;MDU;0;1;0;1;BUILDING template
KNOKKE-HEIST - FH08;320239;BL0822;;31668131;320239;;;Kapellaan;52;;;;Maayken Vanfleteren;SDU;0;1;0;1;BUILDING template
KNOKKE-HEIST - FH08;2758024;BL0822;;31667873;2758024;;;Begoniapad;6;;;;Maayken Vanfleteren;MDU;0;1;0;1;BUILDING template
KNOKKE-HEIST - FH08;320240;BL0822;;31668132;320240;;;Kapellaan;54;;;;Maayken Vanfleteren;SDU;0;1;0;1;BUILDING template
KNOKKE-HEIST - FH08;2758025;BL0823;;31667874;2758025;;;Begoniapad;7;;;;Maayken Vanfleteren;MDU;0;1;0;1;BUILDING template
KNOKKE-HEIST - FH08;320241;BL0821;;31668133;320241;;;Kapellaan;55;;;;Maayken Vanfleteren;SDU;0;1;0;1;BUILDING template
KNOKKE-HEIST - FH08;2758026;BL0822;;31667875;2758026;;;Begoniapad;8;;;;Maayken Vanfleteren;MDU;0;1;0;1;BUILDING template
KNOKKE-HEIST - FH08;320242;BL0823;;31668134;320242;;;Begoniapad;1;;;;Maayken Vanfleteren;SDU;0;1;0;1;BUILDING template
KNOKKE-HEIST - FH08;2758027;BL0822;;31667876;2758027;;;Begoniapad;10;;;;Maayken Vanfleteren;SDU;0;1;0;1;BUILDING template
KNOKKE-HEIST - FH08;320243;BL0823;;31668136;320243;;;Begoniapad;9;;;;Maayken Vanfleteren;SDU;0;1;0;1;BUILDING template
KNOKKE-HEIST - FH08;2758028;BL0816;;31667877;2758028;;;Beiaardlaan;4;;;;Hidde Kiekens;SDU;0;1;0;1;BUILDING template
KNOKKE-HEIST - FH08;320244;BL0822;;31668137;320244;;;Begoniapad;12;;;;Maayken Vanfleteren;SDU;0;1;0;1;BUILDING template
KNOKKE-HEIST - FH08;2758029;BL0815;;31667878;2758029;;;Beiaardlaan;5;;;;Hidde Kiekens;SDU;0;1;0;1;BUILDING template
KNOKKE-HEIST - FH08;320245;BL0822;;31668138;320245;;;Begoniapad;2;;;;Maayken Vanfleteren;SDU;0;1;0;1;BUILDING template
KNOKKE-HEIST - FH08;2758030;BL0815;;31667879;2758030;;;Beiaardlaan;7;;;;Hidde Kiekens;SDU;0;1;0;1;BUILDING template
KNOKKE-HEIST - FH08;320246;BL0821;;31668139;320246;;;Sneppenpad;2;;;;Maayken Vanfleteren;SDU;0;1;0;1;BUILDING template
KNOKKE-HEIST - FH08;2758031;BL0816;;31667880;2758031;;;Beiaardlaan;12;;;;Hidde Kiekens;SDU;0;1;0;1;BUILDING template
KNOKKE-HEIST - FH08;320247;BL0820;;31668140;320247;;;Sneppenpad;3;;;;Maayken Vanfleteren;MDU;0;1;0;1;BUILDING template
KNOKKE-HEIST - FH08;2758032;BL0815;;31667881;2758032;;;Beiaardlaan;13;;;;Hidde Kiekens;SDU;0;1;0;1;BUILDING template
KNOKKE-HEIST - FH08;320248;BL0821;;31668141;320248;;;Sneppenpad;4;;;;Maayken Vanfleteren;SDU;0;1;0;1;BUILDING template
KNOKKE-HEIST - FH08;2758033;BL0816;;31667882;2758033;;;Beiaardlaan;14;;;;Hidde Kiekens;SDU;0;1;0;1;BUILDING template
KNOKKE-HEIST - FH08;320249;BL0820;;31668142;320249;;;Sneppenpad;5;;;;Maayken Vanfleteren;MDU;0;1;0;1;BUILDING template
KNOKKE-HEIST - FH08;2758034;BL0815;;31667884;2758034;;;Beiaardlaan;15;;;;Hidde Kiekens;SDU;0;1;0;1;BUILDING template
KNOKKE-HEIST - FH08;320250;BL0821;;31668143;320250;;;Sneppenpad;6;;;;Maayken Vanfleteren;MDU;0;1;0;1;BUILDING template
KNOKKE-HEIST - FH08;2758035;BL0816;;31667885;2758035;;;Beiaardlaan;18;;;;Hidde Kiekens;SDU;0;1;0;1;BUILDING template
KNOKKE-HEIST - FH08;320258;BL0818;;31668144;320258;;;Acacialaan;27;;;;Geert Stockman;SDU;0;1;0;1;BUILDING template
KNOKKE-HEIST - FH08;2759470;BL0811;;31667886;2759470;;;Eeuwfeestlaan;7;;;;Hidde Kiekens;SDU;0;1;0;1;BUILDING template
KNOKKE-HEIST - FH08;320260;BL0818;;31668145;320260;;;Acacialaan;39;;;;Geert Stockman;MDU;0;1;0;1;BUILDING template
KNOKKE-HEIST - FH08;2759471;BL0811;;31667887;2759471;;;Eeuwfeestlaan;9;;;;Hidde Kiekens;SDU;0;1;0;1;BUILDING template
KNOKKE-HEIST - FH08;320262;BL0824;;31668146;320262;;;Acacialaan;78;;;;Maayken Vanfleteren;SDU;0;1;0;1;BUILDING template
KNOKKE-HEIST - FH08;2759472;BL0812;;31667888;2759472;;;Eeuwfeestlaan;10;;;;Hidde Kiekens;SDU;0;1;0;1;BUILDING template
KNOKKE-HEIST - FH08;320264;BL0824;;31668147;320264;;;Eeuwfeestlaan;66;;;;Maayken Vanfleteren;SDU;0;1;0;1;BUILDING template
KNOKKE-HEIST - FH08;2759473;BL0811;;31667889;2759473;;;Eeuwfeestlaan;11;;;;Hidde Kiekens;SDU;0;1;0;1;BUILDING template
KNOKKE-HEIST - FH08;320266;BL0823;;31668148;320266;;;Eeuwfeestlaan;53;;;;Maayken Vanfleteren;SDU;0;1;0;1;BUILDING template
KNOKKE-HEIST - FH08;2759474;BL0812;;31667890;2759474;;;Eeuwfeestlaan;12;;;;Hidde Kiekens;SDU;0;1;0;1;BUILDING template
KNOKKE-HEIST - FH08;33474;BL0804;;31668149;33474;;;Meerlaan;145;;;;Geert Stockman;MDU;0;26;1;27;BUILDING template
KNOKKE-HEIST - FH08;2759476;BL0811;;31667891;2759476;;;Eeuwfeestlaan;13;;;;Hidde Kiekens;SDU;0;1;0;1;BUILDING template
KNOKKE-HEIST - FH08;3939552;BL0824;;31668151;3939552;;;Eeuwfeestlaan;58;;;;Maayken Vanfleteren;SDU;0;1;0;1;BUILDING template
KNOKKE-HEIST - FH08;2759477;BL0812;;31667892;2759477;;;Eeuwfeestlaan;14;;;;Hidde Kiekens;SDU;0;1;0;1;BUILDING template
KNOKKE-HEIST - FH08;3939617;BL0807;;31668152;3939617;;;Paul Van der Meerschenlaan;11;;;;Hidde Kiekens;MDU;0;2;0;2;BUILDING template
KNOKKE-HEIST - FH08;2759478;BL0811;;31667893;2759478;;;Eeuwfeestlaan;15;;;;Hidde Kiekens;SDU;0;1;0;1;BUILDING template
KNOKKE-HEIST - FH08;2759479;BL0812;;31667894;2759479;;;Eeuwfeestlaan;16;;;;Hidde Kiekens;SDU;0;1;0;1;BUILDING template
KNOKKE-HEIST - FH08;3988549;BL0811;;31668154;3988549;;;Meerlaan;129;;;;Hidde Kiekens;SDU;1;0;0;1;BUILDING template
KNOKKE-HEIST - FH08;2759481;BL0811;;31667895;2759481;;;Eeuwfeestlaan;17;;;;Hidde Kiekens;SDU;0;1;0;1;BUILDING template
KNOKKE-HEIST - FH08;4003215;BL0811;;31668155;4003215;;;Meerlaan;121;;;;Hidde Kiekens;SDU;0;1;0;1;BUILDING template
KNOKKE-HEIST - FH08;2759482;BL0812;;31667896;2759482;;;Eeuwfeestlaan;18;;;;Hidde Kiekens;SDU;0;1;0;1;BUILDING template
KNOKKE-HEIST - FH08;4023919;BL0824;;31668157;4023919;;;Eeuwfeestlaan;60;;;;Maayken Vanfleteren;SDU;0;1;0;1;BUILDING template
KNOKKE-HEIST - FH08;2759483;BL0811;;31667897;2759483;;;Eeuwfeestlaan;19;;;;Hidde Kiekens;SDU;0;1;0;1;BUILDING template
KNOKKE-HEIST - FH08;4029122;BL0814;;31668158;4029122;;;Theresialaan;4;;;;Hidde Kiekens;SDU;0;1;0;1;BUILDING template
KNOKKE-HEIST - FH08;2759484;BL0812;;31667898;2759484;;;Eeuwfeestlaan;20;;;;Hidde Kiekens;SDU;0;1;0;1;BUILDING template
KNOKKE-HEIST - FH08;4040163;BL0817;;31668159;4040163;;;Acacialaan;64;;;;Geert Stockman;SDU;0;1;0;1;BUILDING template
KNOKKE-HEIST - FH08;2759485;BL0811;;31667899;2759485;;;Eeuwfeestlaan;21;;;;Hidde Kiekens;SDU;0;1;0;1;BUILDING template
KNOKKE-HEIST - FH08;4060375;BL0809;;31668160;4060375;;;Theresialaan;7;;;;Hidde Kiekens;SDU;0;1;0;1;BUILDING template
KNOKKE-HEIST - FH08;2759486;BL0811;;31667900;2759486;;;Eeuwfeestlaan;23;;;;Hidde Kiekens;SDU;0;1;0;1;BUILDING template
KNOKKE-HEIST - FH08;4151487;BL0812;;31668161;4151487;;;Eeuwfeestlaan;8;;;;Hidde Kiekens;SDU;0;1;0;1;BUILDING template
KNOKKE-HEIST - FH08;2759488;BL0811;;31667901;2759488;;;Eeuwfeestlaan;25;;;;Hidde Kiekens;SDU;0;1;0;1;BUILDING template
KNOKKE-HEIST - FH08;4213503;BL0809;;31668162;4213503;;;Arcadelaan;29;;;;Hidde Kiekens;SDU;0;1;0;1;BUILDING template
KNOKKE-HEIST - FH08;2759489;BL0811;;31667902;2759489;;;Eeuwfeestlaan;29;;;;Hidde Kiekens;SDU;0;1;0;1;BUILDING template
KNOKKE-HEIST - FH08;4269199;BL0820;;31668163;4269199;;;Waterloostraat;4;;;;Maayken Vanfleteren;MDU;0;1;0;1;BUILDING template
KNOKKE-HEIST - FH08;2759491;BL0819;;31667903;2759491;;;Eeuwfeestlaan;34;;;;Geert Stockman;MDU;0;1;0;1;BUILDING template
KNOKKE-HEIST - FH08;4343553;BL0805;;31668164;4343553;;;Jozef Nellenslaan;94;;;;Geert Stockman;SDU;0;1;0;1;BUILDING template
KNOKKE-HEIST - FH08;2759492;BL0819;;31667904;2759492;;;Eeuwfeestlaan;36;;;;Geert Stockman;SDU;0;1;0;1;BUILDING template
KNOKKE-HEIST - FH08;4343554;BL0805;;31668165;4343554;;;Jozef Nellenslaan;96;;;;Geert Stockman;MDU;0;1;0;1;BUILDING template
KNOKKE-HEIST - FH08;2759493;BL0821;;31667905;2759493;;;Eeuwfeestlaan;37;;;;Maayken Vanfleteren;SDU;0;1;0;1;BUILDING template
KNOKKE-HEIST - FH08;4344602;BL0803;;31668166;4344602;;;Jozef Nellenslaan;99;;;;Maayken Vanfleteren;SDU;0;1;0;1;BUILDING template
KNOKKE-HEIST - FH08;2759494;BL0819;;31667906;2759494;;;Eeuwfeestlaan;38;;;;Geert Stockman;MDU;0;1;0;1;BUILDING template
KNOKKE-HEIST - FH08;4344608;BL0806;;31668167;4344608;;;Jozef Nellenslaan;88;;;;Geert Stockman;MDU;0;1;0;1;BUILDING template
KNOKKE-HEIST - FH08;2759495;BL0819;;31667907;2759495;;;Eeuwfeestlaan;40;;;;Geert Stockman;MDU;0;1;0;1;BUILDING template
KNOKKE-HEIST - FH08;4344983;BL0809;;31668169;4344983;;;Elizabetlaan;190;;;;Hidde Kiekens;SDU;0;1;0;1;BUILDING template
KNOKKE-HEIST - FH08;2759497;BL0823;;31667909;2759497;;;Eeuwfeestlaan;43;;;;Maayken Vanfleteren;MDU;0;1;0;1;BUILDING template
KNOKKE-HEIST - FH08;4344992;BL0809;;31668170;4344992;;;Elizabetlaan;200;;;;Hidde Kiekens;SDU;0;1;0;1;BUILDING template
KNOKKE-HEIST - FH08;2759499;BL0823;;31667910;2759499;;;Eeuwfeestlaan;45;;;;Maayken Vanfleteren;SDU;0;1;0;1;BUILDING template
KNOKKE-HEIST - FH08;4344998;BL0802;;31668171;4344998;;;Jozef Nellenslaan;85;;;;Maayken Vanfleteren;MDU;0;10;0;10;BUILDING template
KNOKKE-HEIST - FH08;2759500;BL0824;;31667911;2759500;;;Eeuwfeestlaan;52;;;;Maayken Vanfleteren;SDU;0;1;0;1;BUILDING template
KNOKKE-HEIST - FH08;4346020;BL0812;;31668173;4346020;;;Kapellaan;9;;;;Hidde Kiekens;SDU;0;1;0;1;BUILDING template
KNOKKE-HEIST - FH08;2759501;BL0824;;31667912;2759501;;;Eeuwfeestlaan;54;;;;Maayken Vanfleteren;SDU;0;1;0;1;BUILDING template
KNOKKE-HEIST - FH08;4346039;BL0811;;31668174;4346039;;;Eeuwfeestlaan;27;;;;Hidde Kiekens;SDU;0;1;0;1;BUILDING template
KNOKKE-HEIST - FH08;2759502;BL0824;;31667914;2759502;;;Eeuwfeestlaan;56;;;;Maayken Vanfleteren;SDU;0;1;0;1;BUILDING template
KNOKKE-HEIST - FH08;4346051;BL0811;;31668175;4346051;;;Meerlaan;119;;;;Hidde Kiekens;SDU;0;1;0;1;BUILDING template
KNOKKE-HEIST - FH08;2759503;BL0824;;31667915;2759503;;;Eeuwfeestlaan;62;;;;Maayken Vanfleteren;SDU;0;1;0;1;BUILDING template
KNOKKE-HEIST - FH08;4346058;BL0810;;31668176;4346058;;;Azalealaan;4;;;;Geert Stockman;MDU;0;1;0;1;BUILDING template
KNOKKE-HEIST - FH08;2759505;BL0824;;31667916;2759505;;;Eeuwfeestlaan;64;;;;Maayken Vanfleteren;SDU;0;1;0;1;BUILDING template
KNOKKE-HEIST - FH08;4346063;BL0809;;31668177;4346063;;;Kapellaan;6;;;;Hidde Kiekens;SDU;0;1;0;1;BUILDING template
KNOKKE-HEIST - FH08;2759674;BL0810;;31667917;2759674;;;Elizabetlaan;182;;;;Geert Stockman;SDU;0;1;0;1;BUILDING template
KNOKKE-HEIST - FH08;4346064;BL0809;;31668178;4346064;;;Kapellaan;8;;;;Hidde Kiekens;SDU;0;1;0;1;BUILDING template
KNOKKE-HEIST - FH08;2759675;BL0809;;31667918;2759675;;;Elizabetlaan;192;;;;Hidde Kiekens;SDU;0;1;0;1;BUILDING template
KNOKKE-HEIST - FH08;2759676;BL0809;;31667919;2759676;;;Elizabetlaan;196;;;;Hidde Kiekens;MDU;0;4;0;4;BUILDING template
KNOKKE-HEIST - FH08;2759677;BL0809;;31667920;2759677;;;Elizabetlaan;198;;;;Hidde Kiekens;SDU;0;1;0;1;BUILDING template
KNOKKE-HEIST - FH08;4346148;BL0808;;31668181;4346148;;;Elizabetlaan;231;;;;Hidde Kiekens;SDU;0;1;0;1;BUILDING template
KNOKKE-HEIST - FH08;2759678;BL0809;;31667921;2759678;;;Elizabetlaan;198;A;;;Hidde Kiekens;SDU;0;1;0;1;BUILDING template
KNOKKE-HEIST - FH08;4346161;BL0809;;31668182;4346161;;;Elizabetlaan;222;;;;Hidde Kiekens;MDU;0;1;1;2;BUILDING template
KNOKKE-HEIST - FH08;2759684;BL0806;;31667922;2759684;;;Elizabetlaan;211;;;;Geert Stockman;SDU;0;1;0;1;BUILDING template
KNOKKE-HEIST - FH08;4346170;BL0817;;31668183;4346170;;;Acacialaan;48;;;;Geert Stockman;MDU;0;1;0;1;BUILDING template
KNOKKE-HEIST - FH08;NB-830024A01544;BL0817;;;NB-830024A01544;;;Acacialaan;24;A;;;Filip Van Dyck;SDU;0;1;0;1;BUILDING template
KNOKKE-HEIST - FH08;2759685;BL0806;;31667923;2759685;;;Elizabetlaan;211;A;;;Geert Stockman;SDU;0;1;0;1;BUILDING template
KNOKKE-HEIST - FH08;4346177;BL0824;;31668184;4346177;;;Acacialaan;72;;;;Maayken Vanfleteren;SDU;0;1;0;1;BUILDING template
KNOKKE-HEIST - FH08;NB-830024B01545;BL0817;;;NB-830024B01545;;;Acacialaan;24;B;;;Filip Van Dyck;SDU;0;1;0;1;BUILDING template
KNOKKE-HEIST - FH08;2759687;BL0806;;31667924;2759687;;;Elizabetlaan;213;;;;Geert Stockman;SDU;0;1;0;1;BUILDING template
KNOKKE-HEIST - FH08;4346186;BL0818;;31668185;4346186;;;Kapellaan;36;;;;Geert Stockman;SDU;0;1;0;1;BUILDING template
KNOKKE-HEIST - FH08;2759688;BL0806;;31667925;2759688;;;Elizabetlaan;213;A;;;Geert Stockman;SDU;0;1;0;1;BUILDING template
KNOKKE-HEIST - FH08;4346187;BL0818;;31668186;4346187;;;Kapellaan;38;;;;Geert Stockman;MDU;0;1;0;1;BUILDING template
KNOKKE-HEIST - FH08;2759689;BL0806;;31667926;2759689;;;Elizabetlaan;215;;;;Geert Stockman;SDU;0;1;0;1;BUILDING template
KNOKKE-HEIST - FH08;4346201;BL0821;;31668187;4346201;;;Kapellaan;53;;;;Maayken Vanfleteren;SDU;0;1;0;1;BUILDING template
KNOKKE-HEIST - FH08;2759692;BL0808;;31667927;2759692;;;Elizabetlaan;225;;;;Hidde Kiekens;SDU;1;0;0;1;BUILDING template
KNOKKE-HEIST - FH08;4346204;BL0823;;31668188;4346204;;;Eeuwfeestlaan;51;;;;Maayken Vanfleteren;SDU;0;1;0;1;BUILDING template
KNOKKE-HEIST - FH08;2759694;BL0808;;31667928;2759694;;;Elizabetlaan;227;;;;Hidde Kiekens;SDU;0;1;0;1;BUILDING template
KNOKKE-HEIST - FH08;4348129;BL0815;;31668190;4348129;;;Beiaardlaan;9;;;;Hidde Kiekens;SDU;0;1;0;1;BUILDING template
KNOKKE-HEIST - FH08;2759696;BL0808;;31667929;2759696;;;Elizabetlaan;229;;;;Hidde Kiekens;SDU;0;1;0;1;BUILDING template
KNOKKE-HEIST - FH08;4348134;BL0816;;31668191;4348134;;;Acacialaan;13;;;;Hidde Kiekens;SDU;0;1;0;1;BUILDING template
KNOKKE-HEIST - FH08;2759699;BL0808;;31667930;2759699;;;Elizabetlaan;237;;;;Hidde Kiekens;SDU;0;1;0;1;BUILDING template
KNOKKE-HEIST - FH08;4348156;BL0814;;31668192;4348156;;;Theresialaan;6;;;;Hidde Kiekens;SDU;0;1;0;1;BUILDING template
KNOKKE-HEIST - FH08;2761074;BL0812;;31667931;2761074;;;Kapellaan;7;;;;Hidde Kiekens;SDU;0;1;0;1;BUILDING template
KNOKKE-HEIST - FH08;4348165;BL0813;;31668193;4348165;;;Wilderozenpad;7;;;;Maayken Vanfleteren;MDU;0;1;0;1;BUILDING template
KNOKKE-HEIST - FH08;2761075;BL0809;;31667932;2761075;;;Kapellaan;10;;;;Hidde Kiekens;SDU;0;1;0;1;BUILDING template
KNOKKE-HEIST - FH08;4348167;BL0809;;31668194;4348167;;;Arcadelaan;13;;;;Hidde Kiekens;SDU;0;1;0;1;BUILDING template
KNOKKE-HEIST - FH08;2761077;BL0812;;31667933;2761077;;;Kapellaan;11;;;;Hidde Kiekens;SDU;0;1;0;1;BUILDING template
KNOKKE-HEIST - FH08;5430777;BL0812;;31668195;5430777;;;Eeuwfeestlaan;26;;;;Hidde Kiekens;SDU;0;1;0;1;BUILDING template
KNOKKE-HEIST - FH08;2761078;BL0809;;31667934;2761078;;;Kapellaan;12;;;;Hidde Kiekens;SDU;0;1;0;1;BUILDING template
KNOKKE-HEIST - FH08;5465074;BL0812;;31668196;5465074;;;Eeuwfeestlaan;24;;;;Hidde Kiekens;SDU;0;1;0;1;BUILDING template
KNOKKE-HEIST - FH08;2761079;BL0812;;31667935;2761079;;;Kapellaan;13;;;;Hidde Kiekens;SDU;0;1;0;1;BUILDING template
KNOKKE-HEIST - FH08;5579359;BL0805;;31668197;5579359;;;Elizabetlaan;205;;;;Geert Stockman;SDU;0;1;0;1;BUILDING template
KNOKKE-HEIST - FH08;2761081;BL0809;;31667936;2761081;;;Kapellaan;14;;;;Hidde Kiekens;SDU;0;1;0;1;BUILDING template
KNOKKE-HEIST - FH08;2761082;BL0812;;31667937;2761082;;;Kapellaan;15;;;;Hidde Kiekens;SDU;0;1;0;1;BUILDING template
KNOKKE-HEIST - FH08;5579457;BL0801;;31668199;5579457;;;Lentelaan;3;;;;Maayken Vanfleteren;MDU;0;6;1;7;BUILDING template
KNOKKE-HEIST - FH08;2761083;BL0809;;31667938;2761083;;;Kapellaan;16;;;;Hidde Kiekens;SDU;0;1;0;1;BUILDING template
KNOKKE-HEIST - FH08;2761084;BL0812;;31667939;2761084;;;Kapellaan;17;;;;Hidde Kiekens;SDU;0;1;0;1;BUILDING template
KNOKKE-HEIST - FH08;5579547;BL0813;;31668201;5579547;;;Wilderozenpad;13;;;;Maayken Vanfleteren;MDU;0;1;0;1;BUILDING template
KNOKKE-HEIST - FH08;2761085;BL0809;;31667940;2761085;;;Kapellaan;18;;;;Hidde Kiekens;SDU;0;1;0;1;BUILDING template
KNOKKE-HEIST - FH08;2761086;BL0812;;31667941;2761086;;;Kapellaan;19;;;;Hidde Kiekens;SDU;0;1;0;1;BUILDING template
KNOKKE-HEIST - FH08;2761087;BL0809;;31667942;2761087;;;Kapellaan;20;;;;Hidde Kiekens;MDU;0;2;0;2;BUILDING template
KNOKKE-HEIST - FH08;2761088;BL0812;;31667943;2761088;;;Kapellaan;21;;;;Hidde Kiekens;SDU;0;1;0;1;BUILDING template
KNOKKE-HEIST - FH08;2761089;BL0809;;31667944;2761089;;;Kapellaan;22;;;;Hidde Kiekens;SDU;0;1;0;1;BUILDING template
KNOKKE-HEIST - FH08;2761090;BL0809;;31667945;2761090;;;Kapellaan;24;;;;Hidde Kiekens;SDU;0;1;0;1;BUILDING template
KNOKKE-HEIST - FH08;2761091;BL0813;;31667946;2761091;;;Kapellaan;33;;;;Maayken Vanfleteren;SDU;0;1;0;1;BUILDING template
KNOKKE-HEIST - FH08;2761093;BL0818;;31667947;2761093;;;Kapellaan;40;;;;Geert Stockman;MDU;0;1;0;1;BUILDING template
KNOKKE-HEIST - FH08;2761096;BL0818;;31667948;2761096;;;Kapellaan;42;;;;Geert Stockman;SDU;0;1;0;1;BUILDING template
KNOKKE-HEIST - FH08;2761097;BL0818;;31667949;2761097;;;Kapellaan;44;;;;Geert Stockman;SDU;0;1;0;1;BUILDING template
KNOKKE-HEIST - FH08;2761098;BL0819;;31667950;2761098;;;Kapellaan;45;;;;Geert Stockman;MDU;0;6;1;7;BUILDING template
KNOKKE-HEIST - FH08;2761099;BL0819;;31667951;2761099;;;Kapellaan;47;;;;Geert Stockman;MDU;0;1;0;1;BUILDING template
KNOKKE-HEIST - FH08;2762734;BL0801;;31667953;2762734;;;Lentelaan;11;;;;Maayken Vanfleteren;MDU;0;6;1;7;BUILDING template
KNOKKE-HEIST - FH08;2763677;BL0822;;31667954;2763677;;;Meerlaan;93;;;;Maayken Vanfleteren;SDU;0;1;0;1;BUILDING template
KNOKKE-HEIST - FH08;2763679;BL0822;;31667955;2763679;;;Meerlaan;95;;;;Maayken Vanfleteren;SDU;0;1;0;1;BUILDING template
KNOKKE-HEIST - FH08;2763681;BL0822;;31667956;2763681;;;Meerlaan;97;;;;Maayken Vanfleteren;SDU;0;1;0;1;BUILDING template
KNOKKE-HEIST - FH08;2763682;BL0822;;31667957;2763682;;;Meerlaan;99;;;;Maayken Vanfleteren;SDU;0;1;0;1;BUILDING template
KNOKKE-HEIST - FH08;2763683;BL0822;;31667958;2763683;;;Meerlaan;101;;;;Maayken Vanfleteren;SDU;0;1;0;1;BUILDING template
KNOKKE-HEIST - FH08;2763686;BL0811;;31667959;2763686;;;Meerlaan;117;;;;Hidde Kiekens;SDU;0;1;0;1;BUILDING template
KNOKKE-HEIST - FH08;2763687;BL0811;;31667960;2763687;;;Meerlaan;123;;;;Hidde Kiekens;SDU;0;1;0;1;BUILDING template
KNOKKE-HEIST - FH08;2763688;BL0811;;31667961;2763688;;;Meerlaan;125;;;;Hidde Kiekens;SDU;0;1;0;1;BUILDING template
KNOKKE-HEIST - FH08;2763689;BL0811;;31667962;2763689;;;Meerlaan;127;;;;Hidde Kiekens;SDU;0;1;0;1;BUILDING template
KNOKKE-HEIST - FH08;2763691;BL0811;;31667963;2763691;;;Meerlaan;133;;;;Hidde Kiekens;SDU;0;1;0;1;BUILDING template
KNOKKE-HEIST - FH08;2763692;BL0811;;31667964;2763692;;;Meerlaan;135;;;;Hidde Kiekens;SDU;0;1;0;1;BUILDING template
KNOKKE-HEIST - FH08;2763733;BL0802;;31667965;2763733;;;Paul Van der Meerschenlaan;5;;;;Maayken Vanfleteren;MDU;0;15;1;16;BUILDING template
KNOKKE-HEIST - FH08;2764256;BL0808;;31667966;2764256;;;Jozef Nellenslaan;46;;;;Hidde Kiekens;SDU;0;1;0;1;BUILDING template
KNOKKE-HEIST - FH08;2764263;BL0808;;31667967;2764263;;;Jozef Nellenslaan;52;;;;Hidde Kiekens;SDU;0;1;0;1;BUILDING template
KNOKKE-HEIST - FH08;2764264;BL0801;;31667968;2764264;;;Jozef Nellenslaan;53;;;;Maayken Vanfleteren;MDU;1;9;1;11;BUILDING template
KNOKKE-HEIST - FH08;2764266;BL0808;;31667969;2764266;;;Jozef Nellenslaan;54;;;;Hidde Kiekens;MDU;0;4;0;4;BUILDING template
KNOKKE-HEIST - FH08;2764267;BL0807;;31667970;2764267;;;Jozef Nellenslaan;60;;;;Hidde Kiekens;SDU;0;1;0;1;BUILDING template
KNOKKE-HEIST - FH08;2764268;BL0807;;31667971;2764268;;;Jozef Nellenslaan;62;;;;Hidde Kiekens;MDU;0;3;0;3;BUILDING template
KNOKKE-HEIST - FH08;2764269;BL0801;;31667972;2764269;;;Jozef Nellenslaan;63;;;;Maayken Vanfleteren;MDU;0;11;1;12;BUILDING template
KNOKKE-HEIST - FH08;2764274;BL0801;;31667976;2764274;;;Jozef Nellenslaan;71;;;;Maayken Vanfleteren;MDU;0;9;1;10;BUILDING template
KNOKKE-HEIST - FH08;2764277;BL0806;;31667977;2764277;;;Jozef Nellenslaan;74;;;;Geert Stockman;MDU;0;3;0;3;BUILDING template
KNOKKE-HEIST - FH08;2764283;BL0806;;31667979;2764283;;;Jozef Nellenslaan;86;;;;Geert Stockman;MDU;0;1;0;1;BUILDING template
KNOKKE-HEIST - FH08;2764290;BL0803;;31667981;2764290;;;Jozef Nellenslaan;97;;;;Maayken Vanfleteren;MDU;0;4;1;5;BUILDING template
KNOKKE-HEIST - FH08;2764291;BL0805;;31667982;2764291;;;Jozef Nellenslaan;98;;;;Geert Stockman;MDU;0;1;0;1;BUILDING template
KNOKKE-HEIST - FH08;2764292;BL0805;;31667983;2764292;;;Jozef Nellenslaan;100;;;;Geert Stockman;MDU;0;1;0;1;BUILDING template
KNOKKE-HEIST - FH08;2764295;BL0804;;31667984;2764295;;;Jozef Nellenslaan;111;;;;Geert Stockman;MDU;0;11;0;11;BUILDING template
KNOKKE-HEIST - FH08;2764298;BL0804;;31667985;2764298;;;Jozef Nellenslaan;115;;;;Geert Stockman;MDU;0;19;1;20;BUILDING template
KNOKKE-HEIST - FH08;2765843;BL0802;;31667986;2765843;;;Rozenlaan;6;;;;Maayken Vanfleteren;MDU;0;8;1;9;BUILDING template
KNOKKE-HEIST - FH08;2765846;BL0819;;31667987;2765846;;;Wilderozenpad;4;;;;Geert Stockman;MDU;0;6;0;6;BUILDING template
KNOKKE-HEIST - FH08;2765851;BL0819;;31667988;2765851;;;Wilderozenpad;8;;;;Geert Stockman;SDU;0;1;0;1;BUILDING template
KNOKKE-HEIST - FH08;2766770;BL0815;;31667989;2766770;;;Stijn Streuvelsplein;2;;;;Hidde Kiekens;SDU;0;1;0;1;BUILDING template
KNOKKE-HEIST - FH08;2766771;BL0815;;31667990;2766771;;;Stijn Streuvelsplein;3;;;;Hidde Kiekens;SDU;0;1;0;1;BUILDING template
KNOKKE-HEIST - FH08;2766827;BL0809;;31667991;2766827;;;Theresialaan;3;;;;Hidde Kiekens;SDU;0;1;0;1;BUILDING template
KNOKKE-HEIST - FH08;2766828;BL0809;;31667992;2766828;;;Theresialaan;5;;;;Hidde Kiekens;SDU;0;1;0;1;BUILDING template
KNOKKE-HEIST - FH08;2766830;BL0809;;31667993;2766830;;;Theresialaan;9;;;;Hidde Kiekens;SDU;0;1;0;1;BUILDING template
KNOKKE-HEIST - FH08;2766832;BL0809;;31667994;2766832;;;Theresialaan;11;;;;Hidde Kiekens;SDU;0;1;0;1;BUILDING template
KNOKKE-HEIST - FH08;2766834;BL0814;;31667995;2766834;;;Theresialaan;12;;;;Hidde Kiekens;SDU;0;1;0;1;BUILDING template
KNOKKE-HEIST - FH08;2766835;BL0809;;31667996;2766835;;;Theresialaan;13;;;;Hidde Kiekens;SDU;0;1;0;1;BUILDING template
KNOKKE-HEIST - FH08;2766836;BL0814;;31667997;2766836;;;Theresialaan;14;;;;Hidde Kiekens;MDU;0;2;0;2;BUILDING template
KNOKKE-HEIST - FH08;2766837;BL0809;;31667998;2766837;;;Theresialaan;15;;;;Hidde Kiekens;SDU;0;1;0;1;BUILDING template
KNOKKE-HEIST - FH08;2766839;BL0809;;31667999;2766839;;;Theresialaan;17;;;;Hidde Kiekens;SDU;0;1;0;1;BUILDING template
KNOKKE-HEIST - FH08;2766840;BL0809;;31668000;2766840;;;Theresialaan;19;;;;Hidde Kiekens;SDU;0;1;0;1;BUILDING template
KNOKKE-HEIST - FH08;2766841;BL0809;;31668001;2766841;;;Theresialaan;21;;;;Hidde Kiekens;SDU;0;1;0;1;BUILDING template
KNOKKE-HEIST - FH08;2766843;BL0809;;31668002;2766843;;;Theresialaan;23;;;;Hidde Kiekens;SDU;0;1;0;1;BUILDING template
KNOKKE-HEIST - FH08;2766844;BL0809;;31668003;2766844;;;Theresialaan;25;;;;Hidde Kiekens;SDU;0;1;0;1;BUILDING template
KNOKKE-HEIST - FH08;2767493;BL0820;;31668004;2767493;;;Waterloostraat;6;;;;Maayken Vanfleteren;MDU;0;1;0;1;BUILDING template
KNOKKE-HEIST - FH08;2767869;BL0804;;31668005;2767869;;;Zeerobbenlaan;3;;;;Geert Stockman;MDU;0;5;1;6;BUILDING template
KNOKKE-HEIST - FH08;2767874;BL0805;;31668006;2767874;;;Zeerobbenlaan;13;;;;Geert Stockman;MDU;0;4;0;4;BUILDING template
KNOKKE-HEIST - FH08;294683;BL0809;;31668007;294683;;;Arcadelaan;5;;;;Hidde Kiekens;SDU;0;1;0;1;BUILDING template
KNOKKE-HEIST - FH08;294684;BL0817;;31668008;294684;;;Arcadelaan;46;;;;Geert Stockman;SDU;0;1;0;1;BUILDING template
KNOKKE-HEIST - FH08;294685;BL0809;;31668009;294685;;;Arcadelaan;9;;;;Hidde Kiekens;MDU;0;2;0;2;BUILDING template
KNOKKE-HEIST - FH08;317238;BL0803;;31668011;317238;;;Zeerobbenlaan;6;;;;Maayken Vanfleteren;MDU;0;7;1;8;BUILDING template
KNOKKE-HEIST - FH08;317240;BL0803;;31668012;317240;;;Zeerobbenlaan;12;;;;Maayken Vanfleteren;MDU;0;1;0;1;BUILDING template
KNOKKE-HEIST - FH08;317241;BL0806;;31668013;317241;;;Rozenlaan;11;;;;Geert Stockman;SDU;0;1;0;1;BUILDING template
KNOKKE-HEIST - FH08;317246;BL0803;;31668014;317246;;;Rozenlaan;3;;;;Maayken Vanfleteren;MDU;0;10;1;11;BUILDING template
KNOKKE-HEIST - FH08;1456221;BL0802;;33593075;1456221;;;Zeedijk-Albertstrand;458;;;;Maayken Vanfleteren;MDU;0;12;1;13;BUILDING template
KNOKKE-HEIST - FH08;317249;BL0806;;31668016;317249;;;Jozef Nellenslaan;90;;;;Geert Stockman;SDU;0;1;0;1;BUILDING template
KNOKKE-HEIST - FH08;245263;BL0802;;33593070;245263;;;Zeedijk-Albertstrand;450;;;;Maayken Vanfleteren;MDU;0;19;1;20;BUILDING template
KNOKKE-HEIST - FH08;317251;BL0803;;31668018;317251;;;Jozef Nellenslaan;95;;;;Maayken Vanfleteren;MDU;0;4;1;5;BUILDING template
KNOKKE-HEIST - FH08;245264;BL0802;;33593071;245264;;;Zeedijk-Albertstrand;451;;;;Maayken Vanfleteren;MDU;0;27;1;28;BUILDING template
KNOKKE-HEIST - FH08;317252;BL0803;;31668019;317252;;;Jozef Nellenslaan;101;;;;Maayken Vanfleteren;SDU;0;1;0;1;BUILDING template
KNOKKE-HEIST - FH08;317253;BL0803;;31668020;317253;;;Jozef Nellenslaan;95;A;;;Maayken Vanfleteren;MDU;0;4;1;5;BUILDING template
KNOKKE-HEIST - FH08;245266;BL0802;;33593076;245266;;;Zeedijk-Albertstrand;459;;;;Maayken Vanfleteren;MDU;0;17;1;18;BUILDING template
KNOKKE-HEIST - FH08;317254;BL0806;;31668021;317254;;;Jozef Nellenslaan;80;;;;Geert Stockman;SDU;0;1;0;1;BUILDING template
KNOKKE-HEIST - FH08;245267;BL0802;;33593069;245267;;;Zeedijk-Albertstrand;449;;;;Maayken Vanfleteren;MDU;0;13;1;14;BUILDING template
KNOKKE-HEIST - FH08;317255;BL0806;;31668022;317255;;;Jozef Nellenslaan;82;;;;Geert Stockman;SDU;0;1;0;1;BUILDING template
KNOKKE-HEIST - FH08;317281;BL0811;;31668023;317281;;;Azalealaan;5;;;;Maayken Vanfleteren;MDU;0;1;0;1;BUILDING template
KNOKKE-HEIST - FH08;317282;BL0811;;31668024;317282;;;Azalealaan;1;;;;Hidde Kiekens;SDU;0;1;0;1;BUILDING template
KNOKKE-HEIST - FH08;317283;BL0810;;31668025;317283;;;Azalealaan;8;;;;Geert Stockman;SDU;0;1;0;1;BUILDING template
KNOKKE-HEIST - FH08;2757511;BL0817;;33593048;2757511;;;Acacialaan;2;A;;;Geert Stockman;SDU;0;1;0;1;BUILDING template
KNOKKE-HEIST - FH08;317285;BL0814;;31668027;317285;;;Kapellaan;28;;;;Hidde Kiekens;SDU;0;1;0;1;BUILDING template
KNOKKE-HEIST - FH08;2757794;BL0802;;33593074;2757794;;;Zeedijk-Albertstrand;456;;;;Maayken Vanfleteren;MDU;0;16;1;17;BUILDING template
KNOKKE-HEIST - FH08;317286;BL0813;;31668028;317286;;;Kapellaan;25;;;;Maayken Vanfleteren;MDU;0;1;0;1;BUILDING template
KNOKKE-HEIST - FH08;317303;BL0809;;31668029;317303;;;Kapellaan;4;;;;Hidde Kiekens;SDU;0;1;0;1;BUILDING template
KNOKKE-HEIST - FH08;317330;BL0810;;31668030;317330;;;Elizabetlaan;186;;;;Geert Stockman;SDU;0;1;0;1;BUILDING template
KNOKKE-HEIST - FH08;2757815;BL0804;;33593088;2757815;;;Zeedijk-Albertstrand;472;;;;Geert Stockman;MDU;1;7;1;9;BUILDING template
KNOKKE-HEIST - FH08;317332;BL0810;;31668031;317332;;;Elizabetlaan;180;;;;Geert Stockman;SDU;0;1;0;1;BUILDING template
KNOKKE-HEIST - FH08;2757816;BL0804;;33593089;2757816;;;Zeedijk-Albertstrand;473;;;;Geert Stockman;MDU;0;15;1;16;BUILDING template
KNOKKE-HEIST - FH08;317361;BL0813;;31668032;317361;;;Wilderozenpad;11;;;;Maayken Vanfleteren;MDU;0;1;0;1;BUILDING template
KNOKKE-HEIST - FH08;2757819;BL0804;;33593092;2757819;;;Zeedijk-Albertstrand;476;;;;Geert Stockman;MDU;0;15;1;16;BUILDING template
KNOKKE-HEIST - FH08;317362;BL0819;;31668033;317362;;;Wilderozenpad;6;;;;Geert Stockman;SDU;0;1;0;1;BUILDING template
KNOKKE-HEIST - FH08;2757821;BL0804;;33593095;2757821;;;Zeedijk-Albertstrand;479;;;;Geert Stockman;MDU;1;8;1;10;BUILDING template
KNOKKE-HEIST - FH08;317364;BL0809;;31668034;317364;;;Kwelmpad;1;;;;Hidde Kiekens;SDU;0;1;0;1;BUILDING template
KNOKKE-HEIST - FH08;317366;BL0812;;31668035;317366;;;Kwelmpad;3;;;;Hidde Kiekens;SDU;0;1;0;1;BUILDING template
KNOKKE-HEIST - FH08;2761095;BL0813;;33593042;2761095;;;Kapellaan;41;;;;Maayken Vanfleteren;SDU;0;1;0;1;BUILDING template
KNOKKE-HEIST - FH08;317368;BL0812;;31668036;317368;;;Kapellaan;23;;;;Hidde Kiekens;SDU;0;1;0;1;BUILDING template
KNOKKE-HEIST - FH08;317370;BL0809;;31668037;317370;;;Kapellaan;26;;;;Hidde Kiekens;SDU;0;1;0;1;BUILDING template
KNOKKE-HEIST - FH08;2764284;BL0802;;33593055;2764284;;;Jozef Nellenslaan;87;;;;Maayken Vanfleteren;MDU;0;10;1;11;BUILDING template
KNOKKE-HEIST - FH08;317372;BL0812;;31668038;317372;;;Kapellaan;1;;;;Hidde Kiekens;SDU;0;1;0;1;BUILDING template
KNOKKE-HEIST - FH08;317374;BL0809;;31668039;317374;;;Theresialaan;29;;;;Hidde Kiekens;SDU;0;1;0;1;BUILDING template
KNOKKE-HEIST - FH08;317237;BL0803;;33593063;317237;;;Zeerobbenlaan;2;;;;Maayken Vanfleteren;SDU;0;1;0;1;BUILDING template
KNOKKE-HEIST - FH08;317376;BL0812;;31668040;317376;;;Eeuwfeestlaan;22;;;;Hidde Kiekens;SDU;0;1;0;1;BUILDING template
KNOKKE-HEIST - FH08;317378;BL0811;;31668041;317378;;;Eeuwfeestlaan;31;;;;Hidde Kiekens;SDU;0;1;0;1;BUILDING template
KNOKKE-HEIST - FH08;317380;BL0812;;31668042;317380;;;Eeuwfeestlaan;6;;;;Hidde Kiekens;SDU;0;1;0;1;BUILDING template
KNOKKE-HEIST - FH08;317382;BL0811;;31668043;317382;;;Eeuwfeestlaan;5;;;;Hidde Kiekens;SDU;0;1;0;1;BUILDING template
KNOKKE-HEIST - FH08;317502;BL0804;;33593086;317502;;;Zeedijk-Albertstrand;469;;;;Geert Stockman;SDU;0;1;0;1;BUILDING template
KNOKKE-HEIST - FH08;317384;BL0809;;31668044;317384;;;Eeuwfeestlaan;4;;;;Hidde Kiekens;SDU;0;1;0;1;BUILDING template
KNOKKE-HEIST - FH08;317503;BL0804;;33593087;317503;;;Zeedijk-Albertstrand;470;;;;Geert Stockman;MDU;0;12;1;13;BUILDING template
KNOKKE-HEIST - FH08;317389;BL0811;;31668045;317389;;;Meerlaan;115;;;;Hidde Kiekens;SDU;0;1;0;1;BUILDING template
KNOKKE-HEIST - FH08;317504;BL0804;;33593090;317504;;;Zeedijk-Albertstrand;474;;;;Geert Stockman;MDU;0;15;1;16;BUILDING template
KNOKKE-HEIST - FH08;317391;BL0820;;31668046;317391;;;Meerlaan;113;;;;Maayken Vanfleteren;MDU;0;1;0;1;BUILDING template
KNOKKE-HEIST - FH08;317505;BL0804;;33593091;317505;;;Zeedijk-Albertstrand;475;;;;Geert Stockman;MDU;0;10;1;11;BUILDING template
KNOKKE-HEIST - FH08;317398;BL0811;;31668047;317398;;;Meerlaan;137;;;;Hidde Kiekens;SDU;0;1;0;1;BUILDING template
KNOKKE-HEIST - FH08;317506;BL0804;;33593094;317506;;;Zeedijk-Albertstrand;478;;;;Geert Stockman;MDU;0;9;1;10;BUILDING template
KNOKKE-HEIST - FH08;317414;BL0820;;31668048;317414;;;Waterloostraat;2;;;;Maayken Vanfleteren;SDU;0;1;0;1;BUILDING template
KNOKKE-HEIST - FH08;317507;BL0804;;33593093;317507;;;Zeedijk-Albertstrand;477;;;;Geert Stockman;MDU;0;15;1;16;BUILDING template
KNOKKE-HEIST - FH08;317415;BL0811;;31668049;317415;;;Waterloostraat;1;;;;Hidde Kiekens;SDU;0;1;0;1;BUILDING template
KNOKKE-HEIST - FH08;317508;BL0804;;33593096;317508;;;Zeedijk-Albertstrand;480;;;;Geert Stockman;MDU;0;19;1;20;BUILDING template
KNOKKE-HEIST - FH08;317416;BL0811;;31668050;317416;;;Waterloostraat;3;;;;Hidde Kiekens;SDU;0;1;0;1;BUILDING template
KNOKKE-HEIST - FH08;317509;BL0805;;33593057;317509;;;Jozef Nellenslaan;92;;;;Geert Stockman;SDU;0;1;0;1;BUILDING template
KNOKKE-HEIST - FH08;317417;BL0820;;31668051;317417;;;Waterloostraat;8;;;;Maayken Vanfleteren;MDU;0;1;0;1;BUILDING template
KNOKKE-HEIST - FH08;317513;BL0805;;33593102;317513;;;Elizabetlaan;207;;;;Geert Stockman;SDU;0;1;0;1;BUILDING template
KNOKKE-HEIST - FH08;317510;BL0804;;31668052;317510;;;Jozef Nellenslaan;109;;;;Geert Stockman;MDU;0;25;2;27;BUILDING template
KNOKKE-HEIST - FH08;319459;BL0801;;33593066;319459;;;Zeedijk-Albertstrand;446;;;;Maayken Vanfleteren;MDU;0;10;1;11;BUILDING template
KNOKKE-HEIST - FH08;319461;BL0801;;33593067;319461;;;Zeedijk-Albertstrand;447;;;;Maayken Vanfleteren;MDU;0;17;1;18;BUILDING template
KNOKKE-HEIST - FH08;317512;BL0805;;31668054;317512;;;Jozef Nellenslaan;102;;;;Geert Stockman;MDU;0;1;0;1;BUILDING template
KNOKKE-HEIST - FH08;319463;BL0801;;33593068;319463;;;Zeedijk-Albertstrand;448;;;;Maayken Vanfleteren;MDU;1;12;1;14;BUILDING template
KNOKKE-HEIST - FH08;12832;BL0803;;31667778;12832;;;Zeerobbenlaan;14;;;;Maayken Vanfleteren;MDU;0;1;0;1;BUILDING template
KNOKKE-HEIST - FH08;317514;BL0805;;31668055;317514;;;Elizabetlaan;203;;;;Geert Stockman;MDU;0;7;0;7;BUILDING template
KNOKKE-HEIST - FH08;319470;BL0809;;33593105;319470;;;Elizabetlaan;218;;;;Hidde Kiekens;MDU;0;12;1;13;BUILDING template
KNOKKE-HEIST - FH08;319474;BL0809;;33593104;319474;;;Elizabetlaan;216;;;;Hidde Kiekens;MDU;0;32;1;33;BUILDING template
KNOKKE-HEIST - FH08;12836;BL0804;;31667780;12836;;;Jozef Nellenslaan;117;;;;Geert Stockman;MDU;0;12;0;12;BUILDING template
KNOKKE-HEIST - FH08;317517;BL0805;;31668057;317517;;;Zeerobbenlaan;11;;;;Geert Stockman;SDU;0;1;0;1;BUILDING template
KNOKKE-HEIST - FH08;12848;BL0801;;31667781;12848;;;Paul Van der Meerschenlaan;10;;;;Maayken Vanfleteren;MDU;0;6;1;7;BUILDING template
KNOKKE-HEIST - FH08;317519;BL0804;;31668058;317519;;;Zeerobbenlaan;1;;;;Geert Stockman;MDU;0;19;1;20;BUILDING template
KNOKKE-HEIST - FH08;319477;BL0801;;33593045;319477;;;Lentelaan;5;;;;Maayken Vanfleteren;MDU;0;1;0;1;BUILDING template
KNOKKE-HEIST - FH08;12850;BL0814;;31667782;12850;;;Kapellaan;30;;;;Hidde Kiekens;SDU;0;1;0;1;BUILDING template
KNOKKE-HEIST - FH08;317520;BL0804;;31668059;317520;;;Zeerobbenlaan;5;;;;Geert Stockman;MDU;0;10;1;11;BUILDING template
KNOKKE-HEIST - FH08;319483;BL0808;;33593053;319483;;;Jozef Nellenslaan;50;;;;Hidde Kiekens;SDU;0;1;0;1;BUILDING template
KNOKKE-HEIST - FH08;12852;BL0821;;31667783;12852;;;Meerlaan;107;;;;Maayken Vanfleteren;SDU;0;1;0;1;BUILDING template
KNOKKE-HEIST - FH08;317521;BL0805;;31668060;317521;;;Meerlaan;141;;;;Geert Stockman;MDU;0;8;0;8;BUILDING template
KNOKKE-HEIST - FH08;317522;BL0805;;31668061;317522;;;Meerlaan;143;;;;Geert Stockman;SDU;0;1;0;1;BUILDING template
KNOKKE-HEIST - FH08;319818;BL0818;;33593062;319818;;;Wilderozenpad;2;;;;Geert Stockman;SDU;0;1;0;1;BUILDING template
KNOKKE-HEIST - FH08;1320587;BL0801;;31667802;1320587;;;Jozef Nellenslaan;55;;;;Maayken Vanfleteren;MDU;0;11;1;12;BUILDING template
KNOKKE-HEIST - FH08;317523;BL0804;;31668062;317523;;;Meerlaan;147;;;;Geert Stockman;MDU;0;14;1;15;BUILDING template
KNOKKE-HEIST - FH08;319858;BL0813;;33593044;319858;;;Kwelmpad;2;;;;Maayken Vanfleteren;MDU;1;1;1;3;BUILDING template
KNOKKE-HEIST - FH08;1320658;BL0809;;31667804;1320658;;;Arcadelaan;23;;;;Hidde Kiekens;SDU;0;1;0;1;BUILDING template
KNOKKE-HEIST - FH08;319465;BL0801;;31668063;319465;;;Jozef Nellenslaan;73;;;;Maayken Vanfleteren;MDU;0;6;1;7;BUILDING template
KNOKKE-HEIST - FH08;320231;BL0819;;33593098;320231;;;Eeuwfeestlaan;46;;;;Geert Stockman;MDU;0;6;0;6;BUILDING template
KNOKKE-HEIST - FH08;1465789;BL0824;;31667806;1465789;;;Eeuwfeestlaan;50;;;;Maayken Vanfleteren;SDU;0;1;0;1;BUILDING template
KNOKKE-HEIST - FH08;4344987;BL0809;;33593101;4344987;;;Elizabetlaan;194;;;;Hidde Kiekens;SDU;0;1;0;1;BUILDING template
KNOKKE-HEIST - FH08;1498401;BL0803;;31667807;1498401;;;Rozenlaan;5;;;;Maayken Vanfleteren;MDU;0;15;1;16;BUILDING template
KNOKKE-HEIST - FH08;319468;BL0808;;31668065;319468;;;Elizabetlaan;239;;;;Hidde Kiekens;MDU;0;15;1;16;BUILDING template
KNOKKE-HEIST - FH08;4346017;BL0812;;33593041;4346017;;;Kapellaan;3;;;;Hidde Kiekens;SDU;0;1;0;1;BUILDING template
KNOKKE-HEIST - FH08;245249;BL0806;;31667808;245249;;;Elizabetlaan;217;;;;Geert Stockman;MDU;0;8;1;9;BUILDING template
KNOKKE-HEIST - FH08;319469;BL0809;;31668066;319469;;;Elizabetlaan;210;;;;Hidde Kiekens;MDU;0;16;1;17;BUILDING template
KNOKKE-HEIST - FH08;4346049;BL0810;;33593100;4346049;;;Elizabetlaan;184;;;;Geert Stockman;SDU;0;1;0;1;BUILDING template
KNOKKE-HEIST - FH08;245250;BL0809;;31667809;245250;;;Elizabetlaan;202;;;;Hidde Kiekens;MDU;0;32;1;33;BUILDING template
KNOKKE-HEIST - FH08;319471;BL0809;;31668067;319471;;;Elizabetlaan;212;;;;Hidde Kiekens;MDU;0;7;1;8;BUILDING template
KNOKKE-HEIST - FH08;4348130;BL0815;;33593043;4348130;;;Beiaardlaan;11;;;;Hidde Kiekens;SDU;0;1;0;1;BUILDING template
KNOKKE-HEIST - FH08;245251;BL0809;;31667810;245251;;;Elizabetlaan;188;;;;Hidde Kiekens;SDU;0;1;0;1;BUILDING template
KNOKKE-HEIST - FH08;319472;BL0809;;31668068;319472;;;Elizabetlaan;214;;;;Hidde Kiekens;MDU;0;21;1;22;BUILDING template
KNOKKE-HEIST - FH08;245252;BL0809;;31667811;245252;;;Elizabetlaan;204;;;;Hidde Kiekens;MDU;0;8;1;9;BUILDING template
KNOKKE-HEIST - FH08;319473;BL0809;;31668069;319473;;;Elizabetlaan;220;;;;Hidde Kiekens;SDU;0;1;0;1;BUILDING template
KNOKKE-HEIST - FH08;245253;BL0807;;31667812;245253;;;Elizabetlaan;221;;;;Hidde Kiekens;SDU;0;1;0;1;BUILDING template
KNOKKE-HEIST - FH08;319475;BL0808;;31668070;319475;;;Lentelaan;17;;;;Hidde Kiekens;MDU;0;2;0;2;BUILDING template
KNOKKE-HEIST - FH08;245257;BL0807;;31667813;245257;;;Paul Van der Meerschenlaan;13;;;;Hidde Kiekens;MDU;1;0;1;2;BUILDING template
KNOKKE-HEIST - FH08;319478;BL0801;;31668071;319478;;;Lentelaan;1;;;;Maayken Vanfleteren;MDU;0;40;1;41;BUILDING template
KNOKKE-HEIST - FH08;245258;BL0802;;31667814;245258;;;Paul Van der Meerschenlaan;7;;;;Maayken Vanfleteren;MDU;0;4;1;5;BUILDING template
KNOKKE-HEIST - FH08;245262;BL0802;;31667815;245262;;;Rozenlaan;4;;;;Maayken Vanfleteren;MDU;0;8;1;9;BUILDING template
KNOKKE-HEIST - FH08;319480;BL0808;;31668073;319480;;;Jozef Nellenslaan;40;;;;Hidde Kiekens;MDU;0;4;0;4;BUILDING template
KNOKKE-HEIST - FH08;245272;BL0807;;31667816;245272;;;Jozef Nellenslaan;58;;;;Hidde Kiekens;SDU;0;1;0;1;BUILDING template
KNOKKE-HEIST - FH08;319482;BL0808;;31668074;319482;;;Jozef Nellenslaan;48;;;;Hidde Kiekens;SDU;0;1;0;1;BUILDING template
KNOKKE-HEIST - FH08;5829598;BL0819;;33593099;5829598;;;Eeuwfeestlaan;48;;;;Geert Stockman;SDU;0;1;0;1;BUILDING template
KNOKKE-HEIST - FH08;245274;BL0807;;31667817;245274;;;Jozef Nellenslaan;72;;;;Hidde Kiekens;SDU;0;1;0;1;BUILDING template
KNOKKE-HEIST - FH08;6308939;BL0804;;33593050;6308939;;;Meerlaan;149;;;;Geert Stockman;SDU;0;1;0;1;BUILDING template
KNOKKE-HEIST - FH08;245275;BL0809;;31667818;245275;;;Eeuwfeestlaan;2;;;;Hidde Kiekens;SDU;0;1;0;1;BUILDING template
KNOKKE-HEIST - FH08;319488;BL0801;;31668076;319488;;;Paul Van der Meerschenlaan;8;;;;Maayken Vanfleteren;MDU;0;6;1;7;BUILDING template
KNOKKE-HEIST - FH08;2757512;BL0816;;31667819;2757512;;;Acacialaan;3;;;;Hidde Kiekens;SDU;0;1;0;1;BUILDING template
KNOKKE-HEIST - FH08;319671;BL0809;;31668077;319671;;;Theresialaan;1;;;;Hidde Kiekens;SDU;0;1;0;1;BUILDING template
KNOKKE-HEIST - FH08;2757513;BL0816;;31667820;2757513;;;Acacialaan;5;;;;Hidde Kiekens;SDU;0;1;0;1;BUILDING template
KNOKKE-HEIST - FH08;319672;BL0814;;31668078;319672;;;Theresialaan;2;;;;Hidde Kiekens;SDU;0;1;0;1;BUILDING template
KNOKKE-HEIST - FH08;6526794;BL0812;;33593040;6526794;;;Kapellaan;5;;;;Hidde Kiekens;SDU;0;1;0;1;BUILDING template
KNOKKE-HEIST - FH08;2757514;BL0817;;31667821;2757514;;;Acacialaan;8;;;;Geert Stockman;MDU;0;1;0;1;BUILDING template
KNOKKE-HEIST - FH08;319682;BL0816;;31668079;319682;;;Beiaardlaan;2;;;;Hidde Kiekens;SDU;0;1;0;1;BUILDING template
KNOKKE-HEIST - FH08;6598438;BL0818;;33593049;6598438;;;Acacialaan;41;;;;Geert Stockman;SDU;0;1;0;1;BUILDING template
KNOKKE-HEIST - FH08;2757515;BL0816;;31667822;2757515;;;Acacialaan;9;;;;Hidde Kiekens;SDU;0;1;0;1;BUILDING template
KNOKKE-HEIST - FH08;319683;BL0815;;31668080;319683;;;Beiaardlaan;1;;;;Hidde Kiekens;SDU;0;1;0;1;BUILDING template
KNOKKE-HEIST - FH08;2757516;BL0817;;31667823;2757516;;;Acacialaan;10;;;;Geert Stockman;MDU;0;1;0;1;BUILDING template
KNOKKE-HEIST - FH08;319696;BL0815;;31668081;319696;;;Kapellaan;32;;;;Hidde Kiekens;SDU;0;1;0;1;BUILDING template
KNOKKE-HEIST - FH08;2757517;BL0816;;31667824;2757517;;;Acacialaan;11;;;;Hidde Kiekens;SDU;0;1;0;1;BUILDING template
KNOKKE-HEIST - FH08;319815;BL0813;;31668082;319815;;;Kapellaan;27;;;;Maayken Vanfleteren;MDU;0;1;0;1;BUILDING template
KNOKKE-HEIST - FH08;2757518;BL0817;;31667825;2757518;;;Acacialaan;12;;;;Geert Stockman;SDU;0;1;0;1;BUILDING template
KNOKKE-HEIST - FH08;319820;BL0813;;31668083;319820;;;Wilderozenpad;9;;;;Maayken Vanfleteren;SDU;0;1;0;1;BUILDING template
KNOKKE-HEIST - FH08;2757519;BL0817;;31667826;2757519;;;Acacialaan;14;;;;Geert Stockman;MDU;0;1;0;1;BUILDING template
KNOKKE-HEIST - FH08;319821;BL0817;;31668084;319821;;;Arcadelaan;48;;;;Geert Stockman;SDU;0;1;0;1;BUILDING template
KNOKKE-HEIST - FH08;2757521;BL0816;;31667827;2757521;;;Acacialaan;15;;;;Hidde Kiekens;SDU;0;1;0;1;BUILDING template
KNOKKE-HEIST - FH08;319822;BL0816;;31668085;319822;;;Arcadelaan;50;;;;Hidde Kiekens;SDU;0;1;0;1;BUILDING template
KNOKKE-HEIST - FH08;2757522;BL0817;;31667828;2757522;;;Acacialaan;16;;;;Geert Stockman;SDU;0;1;0;1;BUILDING template
KNOKKE-HEIST - FH08;319823;BL0809;;31668086;319823;;;Arcadelaan;35;;;;Hidde Kiekens;SDU;0;1;0;1;BUILDING template
KNOKKE-HEIST - FH08;2757523;BL0816;;31667829;2757523;;;Acacialaan;17;;;;Hidde Kiekens;SDU;0;1;0;1;BUILDING template
KNOKKE-HEIST - FH08;319824;BL0816;;31668087;319824;;;Arcadelaan;56;;;;Hidde Kiekens;SDU;0;1;0;1;BUILDING template
KNOKKE-HEIST - FH08;2757524;BL0817;;31667830;2757524;;;Acacialaan;18;;;;Geert Stockman;SDU;0;1;0;1;BUILDING template
KNOKKE-HEIST - FH08;319825;BL0815;;31668088;319825;;;Arcadelaan;58;;;;Hidde Kiekens;SDU;0;1;0;1;BUILDING template
KNOKKE-HEIST - FH08;2757525;BL0816;;31667831;2757525;;;Acacialaan;19;;;;Hidde Kiekens;SDU;0;1;0;1;BUILDING template
KNOKKE-HEIST - FH08;319826;BL0809;;31668089;319826;;;Arcadelaan;11;;;;Hidde Kiekens;SDU;0;1;0;1;BUILDING template
KNOKKE-HEIST - FH08;2757527;BL0817;;31667832;2757527;;;Acacialaan;20;;;;Geert Stockman;SDU;0;1;0;1;BUILDING template
KNOKKE-HEIST - FH08;319827;BL0817;;31668090;319827;;;Acacialaan;2;;;;Geert Stockman;MDU;0;5;0;5;BUILDING template
KNOKKE-HEIST - FH08;2757528;BL0816;;31667833;2757528;;;Acacialaan;21;;;;Hidde Kiekens;SDU;0;1;0;1;BUILDING template
KNOKKE-HEIST - FH08;319828;BL0817;;31668091;319828;;;Acacialaan;6;;;;Geert Stockman;SDU;0;1;0;1;BUILDING template
KNOKKE-HEIST - FH08;2757529;BL0817;;31667834;2757529;;;Acacialaan;26;;;;Geert Stockman;SDU;0;1;0;1;BUILDING template
KNOKKE-HEIST - FH08;319829;BL0817;;31668092;319829;;;Acacialaan;4;;;;Geert Stockman;SDU;0;1;0;1;BUILDING template
KNOKKE-HEIST - FH08;2757530;BL0817;;31667835;2757530;;;Acacialaan;28;;;;Geert Stockman;MDU;0;1;0;1;BUILDING template
KNOKKE-HEIST - FH08;319830;BL0817;;31668093;319830;;;Acacialaan;22;;;;Geert Stockman;SDU;0;1;0;1;BUILDING template
KNOKKE-HEIST - FH08;2757531;BL0817;;31667836;2757531;;;Acacialaan;30;;;;Geert Stockman;MDU;0;1;0;1;BUILDING template
KNOKKE-HEIST - FH08;319831;BL0817;;31668094;319831;;;Acacialaan;24;;;;Geert Stockman;MDU;0;1;0;1;BUILDING template
KNOKKE-HEIST - FH08;2757532;BL0818;;31667837;2757532;;;Acacialaan;31;;;;Geert Stockman;MDU;0;1;0;1;BUILDING template
KNOKKE-HEIST - FH08;319832;BL0817;;31668095;319832;;;Acacialaan;46;;;;Geert Stockman;SDU;0;1;0;1;BUILDING template
KNOKKE-HEIST - FH08;2757534;BL0817;;31667838;2757534;;;Acacialaan;32;;;;Geert Stockman;MDU;0;1;0;1;BUILDING template
KNOKKE-HEIST - FH08;319833;BL0816;;31668096;319833;;;Acacialaan;25;;;;Hidde Kiekens;SDU;0;1;0;1;BUILDING template
KNOKKE-HEIST - FH08;2757535;BL0818;;31667839;2757535;;;Acacialaan;33;;;;Geert Stockman;MDU;0;1;0;1;BUILDING template
KNOKKE-HEIST - FH08;319834;BL0816;;31668097;319834;;;Acacialaan;23;;;;Hidde Kiekens;SDU;0;1;0;1;BUILDING template
KNOKKE-HEIST - FH08;2757536;BL0817;;31667840;2757536;;;Acacialaan;34;;;;Geert Stockman;SDU;0;1;0;1;BUILDING template
KNOKKE-HEIST - FH08;319835;BL0817;;31668098;319835;;;Acacialaan;44;;;;Geert Stockman;MDU;0;1;0;1;BUILDING template
KNOKKE-HEIST - FH08;2757537;BL0818;;31667841;2757537;;;Acacialaan;35;;;;Geert Stockman;SDU;0;1;0;1;BUILDING template
KNOKKE-HEIST - FH08;319836;BL0816;;31668099;319836;;;Acacialaan;1;;;;Hidde Kiekens;SDU;0;1;0;1;BUILDING template
KNOKKE-HEIST - FH08;2757538;BL0817;;31667842;2757538;;;Acacialaan;36;;;;Geert Stockman;MDU;0;1;0;1;BUILDING template
KNOKKE-HEIST - FH08;319837;BL0816;;31668100;319837;;;Wilderozenpad;1;;;;Hidde Kiekens;SDU;0;1;0;1;BUILDING template
KNOKKE-HEIST - FH08;2757539;BL0818;;31667843;2757539;;;Acacialaan;37;;;;Geert Stockman;MDU;0;1;0;1;BUILDING template
KNOKKE-HEIST - FH08;319838;BL0816;;31668101;319838;;;Wilderozenpad;3;;;;Hidde Kiekens;SDU;0;1;0;1;BUILDING template
KNOKKE-HEIST - FH08;2757541;BL0817;;31667844;2757541;;;Acacialaan;38;;;;Geert Stockman;MDU;0;1;0;1;BUILDING template
KNOKKE-HEIST - FH08;319839;BL0815;;31668102;319839;;;Stijn Streuvelsplein;4;;;;Hidde Kiekens;SDU;0;1;0;1;BUILDING template
KNOKKE-HEIST - FH08;2757542;BL0817;;31667845;2757542;;;Acacialaan;42;;;;Geert Stockman;MDU;0;1;0;1;BUILDING template
KNOKKE-HEIST - FH08;319840;BL0815;;31668103;319840;;;Stijn Streuvelsplein;1;;;;Hidde Kiekens;SDU;0;1;0;1;BUILDING template
KNOKKE-HEIST - FH08;2757543;BL0817;;31667846;2757543;;;Acacialaan;50;;;;Geert Stockman;MDU;0;1;0;1;BUILDING template
KNOKKE-HEIST - FH08;319841;BL0816;;31668104;319841;;;Beiaardlaan;16;;;;Hidde Kiekens;SDU;0;1;0;1;BUILDING template
KNOKKE-HEIST - FH08;2757544;BL0817;;31667847;2757544;;;Acacialaan;52;;;;Geert Stockman;SDU;0;1;0;1;BUILDING template
KNOKKE-HEIST - FH08;319842;BL0815;;31668105;319842;;;Beiaardlaan;17;;;;Hidde Kiekens;SDU;0;1;0;1;BUILDING template
KNOKKE-HEIST - FH08;2757545;BL0817;;31667848;2757545;;;Acacialaan;54;;;;Geert Stockman;SDU;0;1;0;1;BUILDING template
KNOKKE-HEIST - FH08;319843;BL0816;;31668106;319843;;;Beiaardlaan;6;;;;Hidde Kiekens;SDU;0;1;0;1;BUILDING template
KNOKKE-HEIST - FH08;2757546;BL0817;;31667849;2757546;;;Acacialaan;56;;;;Geert Stockman;SDU;0;1;0;1;BUILDING template
KNOKKE-HEIST - FH08;319845;BL0816;;31668107;319845;;;Beiaardlaan;8;;;;Hidde Kiekens;SDU;0;1;0;1;BUILDING template
KNOKKE-HEIST - FH08;2757547;BL0817;;31667850;2757547;;;Acacialaan;58;;;;Geert Stockman;SDU;0;1;0;1;BUILDING template
KNOKKE-HEIST - FH08;319847;BL0816;;31668108;319847;;;Beiaardlaan;10;;;;Hidde Kiekens;SDU;0;1;0;1;BUILDING template
KNOKKE-HEIST - FH08;2757548;BL0817;;31667851;2757548;;;Acacialaan;60;;;;Geert Stockman;SDU;0;1;0;1;BUILDING template
KNOKKE-HEIST - FH08;319848;BL0815;;31668109;319848;;;Beiaardlaan;3;;;;Hidde Kiekens;SDU;0;1;0;1;BUILDING template
KNOKKE-HEIST - FH08;2757549;BL0817;;31667852;2757549;;;Acacialaan;62;;;;Geert Stockman;SDU;0;1;0;1;BUILDING template
KNOKKE-HEIST - FH08;319852;BL0809;;31668111;319852;;;Theresialaan;27;;;;Hidde Kiekens;SDU;0;1;0;1;BUILDING template
KNOKKE-HEIST - FH08;2757550;BL0817;;31667853;2757550;;;Acacialaan;66;;;;Geert Stockman;SDU;0;1;0;1;BUILDING template
KNOKKE-HEIST - FH08;319854;BL0814;;31668112;319854;;;Theresialaan;8;;;;Hidde Kiekens;SDU;0;1;0;1;BUILDING template
KNOKKE-HEIST - FH08;2757551;BL0824;;31667854;2757551;;;Acacialaan;68;;;;Maayken Vanfleteren;SDU;0;1;0;1;BUILDING template
KNOKKE-HEIST - FH08;319856;BL0814;;31668113;319856;;;Theresialaan;10;;;;Hidde Kiekens;MDU;0;13;1;14;BUILDING template
KNOKKE-HEIST - FH08;2757552;BL0824;;31667855;2757552;;;Acacialaan;70;;;;Maayken Vanfleteren;SDU;0;1;0;1;BUILDING template
KNOKKE-HEIST - FH08;320089;BL0822;;31668114;320089;;;Meerlaan;105;;;;Maayken Vanfleteren;SDU;0;1;0;1;BUILDING template
KNOKKE-HEIST - FH08;2757553;BL0824;;31667856;2757553;;;Acacialaan;74;;;;Maayken Vanfleteren;SDU;0;1;0;1;BUILDING template
KNOKKE-HEIST - FH08;320091;BL0822;;31668115;320091;;;Meerlaan;103;;;;Maayken Vanfleteren;SDU;0;1;0;1;BUILDING template
KNOKKE-HEIST - FH08;2757554;BL0824;;31667857;2757554;;;Acacialaan;76;;;;Maayken Vanfleteren;SDU;0;1;0;1;BUILDING template
KNOKKE-HEIST - FH08;320220;BL0818;;31668116;320220;;;Kapellaan;46;;;;Geert Stockman;SDU;0;1;0;1;BUILDING template
KNOKKE-HEIST - FH08;2757891;BL0809;;31667858;2757891;;;Arcadelaan;15;;;;Hidde Kiekens;SDU;0;1;0;1;BUILDING template
KNOKKE-HEIST - FH08;320221;BL0818;;31668117;320221;;;Kapellaan;34;;;;Geert Stockman;SDU;0;1;0;1;BUILDING template
KNOKKE-HEIST - FH08;2757893;BL0809;;31667859;2757893;;;Arcadelaan;17;;;;Hidde Kiekens;MDU;0;1;1;2;BUILDING template
KNOKKE-HEIST - FH08;320222;BL0819;;31668118;320222;;;Kapellaan;43;;;;Geert Stockman;MDU;0;7;0;7;BUILDING template
