Projectnummer;Opdrachtnummer;NR LU;NR BU;NR SU;UNITS TOTAL;Buildingtype;Quadrant;Wall Mount;SS Reason;Number Floors;Height Cable;Perceel eigenschap;Crab Comment;Building exists;Building comment;Opdrachttemplate;Straat;Huisnummer;Huisnummer Toevoeging;BG Name
HASSELT - FH06;5530321;0;5;8;13;MDU;;N;IRREG;4;3;;;Y;_;BUILDING template;Gouverneur Roppesingel;15;;
HASSELT - FH06;662332;0;1;0;1;SDU;;N;ORN;9;3;;;Y;_;BUILDING template;Sint-Katarinalaan;3;;
HASSELT - FH06;662330;32;0;2;34;MDU;;N;ORN;8;3;;;Y;_;BUILDING template;Sint-Katarinalaan;9;;
HASSELT - FH06;3937568;4;0;0;4;MDU;;N;IRREG;3;3;;;Y;_;BUILDING template;Abraham Orteliuslaan;30;;
HASSELT - FH06;2440210;0;1;1;2;MDU;;N;IRREG;7;3;;;Y;_;BUILDING template;Stadsomvaart;11;;
HASSELT - FH06;666202;1;0;0;1;SDU;;N;IRREG;3;3;;;Y;_;BUILDING template;Abraham Orteliuslaan;32;;
HASSELT - FH06;4126800;1;0;0;1;SDU;;Y;NA;3;3;;;Y;_;BUILDING template;Maastrichtersteenweg;179;;
HASSELT - FH06;2427307;1;1;0;2;MDU;;Y;NA;3;3;;;Y;_;BUILDING template;Maastrichtersteenweg;181;;
HASSELT - FH06;2427323;1;1;1;3;MDU;;N;IRREG;3;3;;;Y;_;BUILDING template;Maastrichtersteenweg;187;;
HASSELT - FH06;3937521;9;0;0;9;MDU;;N;IRREG;4;3;;;Y;_;BUILDING template;Maastrichtersteenweg;193;;
HASSELT - FH06;666210;18;1;1;20;MDU;;N;IRREG;4;3;;;Y;_;BUILDING template;Maastrichtersteenweg;211;;
HASSELT - FH06;6052413;1;0;0;1;SDU;;N;ORN;3;3;;;Y;_;BUILDING template;Bondgenotenlaan;12;;
HASSELT - FH06;5884925;0;1;0;1;SDU;;N;IRREG;3;3;;;Y;_;BUILDING template;Casterstraat;77;;
HASSELT - FH06;78249;1;0;0;1;SDU;;N;IRREG;4;3;;;Y;;BUILDING template;Oude Luikerbaan;61;;
HASSELT - FH06;4155272;1;0;0;1;SDU;;N;ORN;3;4;;;Y;;BUILDING template;Oudstrijderslaan;22;;
HASSELT - FH06;662569;1;0;0;1;SDU;;N;ORN;3;4;;;Y;;BUILDING template;Oudstrijderslaan;24;;
HASSELT - FH06;662570;1;0;0;1;SDU;;N;ORN;3;4;;;Y;;BUILDING template;Oudstrijderslaan;26;;
HASSELT - FH06;4845812;1;0;0;1;SDU;;N;ORN;3;4;;;Y;;BUILDING template;Oudstrijderslaan;28;;
HASSELT - FH06;2433066;1;0;0;1;SDU;;N;ORN;3;4;;;Y;;BUILDING template;Oudstrijderslaan;30;;
HASSELT - FH06;2433067;1;0;0;1;SDU;;N;ORN;3;4;;;Y;;BUILDING template;Oudstrijderslaan;32;;
HASSELT - FH06;2433068;1;0;0;1;SDU;;N;ORN;3;4;;;Y;;BUILDING template;Oudstrijderslaan;34;;
HASSELT - FH06;2433072;1;0;0;1;SDU;;N;ORN;3;4;;;Y;;BUILDING template;Oudstrijderslaan;42;;
HASSELT - FH06;2433073;1;0;0;1;SDU;;N;ORN;3;4;;;Y;;BUILDING template;Oudstrijderslaan;44;;
HASSELT - FH06;2433074;1;0;0;1;SDU;;N;ORN;3;4;;;Y;;BUILDING template;Oudstrijderslaan;46;;
HASSELT - FH06;2433076;1;0;0;1;SDU;;N;ORN;3;4;;;Y;;BUILDING template;Oudstrijderslaan;48;;
HASSELT - FH06;2433079;1;0;0;1;SDU;;N;ORN;3;4;;;Y;;BUILDING template;Oudstrijderslaan;50;;
HASSELT - FH06;2433081;1;0;0;1;SDU;;N;ORN;3;4;;;Y;;BUILDING template;Oudstrijderslaan;52;;
HASSELT - FH06;2433084;1;0;0;1;SDU;;N;ORN;3;4;;;Y;;BUILDING template;Oudstrijderslaan;54;;
HASSELT - FH06;662572;1;0;0;1;SDU;;N;ORN;3;4;;;Y;;BUILDING template;Oudstrijderslaan;56;;
HASSELT - FH06;4248312;1;0;0;1;SDU;;N;ORN;3;4;;;Y;;BUILDING template;Oudstrijderslaan;58;;
HASSELT - FH06;666233;1;0;0;1;SDU;;Y;NA;4;4;;;Y;_;BUILDING template;Harpstraat;6;;
HASSELT - FH06;666232;1;0;0;1;SDU;;Y;NA;3;4;;;Y;_;BUILDING template;Harpstraat;8;;
HASSELT - FH06;666231;1;0;0;1;SDU;;Y;NA;3;4;;;Y;_;BUILDING template;Harpstraat;10;;
HASSELT - FH06;4201663;1;0;0;1;SDU;;Y;NA;3;4;;;Y;_;BUILDING template;Harpstraat;12;;
HASSELT - FH06;2416860;1;0;0;1;SDU;;Y;NA;3;4;;;Y;_;BUILDING template;Harpstraat;14;;
HASSELT - FH06;2416861;1;0;0;1;SDU;;Y;NA;3;4;;;Y;_;BUILDING template;Harpstraat;16;;
HASSELT - FH06;2416862;1;0;0;1;SDU;;Y;NA;3;4;;;Y;_;BUILDING template;Harpstraat;18;;
HASSELT - FH06;3937352;4;0;0;4;MDU;;Y;NA;4;4;;;Y;_;BUILDING template;Harpstraat;20;;
HASSELT - FH06;2416864;3;1;1;5;MDU;;Y;NA;4;4;;;Y;_;BUILDING template;Harpstraat;22;;
HASSELT - FH06;2416866;1;0;0;1;SDU;;Y;NA;4;4;;;Y;_;BUILDING template;Harpstraat;24;;
HASSELT - FH06;2416867;0;1;0;1;SDU;;Y;NA;4;4;;;Y;_;BUILDING template;Harpstraat;26;;
HASSELT - FH06;2416868;1;0;0;1;SDU;;Y;NA;4;4;;;Y;_;BUILDING template;Harpstraat;28;;
HASSELT - FH06;666229;1;0;0;1;SDU;;Y;NA;4;4;;;Y;_;BUILDING template;Harpstraat;30;;
HASSELT - FH06;1164596;32;0;0;32;MDU;;Y;NA;6;4;;;Y;_;BUILDING template;Helbeekplein;1;;
HASSELT - FH06;1326237;27;0;0;27;MDU;;Y;NA;6;4;;;Y;_;BUILDING template;Helbeekplein;2;;
HASSELT - FH06;78333;27;0;0;27;MDU;;Y;NA;6;4;;;Y;_;BUILDING template;Helbeekplein;7;;
HASSELT - FH06;78334;28;0;0;28;MDU;;Y;NA;6;4;;;Y;_;BUILDING template;Helbeekplein;8;;
HASSELT - FH06;3937371;26;0;0;26;MDU;;Y;NA;6;4;;;Y;_;BUILDING template;Helbeekplein;9;;
HASSELT - FH06;2417629;1;0;0;1;SDU;;N;ORN;3;4;;;Y;;BUILDING template;Heldenplein;1;;
HASSELT - FH06;2417630;0;1;1;2;MDU;;N;ORN;3;4;;;Y;;BUILDING template;Heldenplein;2;;
HASSELT - FH06;2417631;1;0;0;1;SDU;;N;ORN;3;4;;;Y;;BUILDING template;Heldenplein;3;;
HASSELT - FH06;2417633;1;0;0;1;SDU;;N;ORN;3;4;;;Y;;BUILDING template;Heldenplein;4;;
HASSELT - FH06;662555;1;1;0;2;MDU;;N;ORN;3;4;;;Y;;BUILDING template;Heldenplein;8;;
HASSELT - FH06;1274790;2;1;1;4;MDU;;N;ORN;3;4;;;Y;;BUILDING template;Heldenplein;9;;
HASSELT - FH06;2417635;0;1;1;2;MDU;;N;ORN;3;4;;;Y;;BUILDING template;Heldenplein;10;;
HASSELT - FH06;662554;1;0;0;1;SDU;;N;ORN;3;4;;;Y;;BUILDING template;Heldenplein;11;;
HASSELT - FH06;25182;2;0;0;2;MDU;;Y;NA;3;4;;;;_;BUILDING template;Harpstraat;2;;
HASSELT - FH06;2416857;0;1;0;1;SDU;;Y;NA;1;4;;;;_;BUILDING template;Harpstraat;4;;
HASSELT - FH06;662334;17;1;1;19;MDU;;N;ORN;8;4;;;Y;_;BUILDING template;Sint-Katarinalaan;7;;
HASSELT - FH06;2419814;0;1;1;2;MDU;;N;ORN;8;4;;;Y;_;BUILDING template;Sint-Katarinaplein;9;;
HASSELT - FH06;2419815;30;0;0;30;MDU;;N;ORN;8;4;;;Y;_;BUILDING template;Sint-Katarinaplein;10;;
HASSELT - FH06;4866140;0;1;1;2;MDU;;N;ORN;8;4;;;Y;_;BUILDING template;Sint-Katarinaplein;11;;
HASSELT - FH06;5422672;0;1;1;2;MDU;;N;ORN;8;4;;;Y;_;BUILDING template;Sint-Katarinaplein;11;A;
HASSELT - FH06;2419818;34;0;0;34;MDU;;N;ORN;8;4;;;Y;_;BUILDING template;Sint-Katarinaplein;12;;
HASSELT - FH06;4845707;0;1;1;2;MDU;;N;ORN;8;4;;;Y;_;BUILDING template;Sint-Katarinaplein;13;;
HASSELT - FH06;3937405;0;1;1;2;MDU;;N;ORN;8;4;;;Y;_;BUILDING template;Sint-Katarinaplein;14;;
HASSELT - FH06;2419823;64;2;2;68;MDU;;N;ORN;8;4;;;Y;_;BUILDING template;Sint-Katarinaplein;15;;
HASSELT - FH06;662249;16;1;1;18;MDU;;N;ORN;8;4;;;Y;;BUILDING template;Sint-Katarinaplein;19;;
HASSELT - FH06;662252;33;0;0;33;MDU;;N;ORN;8;4;;;Y;;BUILDING template;Sint-Katarinaplein;20;;
HASSELT - FH06;2419825;0;1;1;2;MDU;;N;ORN;8;4;;;Y;_;BUILDING template;Sint-Katarinaplein;21;;
HASSELT - FH06;662578;1;0;0;1;SDU;;N;ORN;3;4;;;Y;;BUILDING template;Vuurkruisenlaan;1;;
HASSELT - FH06;662579;1;0;0;1;SDU;;N;ORN;3;4;;;Y;;BUILDING template;Vuurkruisenlaan;2;;
HASSELT - FH06;4845782;1;0;0;1;SDU;;N;ORN;3;4;;;Y;;BUILDING template;Vuurkruisenlaan;3;;
HASSELT - FH06;662583;1;0;0;1;SDU;;N;ORN;3;4;;;Y;;BUILDING template;Vuurkruisenlaan;4;;
HASSELT - FH06;4845783;1;0;0;1;SDU;;N;ORN;3;4;;;Y;;BUILDING template;Vuurkruisenlaan;5;;
HASSELT - FH06;662582;1;0;0;1;SDU;;N;ORN;3;4;;;Y;;BUILDING template;Vuurkruisenlaan;6;;
HASSELT - FH06;2446522;1;0;0;1;SDU;;N;ORN;3;4;;;Y;;BUILDING template;Vuurkruisenlaan;7;;
HASSELT - FH06;4846008;1;0;0;1;SDU;;N;ORN;3;4;;;Y;;BUILDING template;Vuurkruisenlaan;8;;
HASSELT - FH06;4845786;1;0;0;1;SDU;;N;ORN;3;4;;;Y;;BUILDING template;Vuurkruisenlaan;9;;
HASSELT - FH06;662580;1;0;0;1;SDU;;N;ORN;3;4;;;Y;;BUILDING template;Vuurkruisenlaan;10;;
HASSELT - FH06;666206;0;1;0;1;SDU;;Y;NA;3;4;;;Y;_;BUILDING template;Maastrichtersteenweg;153;;
HASSELT - FH06;2446525;1;0;0;1;SDU;;N;ORN;3;4;;;Y;;BUILDING template;Vuurkruisenlaan;11;;
HASSELT - FH06;2427274;3;0;0;3;MDU;;Y;NA;4;4;;;Y;_;BUILDING template;Maastrichtersteenweg;155;;
HASSELT - FH06;3937517;3;0;0;3;MDU;;Y;NA;3;4;;;Y;_;BUILDING template;Maastrichtersteenweg;155;A;
HASSELT - FH06;2446528;1;0;0;1;SDU;;N;ORN;3;4;;;Y;;BUILDING template;Vuurkruisenlaan;13;;
HASSELT - FH06;3937518;2;0;0;2;MDU;;Y;NA;3;4;;;Y;_;BUILDING template;Maastrichtersteenweg;157;;
HASSELT - FH06;4149552;1;0;0;1;SDU;;Y;NA;3;4;;;Y;_;BUILDING template;Maastrichtersteenweg;159;;
HASSELT - FH06;2427277;3;0;0;3;MDU;;Y;NA;3;4;;;Y;_;BUILDING template;Maastrichtersteenweg;161;;
HASSELT - FH06;2427281;1;0;0;1;SDU;;Y;NA;3;4;;;Y;_;BUILDING template;Maastrichtersteenweg;163;;
HASSELT - FH06;2446533;1;0;0;1;SDU;;N;ORN;3;4;;;Y;;BUILDING template;Vuurkruisenlaan;17;;
HASSELT - FH06;2427284;1;0;0;1;SDU;;Y;NA;3;4;;;Y;_;BUILDING template;Maastrichtersteenweg;165;;
HASSELT - FH06;2427286;1;0;0;1;SDU;;Y;NA;4;4;;;Y;_;BUILDING template;Maastrichtersteenweg;167;;
HASSELT - FH06;2446536;1;0;0;1;SDU;;N;ORN;3;4;;;Y;;BUILDING template;Vuurkruisenlaan;19;;
HASSELT - FH06;2427288;1;0;0;1;SDU;;Y;NA;3;4;;;Y;_;BUILDING template;Maastrichtersteenweg;169;;
HASSELT - FH06;2427290;3;0;0;3;MDU;;Y;NA;3;4;;;Y;;BUILDING template;Maastrichtersteenweg;171;;
HASSELT - FH06;2446539;1;0;0;1;SDU;;N;ORN;3;4;;;Y;;BUILDING template;Vuurkruisenlaan;21;;
HASSELT - FH06;2446543;1;0;0;1;SDU;;N;ORN;3;4;;;Y;;BUILDING template;Vuurkruisenlaan;23;;
HASSELT - FH06;5412017;1;0;0;1;SDU;;Y;NA;3;4;;;Y;_;BUILDING template;Maastrichtersteenweg;173;A;
HASSELT - FH06;2427294;1;1;1;3;MDU;;Y;NA;2;4;;;Y;_;BUILDING template;Maastrichtersteenweg;175;;
HASSELT - FH06;2446545;1;0;0;1;SDU;;N;ORN;3;4;;;Y;;BUILDING template;Vuurkruisenlaan;25;;
HASSELT - FH06;2427295;0;1;0;1;SDU;;Y;NA;3;4;;;Y;_;BUILDING template;Maastrichtersteenweg;175;A;
HASSELT - FH06;2427299;2;0;0;2;MDU;;Y;NA;3;4;;;Y;_;BUILDING template;Maastrichtersteenweg;177;;
HASSELT - FH06;662584;1;0;0;1;SDU;;N;ORN;3;4;;;Y;;BUILDING template;Vuurkruisenlaan;27;;
HASSELT - FH06;2427318;1;0;0;1;SDU;;Y;NA;2;4;;;Y;_;BUILDING template;Maastrichtersteenweg;183;;
HASSELT - FH06;662561;1;0;0;1;SDU;;N;ORN;3;4;;;Y;;BUILDING template;Bondgenotenlaan;1;;
HASSELT - FH06;662563;1;0;0;1;SDU;;N;ORN;3;4;;;Y;;BUILDING template;Bondgenotenlaan;2;;
HASSELT - FH06;2427367;1;0;0;1;SDU;;N;ORN;2;4;;;Y;;BUILDING template;Maastrichtersteenweg;197;;
HASSELT - FH06;662560;1;0;0;1;SDU;;N;ORN;3;4;;;Y;;BUILDING template;Bondgenotenlaan;3;;
HASSELT - FH06;666209;1;0;0;1;SDU;;N;ORN;3;4;;;Y;;BUILDING template;Maastrichtersteenweg;199;;
HASSELT - FH06;2409675;1;0;0;1;SDU;;N;ORN;3;4;;;Y;;BUILDING template;Bondgenotenlaan;4;;
HASSELT - FH06;2409677;1;0;0;1;SDU;;N;ORN;3;4;;;Y;;BUILDING template;Bondgenotenlaan;6;;
HASSELT - FH06;2409679;1;0;0;1;SDU;;N;ORN;3;4;;;Y;;BUILDING template;Bondgenotenlaan;7;;
HASSELT - FH06;2409680;1;0;0;1;SDU;;N;ORN;3;4;;;Y;;BUILDING template;Bondgenotenlaan;8;;
HASSELT - FH06;2409681;1;0;0;1;SDU;;N;ORN;3;4;;;Y;;BUILDING template;Bondgenotenlaan;9;;
HASSELT - FH06;662562;1;0;0;1;SDU;;N;ORN;3;4;;;Y;;BUILDING template;Bondgenotenlaan;10;;
HASSELT - FH06;662451;1;0;0;1;SDU;;N;ORN;3;4;;;Y;;BUILDING template;Bondgenotenlaan;11;;
HASSELT - FH06;662586;1;0;0;1;SDU;;N;ORN;3;4;;;Y;;BUILDING template;Weerstandslaan;1;;
HASSELT - FH06;662449;1;0;0;1;SDU;;N;ORN;3;4;;;Y;;BUILDING template;Bondgenotenlaan;13;;
HASSELT - FH06;25174;1;0;0;1;SDU;;N;ORN;3;4;;;Y;;BUILDING template;Weerstandslaan;2;;
HASSELT - FH06;2409688;1;0;0;1;SDU;;N;ORN;3;4;;;Y;;BUILDING template;Bondgenotenlaan;15;;
HASSELT - FH06;2446946;1;0;0;1;SDU;;N;ORN;3;4;;;Y;;BUILDING template;Weerstandslaan;3;;
HASSELT - FH06;2419827;0;1;0;1;SDU;;N;ORN;8;4;;;;_;BUILDING template;Sint-Katarinaplein;22;;
HASSELT - FH06;2446948;1;0;0;1;SDU;;N;ORN;3;4;;;Y;;BUILDING template;Weerstandslaan;4;;
HASSELT - FH06;662447;1;0;0;1;SDU;;N;ORN;3;4;;;Y;;BUILDING template;Bondgenotenlaan;19;;
HASSELT - FH06;2446949;1;0;0;1;SDU;;N;ORN;3;4;;;Y;;BUILDING template;Weerstandslaan;5;;
HASSELT - FH06;2419791;0;1;0;1;SDU;;N;ORN;9;4;;;;_;BUILDING template;Sint-Katarinalaan;11;;
HASSELT - FH06;2409691;1;0;0;1;SDU;;N;ORN;3;4;;;Y;;BUILDING template;Bondgenotenlaan;21;;
HASSELT - FH06;2446950;1;0;0;1;SDU;;N;ORN;3;4;;;Y;;BUILDING template;Weerstandslaan;6;;
HASSELT - FH06;2409694;1;0;0;1;SDU;;N;ORN;3;4;;;Y;;BUILDING template;Bondgenotenlaan;23;;
HASSELT - FH06;78264;6;0;0;6;MDU;;Y;NA;3;4;;;Y;_;BUILDING template;Oude Luikerbaan;13;;
HASSELT - FH06;2446953;1;0;0;1;SDU;;N;ORN;3;4;;;Y;;BUILDING template;Weerstandslaan;7;;
HASSELT - FH06;78251;4;0;0;4;MDU;;Y;NA;3;4;;;Y;_;BUILDING template;Oude Luikerbaan;15;;
HASSELT - FH06;2446956;1;0;0;1;SDU;;N;ORN;3;4;;;Y;;BUILDING template;Weerstandslaan;8;;
HASSELT - FH06;78245;0;1;0;1;SDU;;Y;NA;3;4;;;Y;;BUILDING template;Oude Luikerbaan;16;;
HASSELT - FH06;662587;1;0;0;1;SDU;;N;ORN;3;4;;;Y;;BUILDING template;Weerstandslaan;9;;
HASSELT - FH06;2426236;1;0;0;1;SDU;;Y;NA;3;4;;;Y;_;BUILDING template;Oude Luikerbaan;17;;
HASSELT - FH06;662588;1;0;0;1;SDU;;N;ORN;3;4;;;Y;;BUILDING template;Weerstandslaan;10;;
HASSELT - FH06;2426238;9;0;0;9;MDU;;Y;NA;4;4;;;Y;_;BUILDING template;Oude Luikerbaan;17;A;
HASSELT - FH06;662575;1;0;0;1;SDU;;N;ORN;3;4;;;Y;;BUILDING template;Zeven-Septemberlaan;1;;
HASSELT - FH06;2426242;12;1;0;13;MDU;;Y;NA;4;4;;;Y;;BUILDING template;Oude Luikerbaan;18;;
HASSELT - FH06;662576;1;0;0;1;SDU;;N;ORN;3;4;;;Y;;BUILDING template;Zeven-Septemberlaan;2;;
HASSELT - FH06;78329;1;0;0;1;SDU;;Y;NA;3;4;;;Y;_;BUILDING template;Oude Luikerbaan;19;;
HASSELT - FH06;4069703;1;0;0;1;SDU;;N;ORN;3;4;;;Y;;BUILDING template;Zeven-Septemberlaan;3;;
HASSELT - FH06;2426244;1;0;0;1;SDU;;Y;NA;2;4;;;Y;_;BUILDING template;Oude Luikerbaan;21;;
HASSELT - FH06;2448661;1;0;0;1;SDU;;N;ORN;3;4;;;Y;;BUILDING template;Zeven-Septemberlaan;4;;
HASSELT - FH06;2426246;1;0;0;1;SDU;;Y;NA;3;4;;;Y;_;BUILDING template;Oude Luikerbaan;23;;
HASSELT - FH06;2448662;1;0;0;1;SDU;;N;ORN;3;4;;;Y;;BUILDING template;Zeven-Septemberlaan;5;;
HASSELT - FH06;1290254;4;0;0;4;MDU;;Y;NA;3;4;;;Y;_;BUILDING template;Oude Luikerbaan;24;;
HASSELT - FH06;662577;1;0;0;1;SDU;;N;ORN;3;4;;;Y;;BUILDING template;Zeven-Septemberlaan;6;;
HASSELT - FH06;2426249;2;0;0;2;MDU;;Y;NA;3;4;;;Y;_;BUILDING template;Oude Luikerbaan;25;;
HASSELT - FH06;2448663;1;0;0;1;SDU;;N;ORN;3;4;;;Y;;BUILDING template;Zeven-Septemberlaan;7;;
HASSELT - FH06;4848333;1;0;0;1;SDU;;Y;NA;4;4;;;Y;_;BUILDING template;Oude Luikerbaan;26;;
HASSELT - FH06;662496;1;0;0;1;SDU;;N;ORN;3;4;;;Y;;BUILDING template;Zeven-Septemberlaan;8;;
HASSELT - FH06;2426251;8;0;0;8;MDU;;Y;NA;3;4;;;Y;_;BUILDING template;Oude Luikerbaan;27;;
HASSELT - FH06;2448665;1;0;0;1;SDU;;N;ORN;3;4;;;Y;;BUILDING template;Zeven-Septemberlaan;9;;
HASSELT - FH06;2426254;1;0;0;1;SDU;;Y;NA;3;4;;;Y;_;BUILDING template;Oude Luikerbaan;28;;
HASSELT - FH06;2448668;1;0;0;1;SDU;;N;ORN;3;4;;;Y;;BUILDING template;Zeven-Septemberlaan;10;;
HASSELT - FH06;3937489;1;0;0;1;SDU;;Y;NA;3;4;;;Y;_;BUILDING template;Oude Luikerbaan;29;;
HASSELT - FH06;662574;1;0;0;1;SDU;;N;ORN;3;4;;;Y;;BUILDING template;Zeven-Septemberlaan;11;;
HASSELT - FH06;2426256;2;0;0;2;MDU;;Y;NA;3;4;;;Y;_;BUILDING template;Oude Luikerbaan;30;;
HASSELT - FH06;4129284;1;0;0;1;SDU;;N;ORN;3;4;;;Y;;BUILDING template;Zeven-Septemberlaan;12;;
HASSELT - FH06;2426257;1;0;0;1;SDU;;N;ORN;3;4;;;Y;;BUILDING template;Oude Luikerbaan;31;;
HASSELT - FH06;2448672;0;1;1;2;MDU;;N;ORN;3;4;;;Y;;BUILDING template;Zeven-Septemberlaan;13;;
HASSELT - FH06;2426258;1;0;0;1;SDU;;Y;NA;3;4;;;Y;_;BUILDING template;Oude Luikerbaan;32;;
HASSELT - FH06;2448673;1;0;0;1;SDU;;N;ORN;3;4;;;Y;;BUILDING template;Zeven-Septemberlaan;14;;
HASSELT - FH06;2426260;1;0;0;1;SDU;;N;ORN;3;4;;;Y;;BUILDING template;Oude Luikerbaan;33;;
HASSELT - FH06;2448674;0;1;1;2;MDU;;N;IRREG;4;4;;;Y;_;BUILDING template;Zeven-Septemberlaan;15;;
HASSELT - FH06;4848342;1;0;0;1;SDU;;Y;NA;4;4;;;Y;_;BUILDING template;Oude Luikerbaan;34;;
HASSELT - FH06;662568;1;0;0;1;SDU;;N;ORN;3;4;;;Y;;BUILDING template;Zeven-Septemberlaan;16;;
HASSELT - FH06;78252;1;0;0;1;SDU;;N;IRREG;3;4;;;Y;;BUILDING template;Oude Luikerbaan;35;;
HASSELT - FH06;2426262;1;0;0;1;SDU;;Y;NA;3;4;;;Y;_;BUILDING template;Oude Luikerbaan;36;;
HASSELT - FH06;78248;1;0;0;1;SDU;;N;IRREG;3;4;;;Y;;BUILDING template;Oude Luikerbaan;37;;
HASSELT - FH06;4271274;1;0;0;1;SDU;;Y;NA;3;4;;;Y;_;BUILDING template;Oude Luikerbaan;38;;
HASSELT - FH06;2426265;1;0;0;1;SDU;;N;IRREG;3;4;;;Y;;BUILDING template;Oude Luikerbaan;39;;
HASSELT - FH06;2426266;1;0;0;1;SDU;;Y;NA;3;4;;;Y;_;BUILDING template;Oude Luikerbaan;40;;
HASSELT - FH06;2426268;1;0;0;1;SDU;;N;IRREG;3;4;;;Y;;BUILDING template;Oude Luikerbaan;41;;
HASSELT - FH06;4063240;1;0;0;1;SDU;;Y;NA;3;4;;;Y;_;BUILDING template;Oude Luikerbaan;42;;
HASSELT - FH06;2426271;1;0;0;1;SDU;;N;IRREG;3;4;;;Y;;BUILDING template;Oude Luikerbaan;43;;
HASSELT - FH06;2426272;1;0;0;1;SDU;;Y;NA;4;4;;;Y;_;BUILDING template;Oude Luikerbaan;44;;
HASSELT - FH06;2426273;1;0;0;1;SDU;;Y;NA;4;4;;;Y;_;BUILDING template;Oude Luikerbaan;46;;
HASSELT - FH06;78246;1;0;0;1;SDU;;Y;NA;3;4;;;Y;_;BUILDING template;Oude Luikerbaan;48;;
HASSELT - FH06;2426275;1;0;0;1;SDU;;N;IRREG;3;4;;;Y;;BUILDING template;Oude Luikerbaan;49;;
HASSELT - FH06;2426276;1;0;0;1;SDU;;Y;NA;3;4;;;Y;_;BUILDING template;Oude Luikerbaan;50;;
HASSELT - FH06;3937490;6;0;0;6;MDU;;Y;NA;3;4;;;Y;_;BUILDING template;Oude Luikerbaan;54;;
HASSELT - FH06;3937491;3;0;0;3;MDU;;Y;NA;3;4;;;Y;_;BUILDING template;Oude Luikerbaan;56;;
HASSELT - FH06;2426281;1;0;0;1;SDU;;Y;NA;3;4;;;Y;_;BUILDING template;Oude Luikerbaan;58;;
HASSELT - FH06;2426284;1;0;0;1;SDU;;N;IRREG;4;4;;;Y;;BUILDING template;Oude Luikerbaan;59;;
HASSELT - FH06;4848365;1;0;0;1;SDU;;Y;NA;3;4;;;Y;_;BUILDING template;Oude Luikerbaan;60;;
HASSELT - FH06;3937492;3;0;0;3;MDU;;Y;NA;3;4;;;Y;_;BUILDING template;Oude Luikerbaan;62;;
HASSELT - FH06;78330;2;0;0;2;MDU;;N;ORN;4;4;;;Y;;BUILDING template;Oude Luikerbaan;63;;
HASSELT - FH06;78247;1;0;0;1;SDU;;Y;NA;3;4;;;Y;_;BUILDING template;Oude Luikerbaan;64;;
HASSELT - FH06;78331;3;0;0;3;MDU;;N;ORN;4;4;;;Y;;BUILDING template;Oude Luikerbaan;65;;
HASSELT - FH06;662571;1;0;0;1;SDU;;N;ORN;3;4;;;Y;;BUILDING template;Oudstrijderslaan;2;;
HASSELT - FH06;2433046;1;0;0;1;SDU;;N;ORN;3;4;;;Y;;BUILDING template;Oudstrijderslaan;4;;
HASSELT - FH06;2433047;1;0;0;1;SDU;;N;ORN;3;4;;;Y;;BUILDING template;Oudstrijderslaan;6;;
HASSELT - FH06;2433049;1;0;0;1;SDU;;N;ORN;3;4;;;Y;;BUILDING template;Oudstrijderslaan;8;;
HASSELT - FH06;2433050;1;0;0;1;SDU;;N;ORN;3;4;;;Y;;BUILDING template;Oudstrijderslaan;10;;
HASSELT - FH06;2433055;1;0;0;1;SDU;;N;ORN;3;4;;;Y;;BUILDING template;Oudstrijderslaan;14;;
HASSELT - FH06;2433058;1;0;0;1;SDU;;N;ORN;3;4;;;Y;;BUILDING template;Oudstrijderslaan;16;;
HASSELT - FH06;2433061;1;0;0;1;SDU;;N;ORN;3;4;;;Y;;BUILDING template;Oudstrijderslaan;18;;
HASSELT - FH06;2433064;1;0;0;1;SDU;;N;ORN;3;6;;;Y;;BUILDING template;Oudstrijderslaan;20;;
HASSELT - FH06;2433069;1;0;0;1;SDU;;N;ORN;3;6;;;Y;;BUILDING template;Oudstrijderslaan;38;;
HASSELT - FH06;2433070;1;0;0;1;SDU;;N;ORN;3;6;;;Y;;BUILDING template;Oudstrijderslaan;40;;
HASSELT - FH06;2427291;1;0;0;1;SDU;;Y;NA;3;6;;;Y;;BUILDING template;Maastrichtersteenweg;171;A;
HASSELT - FH06;2427293;1;0;0;1;SDU;;Y;NA;3;6;;;Y;_;BUILDING template;Maastrichtersteenweg;173;;
HASSELT - FH06;2409690;1;0;0;1;SDU;;N;ORN;3;6;;;Y;;BUILDING template;Bondgenotenlaan;17;;
HASSELT - FH06;3989602;1;0;0;1;SDU;;Y;NA;4;6;;;Y;_;BUILDING template;Oude Luikerbaan;52;;
HASSELT - FH06;2426279;1;0;0;1;SDU;;N;IRREG;4;6;;;Y;;BUILDING template;Oude Luikerbaan;55;;
HASSELT - FH06;2426280;1;0;0;1;SDU;;N;IRREG;3;6;;;Y;;BUILDING template;Oude Luikerbaan;57;;
HASSELT - FH06;2426274;1;0;0;1;SDU;;N;IRREG;3;7;;;Y;;BUILDING template;Oude Luikerbaan;47;;
HASSELT - FH06;2426278;1;0;0;1;SDU;;N;IRREG;3;7;;;Y;;BUILDING template;Oude Luikerbaan;53;;
HASSELT - FH06;4164139;1;0;0;1;SDU;;N;IRREG;3;8;;;Y;;BUILDING template;Oude Luikerbaan;51;;
HASSELT - FH06;6395434;1;0;0;1;SDU;;N;HEIGHT;2;0;;;;_;BUILDING template;Singelbeekstraat;35;;
HASSELT - FH06;2429111;1;0;0;1;SDU;;N;IRREG;2;0;;;Y;_;BUILDING template;Geraard Mercatorlaan;15;;
HASSELT - FH06;662044;1;0;0;1;SDU;;N;IRREG;2;0;;;Y;_;BUILDING template;Geraard Mercatorlaan;16;;
HASSELT - FH06;6395433;1;0;0;1;SDU;;N;HEIGHT;2;0;;;;_;BUILDING template;Singelbeekstraat;39;;
HASSELT - FH06;2429117;1;0;0;1;SDU;;N;IRREG;3;0;;;Y;_;BUILDING template;Geraard Mercatorlaan;17;;
HASSELT - FH06;4176663;1;0;0;1;SDU;;N;IRREG;3;0;;;Y;_;BUILDING template;Geraard Mercatorlaan;18;;
HASSELT - FH06;NB-350010f22999;1;0;0;1;SDU;;N;HEIGHT;1;0;;;;_;BUILDING template;Simon Stevinlaan;10;;
HASSELT - FH06;2429134;1;0;0;1;SDU;;N;IRREG;3;0;;;Y;_;BUILDING template;Geraard Mercatorlaan;19;;
HASSELT - FH06;4861631;1;0;0;1;SDU;;N;IRREG;3;0;;;Y;_;BUILDING template;Geraard Mercatorlaan;20;;
HASSELT - FH06;NB-350012216d38;1;0;0;1;SDU;;N;HEIGHT;2;0;;;;_;BUILDING template;Simon Stevinlaan;12;;
HASSELT - FH06;662038;1;0;0;1;SDU;;N;IRREG;3;0;;;Y;_;BUILDING template;Geraard Mercatorlaan;21;;
HASSELT - FH06;662031;1;0;0;1;SDU;;N;IRREG;2;0;;;Y;_;BUILDING template;Geraard Mercatorlaan;22;;
HASSELT - FH06;662039;1;0;0;1;SDU;;N;IRREG;2;0;;;Y;_;BUILDING template;Geraard Mercatorlaan;23;;
HASSELT - FH06;2429140;1;0;0;1;SDU;;N;IRREG;2;0;;;Y;_;BUILDING template;Geraard Mercatorlaan;25;;
HASSELT - FH06;662033;1;0;0;1;SDU;;N;IRREG;2;0;;;Y;_;BUILDING template;Geraard Mercatorlaan;26;;
HASSELT - FH06;2429141;1;0;0;1;SDU;;N;IRREG;3;0;;;Y;_;BUILDING template;Geraard Mercatorlaan;27;;
HASSELT - FH06;2429142;1;0;0;1;SDU;;N;IRREG;3;0;;;Y;_;BUILDING template;Geraard Mercatorlaan;28;;
HASSELT - FH06;2429144;1;0;0;1;SDU;;N;IRREG;3;0;;;Y;_;BUILDING template;Geraard Mercatorlaan;29;;
HASSELT - FH06;2429148;1;0;0;1;SDU;;N;IRREG;3;0;;;Y;_;BUILDING template;Geraard Mercatorlaan;30;;
HASSELT - FH06;2429161;1;0;0;1;SDU;;N;IRREG;2;0;;;Y;_;BUILDING template;Geraard Mercatorlaan;31;;
HASSELT - FH06;2429164;1;0;0;1;SDU;;N;IRREG;3;0;;;Y;_;BUILDING template;Geraard Mercatorlaan;32;;
HASSELT - FH06;4861524;1;0;0;1;SDU;;N;IRREG;2;0;;;Y;_;BUILDING template;Geraard Mercatorlaan;33;;
HASSELT - FH06;2429165;1;0;0;1;SDU;;N;IRREG;3;0;;;Y;_;BUILDING template;Geraard Mercatorlaan;34;;
HASSELT - FH06;2429168;1;0;0;1;SDU;;N;IRREG;2;0;;;Y;_;BUILDING template;Geraard Mercatorlaan;35;;
HASSELT - FH06;2429173;1;0;0;1;SDU;;N;IRREG;3;0;;;Y;_;BUILDING template;Geraard Mercatorlaan;36;;
HASSELT - FH06;662566;1;0;0;1;SDU;;N;IRREG;3;0;;;Y;_;BUILDING template;Plankeweidelaan;1;;
HASSELT - FH06;2429177;1;0;0;1;SDU;;N;IRREG;3;0;;;Y;_;BUILDING template;Geraard Mercatorlaan;37;;
HASSELT - FH06;662567;1;0;0;1;SDU;;N;IRREG;3;0;;;Y;_;BUILDING template;Plankeweidelaan;2;;
HASSELT - FH06;2429180;1;0;0;1;SDU;;N;IRREG;2;0;;;Y;_;BUILDING template;Geraard Mercatorlaan;38;;
HASSELT - FH06;2434152;1;0;0;1;SDU;;N;IRREG;3;0;;;Y;_;BUILDING template;Plankeweidelaan;3;;
HASSELT - FH06;4861498;1;0;0;1;SDU;;N;IRREG;3;0;;;Y;_;BUILDING template;Geraard Mercatorlaan;39;;
HASSELT - FH06;2434153;1;0;0;1;SDU;;N;IRREG;3;0;;;Y;_;BUILDING template;Plankeweidelaan;4;;
HASSELT - FH06;4127726;1;0;0;1;SDU;;N;IRREG;2;0;;;Y;_;BUILDING template;Geraard Mercatorlaan;40;;
HASSELT - FH06;2434154;1;0;0;1;SDU;;N;IRREG;3;0;;;Y;_;BUILDING template;Plankeweidelaan;5;;
HASSELT - FH06;662045;1;0;0;1;SDU;;N;IRREG;3;0;;;Y;_;BUILDING template;Geraard Mercatorlaan;41;;
HASSELT - FH06;2434157;1;0;0;1;SDU;;N;IRREG;3;0;;;Y;_;BUILDING template;Plankeweidelaan;6;;
HASSELT - FH06;2429189;1;0;0;1;SDU;;N;IRREG;2;0;;;Y;_;BUILDING template;Geraard Mercatorlaan;42;;
HASSELT - FH06;4181864;1;0;0;1;SDU;;N;IRREG;3;0;;;Y;_;BUILDING template;Plankeweidelaan;7;;
HASSELT - FH06;NB-35003031f192;1;0;0;1;SDU;;N;HEIGHT;2;0;;;;_;BUILDING template;Jan van Helmontlaan;30;;
HASSELT - FH06;2429191;1;0;0;1;SDU;;N;IRREG;3;0;;;Y;_;BUILDING template;Geraard Mercatorlaan;44;;
HASSELT - FH06;2434158;3;1;0;4;MDU;;N;IRREG;3;0;;;Y;_;BUILDING template;Plankeweidelaan;8;;
HASSELT - FH06;2429195;1;0;0;1;SDU;;N;IRREG;3;0;;;Y;_;BUILDING template;Geraard Mercatorlaan;45;;
HASSELT - FH06;662565;1;0;0;1;SDU;;N;IRREG;3;0;;;Y;_;BUILDING template;Plankeweidelaan;9;;
HASSELT - FH06;NB-3500166c5873;1;0;0;1;SDU;;N;HEIGHT;2;0;;;;_;BUILDING template;Jan van Helmontlaan;16;;
HASSELT - FH06;2429199;1;0;0;1;SDU;;N;IRREG;3;0;;;Y;_;BUILDING template;Geraard Mercatorlaan;46;;
HASSELT - FH06;662564;1;0;0;1;SDU;;N;IRREG;3;0;;;Y;_;BUILDING template;Plankeweidelaan;10;;
HASSELT - FH06;662035;1;0;0;1;SDU;;N;IRREG;2;0;;;Y;_;BUILDING template;Geraard Mercatorlaan;48;;
HASSELT - FH06;2434160;1;0;0;1;SDU;;N;IRREG;3;0;;;Y;_;BUILDING template;Plankeweidelaan;11;;
HASSELT - FH06;3937699;1;0;0;1;SDU;;N;HEIGHT;2;0;;;;_;BUILDING template;Jan van Helmontlaan;52;;
HASSELT - FH06;2429206;1;0;0;1;SDU;;N;IRREG;3;0;;;Y;_;BUILDING template;Geraard Mercatorlaan;49;;
HASSELT - FH06;2434162;1;0;0;1;SDU;;N;IRREG;3;0;;;Y;_;BUILDING template;Plankeweidelaan;12;;
HASSELT - FH06;662037;1;0;0;1;SDU;;N;IRREG;3;0;;;Y;_;BUILDING template;Geraard Mercatorlaan;50;;
HASSELT - FH06;2434165;1;0;0;1;SDU;;N;IRREG;3;0;;;Y;_;BUILDING template;Plankeweidelaan;13;;
HASSELT - FH06;2429210;1;0;0;1;SDU;;N;IRREG;3;0;;;Y;_;BUILDING template;Geraard Mercatorlaan;51;;
HASSELT - FH06;2434168;1;0;0;1;SDU;;N;IRREG;3;0;;;Y;_;BUILDING template;Plankeweidelaan;14;;
HASSELT - FH06;662040;1;0;0;1;SDU;;N;IRREG;2;0;;;Y;_;BUILDING template;Geraard Mercatorlaan;53;;
HASSELT - FH06;2434170;1;0;0;1;SDU;;N;IRREG;4;0;;;Y;_;BUILDING template;Plankeweidelaan;16;;
HASSELT - FH06;2405827;0;1;1;2;MDU;;N;IRREG;3;0;;;Y;_;BUILDING template;Gouverneur Roppesingel;13;;
HASSELT - FH06;2434171;1;0;0;1;SDU;;N;IRREG;3;0;;;Y;_;BUILDING template;Plankeweidelaan;18;;
HASSELT - FH06;662056;1;0;0;1;SDU;;N;IRREG;3;0;;;Y;_;BUILDING template;Rembert Dodoenslaan;1;;
HASSELT - FH06;1174354;0;2;1;3;MDU;;N;IRREG;4;0;;;Y;_;BUILDING template;Gouverneur Roppesingel;25;;
HASSELT - FH06;4861458;1;0;0;1;SDU;;N;IRREG;3;0;;;Y;_;BUILDING template;Rembert Dodoenslaan;2;;
HASSELT - FH06;2413945;1;0;0;1;SDU;;N;IRREG;2;0;;;Y;_;BUILDING template;Rembert Dodoenslaan;3;;
HASSELT - FH06;4861460;1;0;0;1;SDU;;N;IRREG;3;0;;;Y;_;BUILDING template;Rembert Dodoenslaan;4;;
HASSELT - FH06;2413947;1;0;0;1;SDU;;N;IRREG;3;0;;;Y;_;BUILDING template;Rembert Dodoenslaan;5;;
HASSELT - FH06;2413950;1;0;0;1;SDU;;N;IRREG;3;0;;;Y;_;BUILDING template;Rembert Dodoenslaan;6;;
HASSELT - FH06;2413952;1;0;0;1;SDU;;N;IRREG;3;0;;;Y;_;BUILDING template;Rembert Dodoenslaan;7;;
HASSELT - FH06;2413955;1;0;0;1;SDU;;N;IRREG;3;0;;;Y;_;BUILDING template;Rembert Dodoenslaan;8;;
HASSELT - FH06;2413958;1;0;0;1;SDU;;N;IRREG;3;0;;;Y;_;BUILDING template;Rembert Dodoenslaan;9;;
HASSELT - FH06;662060;1;0;0;1;SDU;;N;IRREG;2;0;;;Y;_;BUILDING template;Rembert Dodoenslaan;10;;
HASSELT - FH06;662059;1;0;0;1;SDU;;N;IRREG;2;0;;;Y;_;BUILDING template;Rembert Dodoenslaan;11;;
HASSELT - FH06;2413962;1;0;0;1;SDU;;N;IRREG;3;0;;;Y;_;BUILDING template;Rembert Dodoenslaan;13;;
HASSELT - FH06;2413964;1;0;0;1;SDU;;N;IRREG;2;0;;;Y;_;BUILDING template;Rembert Dodoenslaan;14;;
HASSELT - FH06;2413966;1;0;0;1;SDU;;N;IRREG;2;0;;;Y;_;BUILDING template;Rembert Dodoenslaan;15;;
HASSELT - FH06;2413968;1;0;0;1;SDU;;N;IRREG;2;0;;;Y;_;BUILDING template;Rembert Dodoenslaan;16;;
HASSELT - FH06;2413969;1;0;0;1;SDU;;N;IRREG;3;0;;;Y;_;BUILDING template;Rembert Dodoenslaan;17;;
HASSELT - FH06;2413970;1;0;0;1;SDU;;N;IRREG;2;0;;;Y;_;BUILDING template;Rembert Dodoenslaan;18;;
HASSELT - FH06;78255;13;0;0;13;MDU;;N;IRREG;6;0;;;Y;_;BUILDING template;Helbeekplein;3;;
HASSELT - FH06;2413971;1;0;0;1;SDU;;N;IRREG;3;0;;;Y;_;BUILDING template;Rembert Dodoenslaan;19;;
HASSELT - FH06;78256;14;0;0;14;MDU;;N;IRREG;6;0;;;Y;_;BUILDING template;Helbeekplein;4;;
HASSELT - FH06;2413973;1;0;0;1;SDU;;N;IRREG;3;0;;;Y;_;BUILDING template;Rembert Dodoenslaan;20;;
HASSELT - FH06;78257;14;0;0;14;MDU;;N;IRREG;6;0;;;Y;_;BUILDING template;Helbeekplein;5;;
HASSELT - FH06;662054;1;0;0;1;SDU;;N;IRREG;3;0;;;Y;_;BUILDING template;Rembert Dodoenslaan;21;;
HASSELT - FH06;78258;14;0;0;14;MDU;;N;IRREG;6;0;;;Y;_;BUILDING template;Helbeekplein;6;;
HASSELT - FH06;662053;1;0;0;1;SDU;;N;IRREG;2;0;;;Y;_;BUILDING template;Rembert Dodoenslaan;22;;
HASSELT - FH06;2413976;1;0;0;1;SDU;;N;IRREG;2;0;;;Y;_;BUILDING template;Rembert Dodoenslaan;24;;
HASSELT - FH06;2413979;1;0;0;1;SDU;;N;IRREG;3;0;;;Y;_;BUILDING template;Rembert Dodoenslaan;25;;
HASSELT - FH06;2413980;1;0;0;1;SDU;;N;IRREG;3;0;;;Y;_;BUILDING template;Rembert Dodoenslaan;26;;
HASSELT - FH06;1174349;0;1;0;1;SDU;;N;IRREG;3;0;;;;_;BUILDING template;Singelbeekstraat;12;;
HASSELT - FH06;662057;1;0;0;1;SDU;;N;IRREG;3;0;;;Y;_;BUILDING template;Rembert Dodoenslaan;27;;
HASSELT - FH06;662058;1;0;0;1;SDU;;N;IRREG;2;0;;;Y;_;BUILDING template;Rembert Dodoenslaan;28;;
HASSELT - FH06;2413981;1;0;0;1;SDU;;N;IRREG;3;0;;;Y;_;BUILDING template;Rembert Dodoenslaan;29;;
HASSELT - FH06;2413982;1;0;0;1;SDU;;N;IRREG;3;0;;;Y;_;BUILDING template;Rembert Dodoenslaan;30;;
HASSELT - FH06;1174346;1;2;0;3;MDU;;N;IRREG;4;0;;;;_;BUILDING template;Singelbeekstraat;16;;
HASSELT - FH06;2413983;1;0;0;1;SDU;;N;IRREG;3;0;;;Y;_;BUILDING template;Rembert Dodoenslaan;31;;
HASSELT - FH06;662055;1;0;0;1;SDU;;N;IRREG;2;0;;;Y;_;BUILDING template;Rembert Dodoenslaan;32;;
HASSELT - FH06;4032361;1;0;0;1;SDU;;N;IRREG;3;0;;;Y;_;BUILDING template;Rembert Dodoenslaan;33;;
HASSELT - FH06;662012;1;0;0;1;SDU;;N;IRREG;3;0;;;Y;_;BUILDING template;Simon Stevinlaan;2;;
HASSELT - FH06;662050;0;1;1;2;MDU;;N;IRREG;2;0;;;Y;_;BUILDING template;Jan Palfijnlaan;2;;
HASSELT - FH06;662014;1;0;0;1;SDU;;N;IRREG;2;0;;;Y;_;BUILDING template;Simon Stevinlaan;3;;
HASSELT - FH06;662049;0;1;1;2;MDU;;N;IRREG;3;0;;;Y;_;BUILDING template;Jan Palfijnlaan;4;;
HASSELT - FH06;4056383;1;0;0;1;SDU;;N;IRREG;2;0;;;Y;_;BUILDING template;Simon Stevinlaan;4;;
HASSELT - FH06;2433682;1;0;0;1;SDU;;N;IRREG;3;0;;;Y;_;BUILDING template;Jan Palfijnlaan;7;;
HASSELT - FH06;2441132;1;0;0;1;SDU;;N;IRREG;2;0;;;Y;_;BUILDING template;Simon Stevinlaan;5;;
HASSELT - FH06;2433685;1;0;0;1;SDU;;N;IRREG;3;0;;;Y;_;BUILDING template;Jan Palfijnlaan;9;;
HASSELT - FH06;2441135;1;0;0;1;SDU;;N;IRREG;2;0;;;Y;_;BUILDING template;Simon Stevinlaan;7;;
HASSELT - FH06;2433687;1;0;0;1;SDU;;N;IRREG;3;0;;;Y;_;BUILDING template;Jan Palfijnlaan;19;;
HASSELT - FH06;2441139;1;0;0;1;SDU;;N;ORN;3;0;;;Y;_;BUILDING template;Simon Stevinlaan;8;;
HASSELT - FH06;2433688;1;0;0;1;SDU;;N;IRREG;3;0;;;Y;_;BUILDING template;Jan Palfijnlaan;21;;
HASSELT - FH06;2441144;1;0;0;1;SDU;;N;IRREG;2;0;;;Y;_;BUILDING template;Simon Stevinlaan;9;;
HASSELT - FH06;2433689;1;0;0;1;SDU;;N;IRREG;2;0;;;Y;_;BUILDING template;Jan Palfijnlaan;23;;
HASSELT - FH06;662015;1;0;0;1;SDU;;N;IRREG;3;0;;;Y;_;BUILDING template;Simon Stevinlaan;11;;
HASSELT - FH06;662048;1;0;0;1;SDU;;N;IRREG;3;0;;;Y;_;BUILDING template;Jan Palfijnlaan;25;;
HASSELT - FH06;662016;1;0;0;1;SDU;;N;IRREG;2;0;;;Y;_;BUILDING template;Simon Stevinlaan;13;;
HASSELT - FH06;662046;1;0;0;1;SDU;;N;IRREG;3;0;;;Y;_;BUILDING template;Jan Palfijnlaan;27;;
HASSELT - FH06;2441152;1;0;0;1;SDU;;N;IRREG;3;0;;;Y;_;BUILDING template;Simon Stevinlaan;14;;
HASSELT - FH06;666220;1;0;0;1;SDU;;N;IRREG;3;0;;;Y;_;BUILDING template;Jan van Helmontlaan;1;;
HASSELT - FH06;662018;1;0;0;1;SDU;;N;IRREG;2;0;;;Y;_;BUILDING template;Simon Stevinlaan;15;;
HASSELT - FH06;666221;4;0;0;4;MDU;;N;IRREG;4;0;;;Y;_;BUILDING template;Jan van Helmontlaan;2;;
HASSELT - FH06;2441157;1;0;0;1;SDU;;N;IRREG;2;0;;;Y;_;BUILDING template;Simon Stevinlaan;16;;
HASSELT - FH06;2444519;1;0;0;1;SDU;;N;IRREG;3;0;;;Y;_;BUILDING template;Jan van Helmontlaan;3;;
HASSELT - FH06;4861446;1;0;0;1;SDU;;N;IRREG;2;0;;;Y;_;BUILDING template;Simon Stevinlaan;18;;
HASSELT - FH06;2444521;1;0;0;1;SDU;;N;IRREG;3;0;;;Y;_;BUILDING template;Jan van Helmontlaan;5;;
HASSELT - FH06;2441159;1;0;0;1;SDU;;N;IRREG;2;0;;;Y;_;BUILDING template;Simon Stevinlaan;20;;
HASSELT - FH06;2444523;1;0;0;1;SDU;;N;IRREG;2;0;;;Y;_;BUILDING template;Jan van Helmontlaan;7;;
HASSELT - FH06;662013;1;0;0;1;SDU;;N;ORN;2;0;;;Y;_;BUILDING template;Simon Stevinlaan;22;;
HASSELT - FH06;2444526;1;0;0;1;SDU;;N;IRREG;3;0;;;Y;_;BUILDING template;Jan van Helmontlaan;9;;
HASSELT - FH06;662021;1;0;0;1;SDU;;N;IRREG;3;0;;;Y;_;BUILDING template;Simon Stevinlaan;26;;
HASSELT - FH06;2444529;1;0;0;1;SDU;;N;IRREG;3;0;;;Y;_;BUILDING template;Jan van Helmontlaan;11;;
HASSELT - FH06;662020;1;0;0;1;SDU;;N;IRREG;3;0;;;Y;_;BUILDING template;Simon Stevinlaan;28;;
HASSELT - FH06;4027575;1;0;0;1;SDU;;N;IRREG;2;0;;;Y;_;BUILDING template;Jan van Helmontlaan;13;;
HASSELT - FH06;2441164;1;0;0;1;SDU;;N;IRREG;2;0;;;Y;_;BUILDING template;Simon Stevinlaan;32;;
HASSELT - FH06;2444533;1;0;0;1;SDU;;N;IRREG;3;0;;;Y;_;BUILDING template;Jan van Helmontlaan;15;;
HASSELT - FH06;2441166;1;0;0;1;SDU;;N;IRREG;3;0;;;Y;_;BUILDING template;Simon Stevinlaan;34;;
HASSELT - FH06;2444535;1;0;0;1;SDU;;N;IRREG;2;0;;;Y;_;BUILDING template;Jan van Helmontlaan;17;;
HASSELT - FH06;2441170;1;0;0;1;SDU;;N;IRREG;3;0;;;Y;_;BUILDING template;Simon Stevinlaan;36;;
HASSELT - FH06;2444536;1;0;0;1;SDU;;N;IRREG;2;0;;;Y;_;BUILDING template;Jan van Helmontlaan;19;;
HASSELT - FH06;2441172;1;0;0;1;SDU;;N;IRREG;2;0;;;Y;_;BUILDING template;Simon Stevinlaan;38;;
HASSELT - FH06;2444538;1;0;0;1;SDU;;N;IRREG;2;0;;;Y;_;BUILDING template;Jan van Helmontlaan;21;;
HASSELT - FH06;2441175;1;0;0;1;SDU;;N;IRREG;3;0;;;Y;_;BUILDING template;Simon Stevinlaan;40;;
HASSELT - FH06;2444539;1;0;0;1;SDU;;N;IRREG;2;0;;;Y;_;BUILDING template;Jan van Helmontlaan;23;;
HASSELT - FH06;4861650;1;0;0;1;SDU;;N;IRREG;2;0;;;Y;_;BUILDING template;Simon Stevinlaan;42;;
HASSELT - FH06;2444542;1;0;0;1;SDU;;N;IRREG;3;0;;;Y;_;BUILDING template;Jan van Helmontlaan;25;;
HASSELT - FH06;2441180;1;0;0;1;SDU;;N;IRREG;2;0;;;Y;_;BUILDING template;Simon Stevinlaan;44;;
HASSELT - FH06;666223;1;0;0;1;SDU;;N;IRREG;2;0;;;Y;_;BUILDING template;Jan van Helmontlaan;27;;
HASSELT - FH06;662019;1;0;0;1;SDU;;N;IRREG;3;0;;;Y;_;BUILDING template;Simon Stevinlaan;46;;
HASSELT - FH06;2444544;1;0;0;1;SDU;;N;IRREG;3;0;;;Y;_;BUILDING template;Jan van Helmontlaan;28;;
HASSELT - FH06;2441184;1;0;0;1;SDU;;N;IRREG;3;0;;;Y;_;BUILDING template;Simon Stevinlaan;48;;
HASSELT - FH06;666225;1;0;0;1;SDU;;N;IRREG;2;0;;;Y;_;BUILDING template;Jan van Helmontlaan;31;;
HASSELT - FH06;2444546;1;0;0;1;SDU;;N;IRREG;2;0;;;Y;_;BUILDING template;Jan van Helmontlaan;32;;
HASSELT - FH06;1174353;1;0;0;1;SDU;;N;IRREG;3;0;;;Y;_;BUILDING template;Singelbeekstraat;5;;
HASSELT - FH06;2444547;1;0;0;1;SDU;;N;IRREG;3;0;;;Y;_;BUILDING template;Jan van Helmontlaan;33;;
HASSELT - FH06;2439133;1;0;0;1;SDU;;N;IRREG;3;0;;;Y;_;BUILDING template;Singelbeekstraat;6;;
HASSELT - FH06;2444549;1;0;0;1;SDU;;N;IRREG;3;0;;;Y;_;BUILDING template;Jan van Helmontlaan;34;;
HASSELT - FH06;1174352;1;0;0;1;SDU;;N;IRREG;3;0;;;Y;_;BUILDING template;Singelbeekstraat;7;;
HASSELT - FH06;2444551;1;0;0;1;SDU;;N;IRREG;3;0;;;Y;_;BUILDING template;Jan van Helmontlaan;35;;
HASSELT - FH06;666222;1;0;0;1;SDU;;N;IRREG;3;0;;;Y;_;BUILDING template;Jan van Helmontlaan;36;;
HASSELT - FH06;1174350;1;0;0;1;SDU;;N;ORN;3;0;;;Y;_;BUILDING template;Singelbeekstraat;9;;
HASSELT - FH06;2444553;1;0;0;1;SDU;;N;IRREG;2;0;;;Y;_;BUILDING template;Jan van Helmontlaan;37;;
HASSELT - FH06;2439144;1;0;0;1;SDU;;N;IRREG;3;0;;;Y;_;BUILDING template;Singelbeekstraat;10;;
HASSELT - FH06;666224;1;0;0;1;SDU;;N;IRREG;2;0;;;Y;_;BUILDING template;Jan van Helmontlaan;38;;
HASSELT - FH06;2439149;1;0;0;1;SDU;;N;IRREG;3;0;;;Y;_;BUILDING template;Singelbeekstraat;11;;
HASSELT - FH06;2444554;1;0;0;1;SDU;;N;IRREG;3;0;;;Y;_;BUILDING template;Jan van Helmontlaan;39;;
HASSELT - FH06;2439153;1;0;0;1;SDU;;N;IRREG;3;0;;;Y;_;BUILDING template;Singelbeekstraat;13;;
HASSELT - FH06;2444557;1;0;0;1;SDU;;N;IRREG;3;0;;;Y;_;BUILDING template;Jan van Helmontlaan;40;;
HASSELT - FH06;3937698;1;0;0;1;SDU;;N;IRREG;2;0;;;Y;_;BUILDING template;Jan van Helmontlaan;41;;
HASSELT - FH06;2439154;1;0;0;1;SDU;;N;IRREG;3;0;;;Y;_;BUILDING template;Singelbeekstraat;15;;
HASSELT - FH06;2444559;1;0;0;1;SDU;;N;IRREG;3;0;;;Y;_;BUILDING template;Jan van Helmontlaan;42;;
HASSELT - FH06;25186;1;0;0;1;SDU;;N;IRREG;3;0;;;Y;_;BUILDING template;Singelbeekstraat;17;;
HASSELT - FH06;2444561;1;0;0;1;SDU;;N;IRREG;2;0;;;Y;_;BUILDING template;Jan van Helmontlaan;43;;
HASSELT - FH06;1174347;1;0;0;1;SDU;;N;IRREG;3;0;;;Y;_;BUILDING template;Singelbeekstraat;21;;
HASSELT - FH06;2444564;1;0;0;1;SDU;;N;IRREG;3;0;;;Y;_;BUILDING template;Jan van Helmontlaan;44;;
HASSELT - FH06;4859296;1;0;0;1;SDU;;N;IRREG;2;0;;;Y;_;BUILDING template;Singelbeekstraat;22;;
HASSELT - FH06;2444567;1;0;0;1;SDU;;N;IRREG;3;0;;;Y;_;BUILDING template;Jan van Helmontlaan;45;;
HASSELT - FH06;2439156;1;0;0;1;SDU;;N;IRREG;3;0;;;Y;_;BUILDING template;Singelbeekstraat;23;;
HASSELT - FH06;2444570;1;0;0;1;SDU;;N;IRREG;2;0;;;Y;_;BUILDING template;Jan van Helmontlaan;46;;
HASSELT - FH06;2439157;1;0;0;1;SDU;;N;IRREG;3;0;;;Y;_;BUILDING template;Singelbeekstraat;25;;
HASSELT - FH06;2444572;1;0;0;1;SDU;;N;IRREG;2;0;;;Y;_;BUILDING template;Jan van Helmontlaan;47;;
HASSELT - FH06;2439158;1;0;0;1;SDU;;N;IRREG;3;0;;;Y;_;BUILDING template;Singelbeekstraat;27;;
HASSELT - FH06;2444574;1;0;0;1;SDU;;N;IRREG;3;0;;;Y;_;BUILDING template;Jan van Helmontlaan;48;;
HASSELT - FH06;1174345;1;0;0;1;SDU;;N;IRREG;3;0;;;Y;_;BUILDING template;Singelbeekstraat;28;;
HASSELT - FH06;1174338;1;0;0;1;SDU;;N;IRREG;3;0;;;Y;_;BUILDING template;Jan van Helmontlaan;49;;
HASSELT - FH06;1174343;1;0;0;1;SDU;;N;IRREG;3;0;;;Y;_;BUILDING template;Singelbeekstraat;29;;
HASSELT - FH06;2444580;1;0;0;1;SDU;;N;IRREG;3;0;;;Y;_;BUILDING template;Jan van Helmontlaan;50;;
HASSELT - FH06;1174340;1;0;0;1;SDU;;N;IRREG;3;0;;;Y;_;BUILDING template;Singelbeekstraat;30;;
HASSELT - FH06;1174344;1;0;0;1;SDU;;N;IRREG;3;0;;;Y;_;BUILDING template;Singelbeekstraat;31;;
HASSELT - FH06;5422662;1;0;0;1;SDU;;N;IRREG;2;0;;;Y;_;BUILDING template;Jan van Helmontlaan;52;A;
HASSELT - FH06;2439164;1;0;0;1;SDU;;N;IRREG;3;0;;;Y;_;BUILDING template;Singelbeekstraat;33;;
HASSELT - FH06;1174336;1;0;0;1;SDU;;N;IRREG;2;0;;;Y;_;BUILDING template;Jan van Helmontlaan;53;;
HASSELT - FH06;2439168;1;0;0;1;SDU;;N;IRREG;2;0;;;Y;_;BUILDING template;Singelbeekstraat;37;;
HASSELT - FH06;666227;1;0;0;1;SDU;;N;IRREG;3;0;;;Y;_;BUILDING template;Jan van Helmontlaan;60;;
HASSELT - FH06;2439176;1;0;0;1;SDU;;N;IRREG;3;0;;;Y;_;BUILDING template;Singelbeekstraat;41;;
HASSELT - FH06;25170;1;0;0;1;SDU;;N;IRREG;2;0;;;Y;_;BUILDING template;Justus Lipsiuslaan;1;;
HASSELT - FH06;2439180;1;0;0;1;SDU;;N;IRREG;2;0;;;Y;_;BUILDING template;Singelbeekstraat;43;;
HASSELT - FH06;662023;1;0;0;1;SDU;;N;IRREG;3;0;;;Y;_;BUILDING template;Justus Lipsiuslaan;2;;
HASSELT - FH06;2439188;1;0;0;1;SDU;;N;IRREG;3;0;;;Y;_;BUILDING template;Singelbeekstraat;47;;
HASSELT - FH06;662024;1;0;0;1;SDU;;N;IRREG;2;0;;;Y;_;BUILDING template;Justus Lipsiuslaan;3;;
HASSELT - FH06;2439200;1;0;0;1;SDU;;N;IRREG;3;0;;;Y;_;BUILDING template;Singelbeekstraat;55;;
HASSELT - FH06;2426002;1;0;0;1;SDU;;N;IRREG;3;0;;;Y;_;BUILDING template;Justus Lipsiuslaan;4;;
HASSELT - FH06;1174342;1;0;0;1;SDU;;N;IRREG;2;0;;;Y;_;BUILDING template;Singelbeekstraat;57;;
HASSELT - FH06;2426004;1;0;0;1;SDU;;N;IRREG;3;0;;;Y;_;BUILDING template;Justus Lipsiuslaan;5;;
HASSELT - FH06;1174339;1;0;0;1;SDU;;N;IRREG;3;0;;;Y;_;BUILDING template;Singelbeekstraat;59;;
HASSELT - FH06;2426005;1;0;0;1;SDU;;N;IRREG;3;0;;;Y;_;BUILDING template;Justus Lipsiuslaan;6;;
HASSELT - FH06;4159607;1;0;0;1;SDU;;N;IRREG;2;0;;;Y;_;BUILDING template;Singelbeekstraat;61;;
HASSELT - FH06;2426006;1;0;0;1;SDU;;N;IRREG;3;0;;;Y;_;BUILDING template;Justus Lipsiuslaan;7;;
HASSELT - FH06;1174329;1;0;0;1;SDU;;N;IRREG;2;0;;;Y;_;BUILDING template;Singelbeekstraat;63;;
HASSELT - FH06;2426007;1;0;0;1;SDU;;N;IRREG;3;0;;;Y;_;BUILDING template;Justus Lipsiuslaan;8;;
HASSELT - FH06;1174328;1;0;0;1;SDU;;N;IRREG;2;0;;;Y;_;BUILDING template;Singelbeekstraat;65;;
HASSELT - FH06;662065;1;0;0;1;SDU;;N;IRREG;3;0;;;Y;_;BUILDING template;Abraham Orteliuslaan;1;;
HASSELT - FH06;2426008;1;0;0;1;SDU;;N;IRREG;3;0;;;Y;_;BUILDING template;Justus Lipsiuslaan;9;;
HASSELT - FH06;3990115;1;0;0;1;SDU;;N;IRREG;2;0;;;Y;_;BUILDING template;Singelbeekstraat;67;;
HASSELT - FH06;662064;1;0;0;1;SDU;;N;IRREG;3;0;;;Y;_;BUILDING template;Abraham Orteliuslaan;2;;
HASSELT - FH06;2426009;1;0;0;1;SDU;;N;IRREG;3;0;;;Y;_;BUILDING template;Justus Lipsiuslaan;10;;
HASSELT - FH06;1174327;1;0;0;1;SDU;;N;IRREG;2;0;;;Y;_;BUILDING template;Singelbeekstraat;69;;
HASSELT - FH06;662063;1;0;0;1;SDU;;N;IRREG;3;0;;;Y;_;BUILDING template;Abraham Orteliuslaan;3;;
HASSELT - FH06;4214843;1;0;0;1;SDU;;N;IRREG;3;0;;;Y;_;BUILDING template;Justus Lipsiuslaan;11;;
HASSELT - FH06;662062;1;0;0;1;SDU;;N;IRREG;3;0;;;Y;_;BUILDING template;Abraham Orteliuslaan;4;;
HASSELT - FH06;2426010;1;0;0;1;SDU;;N;IRREG;2;0;;;Y;_;BUILDING template;Justus Lipsiuslaan;12;;
HASSELT - FH06;666215;1;0;0;1;SDU;;N;IRREG;2;0;;;Y;_;BUILDING template;Abraham Orteliuslaan;5;;
HASSELT - FH06;2426011;1;0;0;1;SDU;;N;IRREG;3;0;;;Y;_;BUILDING template;Justus Lipsiuslaan;13;;
HASSELT - FH06;662061;1;0;0;1;SDU;;N;IRREG;3;0;;;Y;_;BUILDING template;Abraham Orteliuslaan;6;;
HASSELT - FH06;4861387;1;0;0;1;SDU;;N;IRREG;3;0;;;Y;_;BUILDING template;Justus Lipsiuslaan;14;;
HASSELT - FH06;666213;1;0;0;1;SDU;;N;IRREG;3;0;;;Y;_;BUILDING template;Abraham Orteliuslaan;8;;
HASSELT - FH06;2426013;1;0;0;1;SDU;;N;IRREG;2;0;;;Y;_;BUILDING template;Justus Lipsiuslaan;15;;
HASSELT - FH06;666216;1;0;0;1;SDU;;N;IRREG;2;0;;;Y;_;BUILDING template;Abraham Orteliuslaan;9;;
HASSELT - FH06;2426015;1;0;0;1;SDU;;N;IRREG;3;0;;;Y;_;BUILDING template;Justus Lipsiuslaan;16;;
HASSELT - FH06;666214;1;0;0;1;SDU;;N;IRREG;2;0;;;Y;_;BUILDING template;Abraham Orteliuslaan;10;;
HASSELT - FH06;2426016;1;0;0;1;SDU;;N;IRREG;2;0;;;Y;_;BUILDING template;Justus Lipsiuslaan;17;;
HASSELT - FH06;2432827;1;0;0;1;SDU;;N;IRREG;3;0;;;Y;_;BUILDING template;Abraham Orteliuslaan;12;;
HASSELT - FH06;2426018;1;0;0;1;SDU;;N;IRREG;2;0;;;Y;_;BUILDING template;Justus Lipsiuslaan;18;;
HASSELT - FH06;2432830;1;0;0;1;SDU;;N;IRREG;3;0;;;Y;_;BUILDING template;Abraham Orteliuslaan;18;;
HASSELT - FH06;2426019;1;0;0;1;SDU;;N;IRREG;3;0;;;Y;_;BUILDING template;Justus Lipsiuslaan;19;;
HASSELT - FH06;2432831;1;0;0;1;SDU;;N;IRREG;2;0;;;Y;_;BUILDING template;Abraham Orteliuslaan;20;;
HASSELT - FH06;2426020;1;0;0;1;SDU;;N;IRREG;2;0;;;Y;_;BUILDING template;Justus Lipsiuslaan;20;;
HASSELT - FH06;2432832;1;0;0;1;SDU;;N;IRREG;2;0;;;Y;_;BUILDING template;Abraham Orteliuslaan;22;;
HASSELT - FH06;2426021;1;0;0;1;SDU;;N;IRREG;3;0;;;Y;_;BUILDING template;Justus Lipsiuslaan;21;;
HASSELT - FH06;2432833;1;0;0;1;SDU;;N;IRREG;3;0;;;Y;_;BUILDING template;Abraham Orteliuslaan;24;;
HASSELT - FH06;662028;1;0;0;1;SDU;;N;IRREG;3;0;;;N;_;BUILDING template;Justus Lipsiuslaan;22;;
HASSELT - FH06;2432835;1;0;0;1;SDU;;N;IRREG;3;0;;;Y;_;BUILDING template;Abraham Orteliuslaan;26;;
HASSELT - FH06;2426024;1;0;0;1;SDU;;N;IRREG;3;0;;;Y;_;BUILDING template;Justus Lipsiuslaan;23;;
HASSELT - FH06;2432837;1;0;0;1;SDU;;N;IRREG;3;0;;;Y;_;BUILDING template;Abraham Orteliuslaan;28;;
HASSELT - FH06;2426025;1;0;0;1;SDU;;N;IRREG;3;0;;;Y;_;BUILDING template;Justus Lipsiuslaan;25;;
HASSELT - FH06;662029;1;0;0;1;SDU;;N;IRREG;2;0;;;Y;_;BUILDING template;Justus Lipsiuslaan;26;;
HASSELT - FH06;662025;1;0;0;1;SDU;;N;IRREG;3;0;;;Y;_;BUILDING template;Justus Lipsiuslaan;27;;
HASSELT - FH06;5381031;0;1;1;2;MDU;;N;IRREG;7;0;;;Y;_;BUILDING template;Stadsomvaart;13;;
HASSELT - FH06;78243;0;1;1;2;MDU;;N;IRREG;4;0;;;Y;_;BUILDING template;Albrecht Rodenbachstraat;20;;
HASSELT - FH06;2426026;1;0;0;1;SDU;;N;IRREG;2;0;;;Y;_;BUILDING template;Justus Lipsiuslaan;28;;
HASSELT - FH06;1443689;0;1;0;1;SDU;;N;IRREG;3;0;;;Y;;BUILDING template;Stadsomvaart;83;;
HASSELT - FH06;2445097;1;0;0;1;SDU;;N;IRREG;3;0;;;Y;_;BUILDING template;Andreas Vesaliuslaan;1;;
HASSELT - FH06;662030;1;0;0;1;SDU;;N;IRREG;2;0;;;Y;_;BUILDING template;Justus Lipsiuslaan;30;;
HASSELT - FH06;1443690;1;0;0;1;SDU;;N;IRREG;3;0;;;Y;;BUILDING template;Stadsomvaart;85;;
HASSELT - FH06;662069;1;0;0;1;SDU;;N;IRREG;2;0;;;Y;_;BUILDING template;Andreas Vesaliuslaan;3;;
HASSELT - FH06;2426027;1;0;0;1;SDU;;N;IRREG;2;0;;;Y;_;BUILDING template;Justus Lipsiuslaan;32;;
HASSELT - FH06;662068;1;0;0;1;SDU;;N;IRREG;2;0;;;Y;_;BUILDING template;Andreas Vesaliuslaan;4;;
HASSELT - FH06;662026;1;0;0;1;SDU;;N;IRREG;2;0;;;Y;_;BUILDING template;Justus Lipsiuslaan;33;;
HASSELT - FH06;2445103;1;0;0;1;SDU;;N;IRREG;2;0;;;Y;_;BUILDING template;Andreas Vesaliuslaan;5;;
HASSELT - FH06;2426028;1;0;0;1;SDU;;N;IRREG;2;0;;;Y;_;BUILDING template;Justus Lipsiuslaan;35;;
HASSELT - FH06;2445106;1;0;0;1;SDU;;N;IRREG;2;0;;;Y;_;BUILDING template;Andreas Vesaliuslaan;6;;
HASSELT - FH06;662027;1;0;0;1;SDU;;N;IRREG;3;0;;;Y;_;BUILDING template;Justus Lipsiuslaan;37;;
HASSELT - FH06;2445110;1;0;0;1;SDU;;N;IRREG;2;0;;;Y;_;BUILDING template;Andreas Vesaliuslaan;7;;
HASSELT - FH06;1946050;1;0;0;1;SDU;;N;IRREG;2;0;;;Y;_;BUILDING template;Justus Lipsiuslaan;39;;
HASSELT - FH06;2445113;1;0;0;1;SDU;;N;IRREG;3;0;;;Y;_;BUILDING template;Andreas Vesaliuslaan;8;;
HASSELT - FH06;2426029;1;0;0;1;SDU;;N;IRREG;3;0;;;Y;_;BUILDING template;Justus Lipsiuslaan;41;;
HASSELT - FH06;2445115;1;0;0;1;SDU;;N;IRREG;2;0;;;Y;_;BUILDING template;Andreas Vesaliuslaan;9;;
HASSELT - FH06;1945761;1;0;0;1;SDU;;N;IRREG;3;0;;;Y;_;BUILDING template;Justus Lipsiuslaan;43;;
HASSELT - FH06;2445117;1;0;0;1;SDU;;N;IRREG;3;0;;;Y;_;BUILDING template;Andreas Vesaliuslaan;10;;
HASSELT - FH06;1944671;1;0;0;1;SDU;;N;IRREG;2;0;;;Y;_;BUILDING template;Justus Lipsiuslaan;45;;
HASSELT - FH06;2445118;1;0;0;1;SDU;;N;IRREG;2;0;;;Y;_;BUILDING template;Andreas Vesaliuslaan;11;;
HASSELT - FH06;2426040;1;0;0;1;SDU;;N;IRREG;2;0;;;Y;_;BUILDING template;Justus Lipsiuslaan;47;;
HASSELT - FH06;2445121;1;0;0;1;SDU;;N;IRREG;3;0;;;Y;_;BUILDING template;Andreas Vesaliuslaan;12;;
HASSELT - FH06;1522318;1;0;0;1;SDU;;N;IRREG;2;0;;;Y;_;BUILDING template;Justus Lipsiuslaan;49;;
HASSELT - FH06;2445124;1;0;0;1;SDU;;N;IRREG;2;0;;;Y;_;BUILDING template;Andreas Vesaliuslaan;13;;
HASSELT - FH06;4029706;0;1;1;2;MDU;;N;IRREG;5;0;;;Y;_;BUILDING template;Kunstlaan;1;;
HASSELT - FH06;4861426;1;0;0;1;SDU;;N;IRREG;2;0;;;Y;_;BUILDING template;Andreas Vesaliuslaan;14;;
HASSELT - FH06;2445126;1;0;0;1;SDU;;N;IRREG;2;0;;;Y;_;BUILDING template;Andreas Vesaliuslaan;15;;
HASSELT - FH06;662581;1;0;0;1;SDU;;N;IRREG;3;0;;;Y;_;BUILDING template;Vuurkruisenlaan;12;;
HASSELT - FH06;2445129;1;0;0;1;SDU;;N;IRREG;2;0;;;Y;_;BUILDING template;Andreas Vesaliuslaan;16;;
HASSELT - FH06;2445132;1;0;0;1;SDU;;N;IRREG;3;0;;;Y;_;BUILDING template;Andreas Vesaliuslaan;17;;
HASSELT - FH06;4845847;1;0;0;1;SDU;;N;IRREG;2;0;;;Y;_;BUILDING template;Vuurkruisenlaan;14;;
HASSELT - FH06;2445134;1;0;0;1;SDU;;N;IRREG;3;0;;;Y;_;BUILDING template;Andreas Vesaliuslaan;18;;
HASSELT - FH06;2446530;1;0;0;1;SDU;;N;IRREG;3;0;;;Y;_;BUILDING template;Vuurkruisenlaan;15;;
HASSELT - FH06;2445137;1;0;0;1;SDU;;N;IRREG;3;0;;;Y;_;BUILDING template;Andreas Vesaliuslaan;19;;
HASSELT - FH06;2446532;1;0;0;1;SDU;;N;IRREG;3;0;;;Y;_;BUILDING template;Vuurkruisenlaan;16;;
HASSELT - FH06;2445139;1;0;0;1;SDU;;N;IRREG;3;0;;;Y;_;BUILDING template;Andreas Vesaliuslaan;20;;
HASSELT - FH06;2445142;1;0;0;1;SDU;;N;IRREG;2;0;;;Y;_;BUILDING template;Andreas Vesaliuslaan;21;;
HASSELT - FH06;2446535;1;0;0;1;SDU;;N;IRREG;2;0;;;Y;_;BUILDING template;Vuurkruisenlaan;18;;
HASSELT - FH06;1490734;1;0;0;1;SDU;;N;IRREG;3;0;;;Y;_;BUILDING template;Andreas Vesaliuslaan;22;;
HASSELT - FH06;2445149;1;0;0;1;SDU;;N;IRREG;2;0;;;Y;_;BUILDING template;Andreas Vesaliuslaan;23;;
HASSELT - FH06;2446538;1;0;0;1;SDU;;N;IRREG;2;0;;;Y;_;BUILDING template;Vuurkruisenlaan;20;;
HASSELT - FH06;2445151;1;0;0;1;SDU;;N;IRREG;3;0;;;Y;_;BUILDING template;Andreas Vesaliuslaan;24;;
HASSELT - FH06;2445153;1;0;0;1;SDU;;N;IRREG;2;0;;;Y;_;BUILDING template;Andreas Vesaliuslaan;25;;
HASSELT - FH06;2446541;1;0;0;1;SDU;;N;IRREG;2;0;;;Y;_;BUILDING template;Vuurkruisenlaan;22;;
HASSELT - FH06;2445155;1;0;0;1;SDU;;N;IRREG;3;0;;;Y;_;BUILDING template;Andreas Vesaliuslaan;26;;
HASSELT - FH06;662066;1;0;0;1;SDU;;N;IRREG;3;0;;;Y;_;BUILDING template;Andreas Vesaliuslaan;28;;
HASSELT - FH06;2446544;1;0;0;1;SDU;;N;IRREG;2;0;;;Y;_;BUILDING template;Vuurkruisenlaan;24;;
HASSELT - FH06;662067;1;0;0;1;SDU;;N;IRREG;3;0;;;Y;_;BUILDING template;Andreas Vesaliuslaan;30;;
HASSELT - FH06;2445159;1;0;0;1;SDU;;N;IRREG;3;0;;;Y;_;BUILDING template;Andreas Vesaliuslaan;32;;
HASSELT - FH06;4186002;1;0;0;1;SDU;;N;IRREG;3;0;;;Y;_;BUILDING template;Vuurkruisenlaan;26;;
HASSELT - FH06;2445162;1;0;0;1;SDU;;N;IRREG;3;0;;;Y;_;BUILDING template;Andreas Vesaliuslaan;34;;
HASSELT - FH06;2445164;1;0;0;1;SDU;;N;IRREG;2;0;;;Y;_;BUILDING template;Andreas Vesaliuslaan;36;;
HASSELT - FH06;2446547;1;0;0;1;SDU;;N;IRREG;3;0;;;Y;_;BUILDING template;Vuurkruisenlaan;28;;
HASSELT - FH06;5962519;0;1;1;2;MDU;;N;ORN;2;0;;;;_;BUILDING template;Zeven-Septemberlaan;17;;
HASSELT - FH06;2445167;1;0;0;1;SDU;;N;IRREG;3;0;;;Y;_;BUILDING template;Andreas Vesaliuslaan;38;;
HASSELT - FH06;662585;1;0;0;1;SDU;;N;IRREG;3;0;;;Y;_;BUILDING template;Vuurkruisenlaan;29;;
HASSELT - FH06;662070;1;0;0;1;SDU;;N;IRREG;2;0;;;Y;_;BUILDING template;Andreas Vesaliuslaan;40;;
HASSELT - FH06;2446550;1;0;0;1;SDU;;N;IRREG;2;0;;;Y;_;BUILDING template;Vuurkruisenlaan;30;;
HASSELT - FH06;662011;1;0;0;1;SDU;;N;IRREG;2;0;;;Y;_;BUILDING template;Andreas Vesaliuslaan;42;;
HASSELT - FH06;4845885;1;0;0;1;SDU;;N;IRREG;3;0;;;Y;_;BUILDING template;Vuurkruisenlaan;31;;
HASSELT - FH06;2445171;1;0;0;1;SDU;;N;IRREG;2;0;;;Y;_;BUILDING template;Andreas Vesaliuslaan;44;;
HASSELT - FH06;2427329;10;0;0;10;MDU;;N;IRREG;4;0;;;Y;_;BUILDING template;Maastrichtersteenweg;189;;
HASSELT - FH06;2446552;1;0;0;1;SDU;;N;IRREG;3;0;;;Y;_;BUILDING template;Vuurkruisenlaan;32;;
HASSELT - FH06;2445174;1;0;0;1;SDU;;N;IRREG;2;0;;;Y;_;BUILDING template;Andreas Vesaliuslaan;46;;
HASSELT - FH06;3937520;10;0;0;10;MDU;;N;IRREG;4;0;;;Y;_;BUILDING template;Maastrichtersteenweg;191;;
HASSELT - FH06;2446553;1;0;0;1;SDU;;N;IRREG;3;0;;;Y;_;BUILDING template;Vuurkruisenlaan;33;;
HASSELT - FH06;662010;1;0;0;1;SDU;;N;IRREG;2;0;;;Y;_;BUILDING template;Andreas Vesaliuslaan;48;;
HASSELT - FH06;2446555;1;0;0;1;SDU;;N;IRREG;3;0;;;Y;_;BUILDING template;Vuurkruisenlaan;34;;
HASSELT - FH06;2427347;1;0;0;1;SDU;;N;IRREG;4;0;;;Y;_;BUILDING template;Maastrichtersteenweg;195;;
HASSELT - FH06;2446557;1;0;0;1;SDU;;N;IRREG;2;0;;;Y;_;BUILDING template;Vuurkruisenlaan;35;;
HASSELT - FH06;2446558;1;0;0;1;SDU;;N;IRREG;2;0;;;Y;_;BUILDING template;Vuurkruisenlaan;36;;
HASSELT - FH06;4845892;1;0;0;1;SDU;;N;IRREG;2;0;;;Y;_;BUILDING template;Vuurkruisenlaan;37;;
HASSELT - FH06;4859262;3;1;1;5;MDU;;N;IRREG;4;0;;;Y;_;BUILDING template;Maastrichtersteenweg;207;;
HASSELT - FH06;662051;1;0;0;1;SDU;;N;IRREG;2;0;;;Y;_;BUILDING template;Vuurkruisenlaan;38;;
HASSELT - FH06;2427388;7;1;1;9;MDU;;N;IRREG;4;0;;;Y;_;BUILDING template;Maastrichtersteenweg;209;;
HASSELT - FH06;2446560;1;0;0;1;SDU;;N;IRREG;3;0;;;Y;_;BUILDING template;Vuurkruisenlaan;39;;
HASSELT - FH06;2446562;1;0;0;1;SDU;;N;IRREG;2;0;;;Y;_;BUILDING template;Vuurkruisenlaan;41;;
HASSELT - FH06;666235;1;0;0;1;SDU;;N;IRREG;2;0;;;Y;_;BUILDING template;Nicolaas Cleynaertslaan;4;;
HASSELT - FH06;4845901;1;0;0;1;SDU;;N;IRREG;3;0;;;Y;_;BUILDING template;Vuurkruisenlaan;43;;
HASSELT - FH06;2412124;1;0;0;1;SDU;;N;IRREG;3;0;;;Y;_;BUILDING template;Nicolaas Cleynaertslaan;6;;
HASSELT - FH06;2446563;1;0;0;1;SDU;;N;IRREG;3;0;;;Y;_;BUILDING template;Vuurkruisenlaan;45;;
HASSELT - FH06;2412126;1;0;0;1;SDU;;N;IRREG;3;0;;;Y;_;BUILDING template;Nicolaas Cleynaertslaan;8;;
HASSELT - FH06;4845906;1;0;0;1;SDU;;N;IRREG;2;0;;;Y;_;BUILDING template;Vuurkruisenlaan;47;;
HASSELT - FH06;2412129;1;0;0;1;SDU;;N;IRREG;2;0;;;Y;_;BUILDING template;Nicolaas Cleynaertslaan;10;;
HASSELT - FH06;662052;1;0;0;1;SDU;;N;IRREG;3;0;;;Y;_;BUILDING template;Vuurkruisenlaan;49;;
HASSELT - FH06;2412132;1;0;0;1;SDU;;N;IRREG;2;0;;;Y;_;BUILDING template;Nicolaas Cleynaertslaan;12;;
HASSELT - FH06;2412135;1;0;0;1;SDU;;N;IRREG;3;0;;;Y;_;BUILDING template;Nicolaas Cleynaertslaan;14;;
HASSELT - FH06;2412138;1;0;0;1;SDU;;N;IRREG;3;0;;;Y;_;BUILDING template;Nicolaas Cleynaertslaan;16;;
HASSELT - FH06;2412141;1;0;0;1;SDU;;N;IRREG;2;0;;;Y;_;BUILDING template;Nicolaas Cleynaertslaan;18;;
HASSELT - FH06;4861672;1;0;0;1;SDU;;N;IRREG;2;0;;;Y;_;BUILDING template;Nicolaas Cleynaertslaan;20;;
HASSELT - FH06;662022;1;0;0;1;SDU;;N;IRREG;2;0;;;Y;_;BUILDING template;Nicolaas Cleynaertslaan;22;;
HASSELT - FH06;662047;1;0;0;1;SDU;;N;IRREG;2;0;;;;_;BUILDING template;Jan Palfijnlaan;1;;
HASSELT - FH06;662321;43;0;0;43;MDU;;N;IRREG;10;0;;;Y;_;BUILDING template;Casterstraat;70;;
HASSELT - FH06;662323;0;1;0;1;SDU;;N;IRREG;4;0;;;Y;_;BUILDING template;Casterstraat;72;;
HASSELT - FH06;662594;1;0;0;1;SDU;;N;IRREG;4;0;;;Y;_;BUILDING template;Casterstraat;74;;
HASSELT - FH06;4845867;1;0;0;1;SDU;;N;IRREG;3;0;;;Y;_;BUILDING template;Casterstraat;76;;
HASSELT - FH06;4845868;1;0;0;1;SDU;;N;IRREG;3;0;;;Y;_;BUILDING template;Casterstraat;78;;
HASSELT - FH06;662593;1;0;0;1;SDU;;N;IRREG;3;0;;;Y;_;BUILDING template;Casterstraat;80;;
HASSELT - FH06;662592;1;0;0;1;SDU;;N;IRREG;3;0;;;Y;_;BUILDING template;Casterstraat;81;;
HASSELT - FH06;662591;1;0;0;1;SDU;;N;IRREG;3;0;;;Y;_;BUILDING template;Casterstraat;82;;
HASSELT - FH06;2411950;1;0;0;1;SDU;;N;IRREG;3;0;;;Y;_;BUILDING template;Casterstraat;83;;
HASSELT - FH06;2411952;1;0;0;1;SDU;;N;IRREG;3;0;;;Y;_;BUILDING template;Casterstraat;84;;
HASSELT - FH06;4845864;1;0;0;1;SDU;;N;IRREG;3;0;;;Y;_;BUILDING template;Casterstraat;85;;
HASSELT - FH06;4845925;1;0;0;1;SDU;;N;IRREG;3;0;;;Y;_;BUILDING template;Casterstraat;86;;
HASSELT - FH06;2411954;1;0;0;1;SDU;;N;IRREG;3;0;;;Y;_;BUILDING template;Casterstraat;87;;
HASSELT - FH06;2411956;1;0;0;1;SDU;;N;IRREG;3;0;;;Y;_;BUILDING template;Casterstraat;88;;
HASSELT - FH06;2411958;1;0;0;1;SDU;;N;IRREG;3;0;;;Y;_;BUILDING template;Casterstraat;89;;
HASSELT - FH06;2411961;1;0;0;1;SDU;;N;IRREG;3;0;;;Y;_;BUILDING template;Casterstraat;90;;
HASSELT - FH06;662589;1;0;0;1;SDU;;N;IRREG;3;0;;;Y;_;BUILDING template;Casterstraat;91;;
HASSELT - FH06;2411966;1;0;0;1;SDU;;N;IRREG;3;0;;;Y;_;BUILDING template;Casterstraat;92;;
HASSELT - FH06;662590;1;0;0;1;SDU;;N;IRREG;3;0;;;Y;_;BUILDING template;Casterstraat;93;;
HASSELT - FH06;4043957;1;0;0;1;SDU;;N;IRREG;3;0;;;Y;_;BUILDING template;Casterstraat;94;;
HASSELT - FH06;2411970;1;0;0;1;SDU;;N;IRREG;3;0;;;Y;_;BUILDING template;Casterstraat;95;;
HASSELT - FH06;2411973;1;0;0;1;SDU;;N;IRREG;3;0;;;Y;_;BUILDING template;Casterstraat;96;;
HASSELT - FH06;4845857;1;0;0;1;SDU;;N;IRREG;3;0;;;Y;_;BUILDING template;Casterstraat;97;;
HASSELT - FH06;666219;1;0;0;1;SDU;;N;ORN;3;0;;;;_;BUILDING template;Jan van Helmontlaan;10;;
HASSELT - FH06;2411977;1;0;0;1;SDU;;N;IRREG;3;0;;;Y;_;BUILDING template;Casterstraat;98;;
HASSELT - FH06;2411978;1;0;0;1;SDU;;N;IRREG;3;0;;;Y;_;BUILDING template;Casterstraat;99;;
HASSELT - FH06;2411981;1;0;0;1;SDU;;N;IRREG;3;0;;;Y;_;BUILDING template;Casterstraat;100;;
HASSELT - FH06;2411984;1;0;0;1;SDU;;N;IRREG;3;0;;;Y;_;BUILDING template;Casterstraat;101;;
HASSELT - FH06;4845935;1;0;0;1;SDU;;N;IRREG;3;0;;;Y;_;BUILDING template;Casterstraat;102;;
HASSELT - FH06;662595;1;0;0;1;SDU;;N;IRREG;3;0;;;Y;_;BUILDING template;Casterstraat;103;;
HASSELT - FH06;662596;1;0;0;1;SDU;;N;IRREG;3;0;;;Y;_;BUILDING template;Casterstraat;104;;
HASSELT - FH06;NB-350086d2e38;1;0;0;1;SDU;;N;HEIGHT;2;0;;;;_;BUILDING template;Jan van Helmontlaan;8;;
HASSELT - FH06;662556;1;0;0;1;SDU;;N;IRREG;3;0;;;Y;_;BUILDING template;Elf-Novemberlaan;1;;
HASSELT - FH06;2414568;1;0;0;1;SDU;;N;IRREG;3;0;;;Y;_;BUILDING template;Elf-Novemberlaan;3;;
HASSELT - FH06;2414570;1;0;0;1;SDU;;N;IRREG;3;0;;;Y;_;BUILDING template;Elf-Novemberlaan;5;;
HASSELT - FH06;2414572;1;0;0;1;SDU;;N;IRREG;3;0;;;Y;_;BUILDING template;Elf-Novemberlaan;7;;
HASSELT - FH06;NB-350012574334;1;0;0;1;SDU;;N;HEIGHT;2;0;;;;_;BUILDING template;Jan van Helmontlaan;12;;
HASSELT - FH06;662557;1;0;0;1;SDU;;N;IRREG;3;0;;;Y;_;BUILDING template;Elf-Novemberlaan;8;;
HASSELT - FH06;2414575;1;0;0;1;SDU;;N;IRREG;3;0;;;Y;_;BUILDING template;Elf-Novemberlaan;9;;
HASSELT - FH06;NB-350014a05d02;1;0;0;1;SDU;;N;HEIGHT;2;0;;;;_;BUILDING template;Jan van Helmontlaan;14;;
HASSELT - FH06;2414577;1;0;0;1;SDU;;N;IRREG;3;0;;;Y;_;BUILDING template;Elf-Novemberlaan;10;;
HASSELT - FH06;2414579;1;0;0;1;SDU;;N;IRREG;3;0;;;Y;_;BUILDING template;Elf-Novemberlaan;11;;
HASSELT - FH06;NB-350018f35978;1;0;0;1;SDU;;N;HEIGHT;2;0;;;;_;BUILDING template;Jan van Helmontlaan;18;;
HASSELT - FH06;2414580;1;0;0;1;SDU;;N;IRREG;3;0;;;Y;_;BUILDING template;Elf-Novemberlaan;12;;
HASSELT - FH06;2414584;1;0;0;1;SDU;;N;IRREG;3;0;;;Y;_;BUILDING template;Elf-Novemberlaan;13;;
HASSELT - FH06;NB-3500204a9923;1;0;0;1;SDU;;N;HEIGHT;2;0;;;;_;BUILDING template;Jan van Helmontlaan;20;;
HASSELT - FH06;2414587;1;0;0;1;SDU;;N;IRREG;3;0;;;Y;_;BUILDING template;Elf-Novemberlaan;14;;
HASSELT - FH06;2414589;1;0;0;1;SDU;;N;IRREG;3;0;;;Y;_;BUILDING template;Elf-Novemberlaan;15;;
HASSELT - FH06;NB-3500227ff173;1;0;0;1;SDU;;N;HEIGHT;1;0;;;;_;BUILDING template;Jan van Helmontlaan;22;;
HASSELT - FH06;2414590;1;0;0;1;SDU;;N;IRREG;3;0;;;Y;_;BUILDING template;Elf-Novemberlaan;16;;
HASSELT - FH06;2414592;1;0;0;1;SDU;;N;IRREG;3;0;;;Y;_;BUILDING template;Elf-Novemberlaan;17;;
HASSELT - FH06;NB-350024ba0323;1;0;0;1;SDU;;N;HEIGHT;2;0;;;;_;BUILDING template;Jan van Helmontlaan;24;;
HASSELT - FH06;662559;1;0;0;1;SDU;;N;IRREG;3;0;;;Y;_;BUILDING template;Elf-Novemberlaan;18;;
HASSELT - FH06;662558;1;0;0;1;SDU;;N;IRREG;3;0;;;Y;_;BUILDING template;Elf-Novemberlaan;19;;
HASSELT - FH06;NB-350026f61981;1;0;0;1;SDU;;N;HEIGHT;2;0;;;;_;BUILDING template;Jan van Helmontlaan;26;;
HASSELT - FH06;662041;1;0;0;1;SDU;;N;IRREG;2;0;;;Y;_;BUILDING template;Geraard Mercatorlaan;3;;
HASSELT - FH06;2426287;2;0;0;2;MDU;;N;ORN;3;0;;;Y;_;BUILDING template;Oude Luikerbaan;63;A;
HASSELT - FH06;2429072;1;0;0;1;SDU;;N;IRREG;3;0;;;Y;_;BUILDING template;Geraard Mercatorlaan;4;;
HASSELT - FH06;6468686;1;0;0;1;SDU;;N;HEIGHT;2;0;;;;_;BUILDING template;Jan van Helmontlaan;51;;
HASSELT - FH06;2429075;1;0;0;1;SDU;;N;IRREG;2;0;;;Y;_;BUILDING template;Geraard Mercatorlaan;5;;
HASSELT - FH06;2429078;1;0;0;1;SDU;;N;IRREG;3;0;;;Y;_;BUILDING template;Geraard Mercatorlaan;6;;
HASSELT - FH06;666226;1;0;0;1;SDU;;N;HEIGHT;2;0;;;;_;BUILDING template;Jan van Helmontlaan;54;;
HASSELT - FH06;4861599;1;0;0;1;SDU;;N;IRREG;2;0;;;Y;_;BUILDING template;Geraard Mercatorlaan;7;;
HASSELT - FH06;2429083;1;0;0;1;SDU;;N;IRREG;2;0;;;Y;_;BUILDING template;Geraard Mercatorlaan;8;;
HASSELT - FH06;NB-350056a83e19;1;0;0;1;SDU;;N;HEIGHT;2;0;;;;_;BUILDING template;Jan van Helmontlaan;56;;
HASSELT - FH06;2429087;1;0;0;1;SDU;;N;IRREG;3;0;;;Y;_;BUILDING template;Geraard Mercatorlaan;9;;
HASSELT - FH06;2429091;1;0;0;1;SDU;;N;IRREG;2;0;;;Y;_;BUILDING template;Geraard Mercatorlaan;10;;
HASSELT - FH06;NB-350058e1a373;1;0;0;1;SDU;;N;HEIGHT;2;0;;;;_;BUILDING template;Jan van Helmontlaan;58;;
HASSELT - FH06;2429094;1;0;0;1;SDU;;N;IRREG;3;0;;;Y;_;BUILDING template;Geraard Mercatorlaan;11;;
HASSELT - FH06;2433053;1;0;0;1;SDU;;N;ORN;3;0;;;Y;_;BUILDING template;Oudstrijderslaan;12;;
HASSELT - FH06;2429097;1;0;0;1;SDU;;N;IRREG;3;0;;;Y;_;BUILDING template;Geraard Mercatorlaan;12;;
HASSELT - FH06;NB-3500191bd132;1;0;0;1;SDU;;N;HEIGHT;2;0;;;;_;BUILDING template;Singelbeekstraat;19;;
HASSELT - FH06;2429108;1;0;0;1;SDU;;N;IRREG;2;0;;;Y;_;BUILDING template;Geraard Mercatorlaan;13;;
HASSELT - FH06;662043;1;0;0;1;SDU;;N;IRREG;3;0;;;Y;_;BUILDING template;Geraard Mercatorlaan;14;;
