Zoning_FID;Area;Zoning_ID;Lamkey_FINAL;Lu_Key;E;Area;E;E;E;E;E;E;E;E;E;E;E;E;E;E;E;E;E;E;E;E;E;E;E;E;E;E;E;E;E;E;VCA_Status;E;E;E;E;E;E;E;E;E;E;E;E;E;E;E;E;E;E;E;E;B1_FINAL;B2_FINAL
8105287;W03-C-Antwerpen-West-FH01;19074;1786953;11320460;;W03-C-Antwerpen-West-FH01;;;;;;;;;;;;;;;;;;;;;;;;;;;;;;;;;;;;;;;;;;;;;;;;;;;;20200712;20200801
8105287;W03-C-Antwerpen-West-FH01;19074;1786953;11320461;;W03-C-Antwerpen-West-FH01;;;;;;;;;;;;;;;;;;;;;;;;;;;;;;;;;;;;;;;;;;;;;;;;;;;;20200712;20200801
8105287;W03-C-Antwerpen-West-FH01;19074;1786953;11320462;;W03-C-Antwerpen-West-FH01;;;;;;;;;;;;;;;;;;;;;;;;;;;;;;;;;;;;;;;;;;;;;;;;;;;;20200712;20200801
8105287;W03-C-Antwerpen-West-FH01;19074;1786953;11320463;;W03-C-Antwerpen-West-FH01;;;;;;;;;;;;;;;;;;;;;;;;;;;;;;;;;;;;;;;;;;;;;;;;;;;;20200712;20200801
8105287;W03-C-Antwerpen-West-FH01;19074;1786953;11320464;;W03-C-Antwerpen-West-FH01;;;;;;;;;;;;;;;;;;;;;;;;;;;;;;;;;;;;;;;;;;;;;;;;;;;;20200712;20200801
8105287;W03-C-Antwerpen-West-FH01;19074;1786953;1785648;;W03-C-Antwerpen-West-FH01;;;;;;;;;;;;;;;;;;;;;;;;;;;;;;;;;;;;;;;;;;;;;;;;;;;;20200712;20200801
8105287;W03-C-Antwerpen-West-FH01;19074;1786953;1785649;;W03-C-Antwerpen-West-FH01;;;;;;;;;;;;;;;;;;;;;;;;;;;;;;;;;;;;;;;;;;;;;;;;;;;;20200712;20200801
8105287;W03-C-Antwerpen-West-FH01;19074;4506389;11076496;;W03-C-Antwerpen-West-FH01;;;;;;;;;;;;;;;;;;;;;;;;;;;;;;;;;;;;;;;;;;;;;;;;;;;;20200712;20200801
8105287;W03-C-Antwerpen-West-FH01;19074;1089007;10364963;;W03-C-Antwerpen-West-FH01;;;;;;;;;;;;;;;;;;;;;;;;;;;;;;;;;;;;;;;;;;;;;;;;;;;;20200525;20210201
8105287;W03-C-Antwerpen-West-FH01;19074;108939;11076329;;W03-C-Antwerpen-West-FH01;;;;;;;;;;;;;;;;;;;;;;;;;;;;;;;;;;;;;;;;;;;;;;;;;;;;20200525;20210201
8105287;W03-C-Antwerpen-West-FH01;19074;108948;11077012;;W03-C-Antwerpen-West-FH01;;;;;;;;;;;;;;;;;;;;;;;;;;;;;;;;;;;;;;;;;;;;;;;;;;;;20200525;20210201
8105287;W03-C-Antwerpen-West-FH01;19074;1892443;11077036;;W03-C-Antwerpen-West-FH01;;;;;;;;;;;;;;;;;;;;;;;;;;;;;;;;;;;;;;;;;;;;;;;;;;;;20200602;20210201
8105287;W03-C-Antwerpen-West-FH01;19074;1905643;1809169;;W03-C-Antwerpen-West-FH01;;;;;;;;;;;;;;;;;;;;;;;;;;;;;;;;;;;;;;;;;;;;;;;;;;;;20200309;20210201
8105287;W03-C-Antwerpen-West-FH01;19074;1949013;11076971;;W03-C-Antwerpen-West-FH01;;;;;;;;;;;;;;;;;;;;;;;;;;;;;;;;;;;;;;;;;;;;;;;;;;;;20200525;20210201
8105287;W03-C-Antwerpen-West-FH01;19074;1960564;1824535;;W03-C-Antwerpen-West-FH01;;;;;;;;;;;;;;;;;;;;;;;;;;;;;;;;;;;;;;;;;;;;;;;;;;;;20200525;20210201
8105287;W03-C-Antwerpen-West-FH01;19074;1960572;1655320;;W03-C-Antwerpen-West-FH01;;;;;;;;;;;;;;;;;;;;;;;;;;;;;;;;;;;;;;;;;;;;;;;;;;;;20200525;20210201
8105287;W03-C-Antwerpen-West-FH01;19074;1960880;1824536;;W03-C-Antwerpen-West-FH01;;;;;;;;;;;;;;;;;;;;;;;;;;;;;;;;;;;;;;;;;;;;;;;;;;;;20200602;20210201
8105287;W03-C-Antwerpen-West-FH01;19074;1960882;1640491;;W03-C-Antwerpen-West-FH01;;;;;;;;;;;;;;;;;;;;;;;;;;;;;;;;;;;;;;;;;;;;;;;;;;;;20200602;20210201
8105287;W03-C-Antwerpen-West-FH01;19074;4505462;1751989;;W03-C-Antwerpen-West-FH01;;;;;;;;;;;;;;;;;;;;;;;;;;;;;;;;;;;;;;;;;;;;;;;;;;;;20200602;20210201
8105287;W03-C-Antwerpen-West-FH01;19074;5492426;11076972;;W03-C-Antwerpen-West-FH01;;;;;;;;;;;;;;;;;;;;;;;;;;;;;;;;;;;;;;;;;;;;;;;;;;;;20200525;20210201
8105287;W03-C-Antwerpen-West-FH01;19074;1015486;11076664;;W03-C-Antwerpen-West-FH01;;;;;;;;;;;;;;;;;;;;;;;;;;;;;;;OK;;;;;;;;;;;;;;;;;;;;;20200801;20210201
8105287;W03-C-Antwerpen-West-FH01;19074;108065;11077554;;W03-C-Antwerpen-West-FH01;;;;;;;;;;;;;;;;;;;;;;;;;;;;;;;OK;;;;;;;;;;;;;;;;;;;;;20200429;20201031
8105287;W03-C-Antwerpen-West-FH01;19074;108065;11077555;;W03-C-Antwerpen-West-FH01;;;;;;;;;;;;;;;;;;;;;;;;;;;;;;;OK;;;;;;;;;;;;;;;;;;;;;20200429;20201031
8105287;W03-C-Antwerpen-West-FH01;19074;108065;11077556;;W03-C-Antwerpen-West-FH01;;;;;;;;;;;;;;;;;;;;;;;;;;;;;;;OK;;;;;;;;;;;;;;;;;;;;;20200429;20201031
8105287;W03-C-Antwerpen-West-FH01;19074;108065;11077557;;W03-C-Antwerpen-West-FH01;;;;;;;;;;;;;;;;;;;;;;;;;;;;;;;OK;;;;;;;;;;;;;;;;;;;;;20200429;20201031
8105287;W03-C-Antwerpen-West-FH01;19074;108065;11077558;;W03-C-Antwerpen-West-FH01;;;;;;;;;;;;;;;;;;;;;;;;;;;;;;;OK;;;;;;;;;;;;;;;;;;;;;20200429;20201031
8105287;W03-C-Antwerpen-West-FH01;19074;108065;11077559;;W03-C-Antwerpen-West-FH01;;;;;;;;;;;;;;;;;;;;;;;;;;;;;;;OK;;;;;;;;;;;;;;;;;;;;;20200429;20201031
8105287;W03-C-Antwerpen-West-FH01;19074;108065;11077560;;W03-C-Antwerpen-West-FH01;;;;;;;;;;;;;;;;;;;;;;;;;;;;;;;OK;;;;;;;;;;;;;;;;;;;;;20200429;20201031
8105287;W03-C-Antwerpen-West-FH01;19074;108065;11077561;;W03-C-Antwerpen-West-FH01;;;;;;;;;;;;;;;;;;;;;;;;;;;;;;;OK;;;;;;;;;;;;;;;;;;;;;20200429;20201031
8105287;W03-C-Antwerpen-West-FH01;19074;108065;11184334;;W03-C-Antwerpen-West-FH01;;;;;;;;;;;;;;;;;;;;;;;;;;;;;;;OK;;;;;;;;;;;;;;;;;;;;;20200429;20201031
8105287;W03-C-Antwerpen-West-FH01;19074;108065;1716081;;W03-C-Antwerpen-West-FH01;;;;;;;;;;;;;;;;;;;;;;;;;;;;;;;OK;;;;;;;;;;;;;;;;;;;;;20200429;20201031
8105287;W03-C-Antwerpen-West-FH01;19074;108077;1724090;;W03-C-Antwerpen-West-FH01;;;;;;;;;;;;;;;;;;;;;;;;;;;;;;;OK;;;;;;;;;;;;;;;;;;;;;20200429;20200622
8105287;W03-C-Antwerpen-West-FH01;19074;108077;1724091;;W03-C-Antwerpen-West-FH01;;;;;;;;;;;;;;;;;;;;;;;;;;;;;;;OK;;;;;;;;;;;;;;;;;;;;;20200429;20200622
8105287;W03-C-Antwerpen-West-FH01;19074;108079;10411080;;W03-C-Antwerpen-West-FH01;;;;;;;;;;;;;;;;;;;;;;;;;;;;;;;OK;;;;;;;;;;;;;;;;;;;;;20200507;20200622
8105287;W03-C-Antwerpen-West-FH01;19074;108079;11306919;;W03-C-Antwerpen-West-FH01;;;;;;;;;;;;;;;;;;;;;;;;;;;;;;;OK;;;;;;;;;;;;;;;;;;;;;20200507;20200622
8105287;W03-C-Antwerpen-West-FH01;19074;108079;1610782;;W03-C-Antwerpen-West-FH01;;;;;;;;;;;;;;;;;;;;;;;;;;;;;;;OK;;;;;;;;;;;;;;;;;;;;;20200507;20200622
8105287;W03-C-Antwerpen-West-FH01;19074;108079;1611562;;W03-C-Antwerpen-West-FH01;;;;;;;;;;;;;;;;;;;;;;;;;;;;;;;OK;;;;;;;;;;;;;;;;;;;;;20200507;20200622
8105287;W03-C-Antwerpen-West-FH01;19074;108079;1612073;;W03-C-Antwerpen-West-FH01;;;;;;;;;;;;;;;;;;;;;;;;;;;;;;;OK;;;;;;;;;;;;;;;;;;;;;20200507;20200622
8105287;W03-C-Antwerpen-West-FH01;19074;108079;1613125;;W03-C-Antwerpen-West-FH01;;;;;;;;;;;;;;;;;;;;;;;;;;;;;;;OK;;;;;;;;;;;;;;;;;;;;;20200507;20200622
8105287;W03-C-Antwerpen-West-FH01;19074;1088919;10364770;;W03-C-Antwerpen-West-FH01;;;;;;;;;;;;;;;;;;;;;;;;;;;;;;;OK;;;;;;;;;;;;;;;;;;;;;20200309;20201031
8105287;W03-C-Antwerpen-West-FH01;19074;1088919;11078095;;W03-C-Antwerpen-West-FH01;;;;;;;;;;;;;;;;;;;;;;;;;;;;;;;OK;;;;;;;;;;;;;;;;;;;;;20200309;20201031
8105287;W03-C-Antwerpen-West-FH01;19074;1088919;11078096;;W03-C-Antwerpen-West-FH01;;;;;;;;;;;;;;;;;;;;;;;;;;;;;;;OK;;;;;;;;;;;;;;;;;;;;;20200309;20201031
8105287;W03-C-Antwerpen-West-FH01;19074;1088919;11078097;;W03-C-Antwerpen-West-FH01;;;;;;;;;;;;;;;;;;;;;;;;;;;;;;;OK;;;;;;;;;;;;;;;;;;;;;20200309;20201031
8105287;W03-C-Antwerpen-West-FH01;19074;1088919;11078098;;W03-C-Antwerpen-West-FH01;;;;;;;;;;;;;;;;;;;;;;;;;;;;;;;OK;;;;;;;;;;;;;;;;;;;;;20200309;20201031
8105287;W03-C-Antwerpen-West-FH01;19074;1088919;11078099;;W03-C-Antwerpen-West-FH01;;;;;;;;;;;;;;;;;;;;;;;;;;;;;;;OK;;;;;;;;;;;;;;;;;;;;;20200309;20201031
8105287;W03-C-Antwerpen-West-FH01;19074;1088919;11078100;;W03-C-Antwerpen-West-FH01;;;;;;;;;;;;;;;;;;;;;;;;;;;;;;;OK;;;;;;;;;;;;;;;;;;;;;20200309;20201031
8105287;W03-C-Antwerpen-West-FH01;19074;1088919;11078101;;W03-C-Antwerpen-West-FH01;;;;;;;;;;;;;;;;;;;;;;;;;;;;;;;OK;;;;;;;;;;;;;;;;;;;;;20200309;20201031
8105287;W03-C-Antwerpen-West-FH01;19074;1088919;11078102;;W03-C-Antwerpen-West-FH01;;;;;;;;;;;;;;;;;;;;;;;;;;;;;;;OK;;;;;;;;;;;;;;;;;;;;;20200309;20201031
8105287;W03-C-Antwerpen-West-FH01;19074;1088919;11078103;;W03-C-Antwerpen-West-FH01;;;;;;;;;;;;;;;;;;;;;;;;;;;;;;;OK;;;;;;;;;;;;;;;;;;;;;20200309;20201031
8105287;W03-C-Antwerpen-West-FH01;19074;1088919;11307053;;W03-C-Antwerpen-West-FH01;;;;;;;;;;;;;;;;;;;;;;;;;;;;;;;OK;;;;;;;;;;;;;;;;;;;;;20200309;20201031
8105287;W03-C-Antwerpen-West-FH01;19074;1088919;11307054;;W03-C-Antwerpen-West-FH01;;;;;;;;;;;;;;;;;;;;;;;;;;;;;;;OK;;;;;;;;;;;;;;;;;;;;;20200309;20201031
8105287;W03-C-Antwerpen-West-FH01;19074;1088919;1666171;;W03-C-Antwerpen-West-FH01;;;;;;;;;;;;;;;;;;;;;;;;;;;;;;;OK;;;;;;;;;;;;;;;;;;;;;20200309;20201031
8105287;W03-C-Antwerpen-West-FH01;19074;108952;11076643;;W03-C-Antwerpen-West-FH01;;;;;;;;;;;;;;;;;;;;;;;;;;;;;;;OK;;;;;;;;;;;;;;;;;;;;;20200525;20201231
8105287;W03-C-Antwerpen-West-FH01;19074;109136;11076600;;W03-C-Antwerpen-West-FH01;;;;;;;;;;;;;;;;;;;;;;;;;;;;;;;OK;;;;;;;;;;;;;;;;;;;;;20200406;20201031
8105287;W03-C-Antwerpen-West-FH01;19074;109140;11077776;;W03-C-Antwerpen-West-FH01;;;;;;;;;;;;;;;;;;;;;;;;;;;;;;;OK;;;;;;;;;;;;;;;;;;;;;20200406;20201031
8105287;W03-C-Antwerpen-West-FH01;19074;109140;11077777;;W03-C-Antwerpen-West-FH01;;;;;;;;;;;;;;;;;;;;;;;;;;;;;;;OK;;;;;;;;;;;;;;;;;;;;;20200406;20201031
8105287;W03-C-Antwerpen-West-FH01;19074;109140;11184318;;W03-C-Antwerpen-West-FH01;;;;;;;;;;;;;;;;;;;;;;;;;;;;;;;OK;;;;;;;;;;;;;;;;;;;;;20200406;20201031
8105287;W03-C-Antwerpen-West-FH01;19074;109140;1639941;;W03-C-Antwerpen-West-FH01;;;;;;;;;;;;;;;;;;;;;;;;;;;;;;;OK;;;;;;;;;;;;;;;;;;;;;20200406;20201031
8105287;W03-C-Antwerpen-West-FH01;19074;109142;11076589;;W03-C-Antwerpen-West-FH01;;;;;;;;;;;;;;;;;;;;;;;;;;;;;;;OK;;;;;;;;;;;;;;;;;;;;;20200406;20201031
8105287;W03-C-Antwerpen-West-FH01;19074;1128020;10411633;;W03-C-Antwerpen-West-FH01;;;;;;;;;;;;;;;;;;;;;;;;;;;;;;;OK;;;;;;;;;;;;;;;;;;;;;20200507;20210105
8105287;W03-C-Antwerpen-West-FH01;19074;1128023;11078055;;W03-C-Antwerpen-West-FH01;;;;;;;;;;;;;;;;;;;;;;;;;;;;;;;PENDING;;;;;;;;;;;;;;;;;;;;;20200507;20210105
8105287;W03-C-Antwerpen-West-FH01;19074;1128023;11078056;;W03-C-Antwerpen-West-FH01;;;;;;;;;;;;;;;;;;;;;;;;;;;;;;;PENDING;;;;;;;;;;;;;;;;;;;;;20200507;20210105
8105287;W03-C-Antwerpen-West-FH01;19074;1128023;1744831;;W03-C-Antwerpen-West-FH01;;;;;;;;;;;;;;;;;;;;;;;;;;;;;;;PENDING;;;;;;;;;;;;;;;;;;;;;20200507;20210105
8105287;W03-C-Antwerpen-West-FH01;19074;1128023;1744832;;W03-C-Antwerpen-West-FH01;;;;;;;;;;;;;;;;;;;;;;;;;;;;;;;PENDING;;;;;;;;;;;;;;;;;;;;;20200507;20210105
8105287;W03-C-Antwerpen-West-FH01;19074;1128023;1744833;;W03-C-Antwerpen-West-FH01;;;;;;;;;;;;;;;;;;;;;;;;;;;;;;;PENDING;;;;;;;;;;;;;;;;;;;;;20200507;20210105
8105287;W03-C-Antwerpen-West-FH01;19074;1128023;1744834;;W03-C-Antwerpen-West-FH01;;;;;;;;;;;;;;;;;;;;;;;;;;;;;;;PENDING;;;;;;;;;;;;;;;;;;;;;20200507;20210105
8105287;W03-C-Antwerpen-West-FH01;19074;1128023;1744835;;W03-C-Antwerpen-West-FH01;;;;;;;;;;;;;;;;;;;;;;;;;;;;;;;PENDING;;;;;;;;;;;;;;;;;;;;;20200507;20210105
8105287;W03-C-Antwerpen-West-FH01;19074;1128028;10412238;;W03-C-Antwerpen-West-FH01;;;;;;;;;;;;;;;;;;;;;;;;;;;;;;;PENDING;;;;;;;;;;;;;;;;;;;;;20200429;20201031
8105287;W03-C-Antwerpen-West-FH01;19074;1128028;10412239;;W03-C-Antwerpen-West-FH01;;;;;;;;;;;;;;;;;;;;;;;;;;;;;;;PENDING;;;;;;;;;;;;;;;;;;;;;20200429;20201031
8105287;W03-C-Antwerpen-West-FH01;19074;1128028;10412361;;W03-C-Antwerpen-West-FH01;;;;;;;;;;;;;;;;;;;;;;;;;;;;;;;PENDING;;;;;;;;;;;;;;;;;;;;;20200429;20201031
8105287;W03-C-Antwerpen-West-FH01;19074;1128028;10412362;;W03-C-Antwerpen-West-FH01;;;;;;;;;;;;;;;;;;;;;;;;;;;;;;;PENDING;;;;;;;;;;;;;;;;;;;;;20200429;20201031
8105287;W03-C-Antwerpen-West-FH01;19074;1128028;10412472;;W03-C-Antwerpen-West-FH01;;;;;;;;;;;;;;;;;;;;;;;;;;;;;;;PENDING;;;;;;;;;;;;;;;;;;;;;20200429;20201031
8105287;W03-C-Antwerpen-West-FH01;19074;1128028;10412473;;W03-C-Antwerpen-West-FH01;;;;;;;;;;;;;;;;;;;;;;;;;;;;;;;PENDING;;;;;;;;;;;;;;;;;;;;;20200429;20201031
8105287;W03-C-Antwerpen-West-FH01;19074;1128028;10412474;;W03-C-Antwerpen-West-FH01;;;;;;;;;;;;;;;;;;;;;;;;;;;;;;;PENDING;;;;;;;;;;;;;;;;;;;;;20200429;20201031
8105287;W03-C-Antwerpen-West-FH01;19074;1128028;10412549;;W03-C-Antwerpen-West-FH01;;;;;;;;;;;;;;;;;;;;;;;;;;;;;;;PENDING;;;;;;;;;;;;;;;;;;;;;20200429;20201031
8105287;W03-C-Antwerpen-West-FH01;19074;1128028;10412550;;W03-C-Antwerpen-West-FH01;;;;;;;;;;;;;;;;;;;;;;;;;;;;;;;PENDING;;;;;;;;;;;;;;;;;;;;;20200429;20201031
8105287;W03-C-Antwerpen-West-FH01;19074;1128028;10412551;;W03-C-Antwerpen-West-FH01;;;;;;;;;;;;;;;;;;;;;;;;;;;;;;;PENDING;;;;;;;;;;;;;;;;;;;;;20200429;20201031
8105287;W03-C-Antwerpen-West-FH01;19074;1128028;10415071;;W03-C-Antwerpen-West-FH01;;;;;;;;;;;;;;;;;;;;;;;;;;;;;;;PENDING;;;;;;;;;;;;;;;;;;;;;20200429;20201031
8105287;W03-C-Antwerpen-West-FH01;19074;1128028;11077572;;W03-C-Antwerpen-West-FH01;;;;;;;;;;;;;;;;;;;;;;;;;;;;;;;PENDING;;;;;;;;;;;;;;;;;;;;;20200429;20201031
8105287;W03-C-Antwerpen-West-FH01;19074;1128028;11077573;;W03-C-Antwerpen-West-FH01;;;;;;;;;;;;;;;;;;;;;;;;;;;;;;;PENDING;;;;;;;;;;;;;;;;;;;;;20200429;20201031
8105287;W03-C-Antwerpen-West-FH01;19074;1128028;11306926;;W03-C-Antwerpen-West-FH01;;;;;;;;;;;;;;;;;;;;;;;;;;;;;;;PENDING;;;;;;;;;;;;;;;;;;;;;20200429;20201031
8105287;W03-C-Antwerpen-West-FH01;19074;1206770;1677969;;W03-C-Antwerpen-West-FH01;;;;;;;;;;;;;;;;;;;;;;;;;;;;;;;PENDING;;;;;;;;;;;;;;;;;;;;;20200429;20201031
8105287;W03-C-Antwerpen-West-FH01;19074;1206770;1678239;;W03-C-Antwerpen-West-FH01;;;;;;;;;;;;;;;;;;;;;;;;;;;;;;;PENDING;;;;;;;;;;;;;;;;;;;;;20200429;20201031
8105287;W03-C-Antwerpen-West-FH01;19074;1206770;1678341;;W03-C-Antwerpen-West-FH01;;;;;;;;;;;;;;;;;;;;;;;;;;;;;;;PENDING;;;;;;;;;;;;;;;;;;;;;20200429;20201031
8105287;W03-C-Antwerpen-West-FH01;19074;1206770;1678355;;W03-C-Antwerpen-West-FH01;;;;;;;;;;;;;;;;;;;;;;;;;;;;;;;PENDING;;;;;;;;;;;;;;;;;;;;;20200429;20201031
8105287;W03-C-Antwerpen-West-FH01;19074;1206770;1678393;;W03-C-Antwerpen-West-FH01;;;;;;;;;;;;;;;;;;;;;;;;;;;;;;;PENDING;;;;;;;;;;;;;;;;;;;;;20200429;20201031
8105287;W03-C-Antwerpen-West-FH01;19074;1206770;1678572;;W03-C-Antwerpen-West-FH01;;;;;;;;;;;;;;;;;;;;;;;;;;;;;;;PENDING;;;;;;;;;;;;;;;;;;;;;20200429;20201031
8105287;W03-C-Antwerpen-West-FH01;19074;1513863;10375923;;W03-C-Antwerpen-West-FH01;;;;;;;;;;;;;;;;;;;;;;;;;;;;;;;OK;;;;;;;;;;;;;;;;;;;;;20200429;20201031
8105287;W03-C-Antwerpen-West-FH01;19074;1513863;10375924;;W03-C-Antwerpen-West-FH01;;;;;;;;;;;;;;;;;;;;;;;;;;;;;;;OK;;;;;;;;;;;;;;;;;;;;;20200429;20201031
8105287;W03-C-Antwerpen-West-FH01;19074;1513863;10375925;;W03-C-Antwerpen-West-FH01;;;;;;;;;;;;;;;;;;;;;;;;;;;;;;;OK;;;;;;;;;;;;;;;;;;;;;20200429;20201031
8105287;W03-C-Antwerpen-West-FH01;19074;1513863;10375968;;W03-C-Antwerpen-West-FH01;;;;;;;;;;;;;;;;;;;;;;;;;;;;;;;OK;;;;;;;;;;;;;;;;;;;;;20200429;20201031
8105287;W03-C-Antwerpen-West-FH01;19074;1513863;10375969;;W03-C-Antwerpen-West-FH01;;;;;;;;;;;;;;;;;;;;;;;;;;;;;;;OK;;;;;;;;;;;;;;;;;;;;;20200429;20201031
8105287;W03-C-Antwerpen-West-FH01;19074;1513863;10375970;;W03-C-Antwerpen-West-FH01;;;;;;;;;;;;;;;;;;;;;;;;;;;;;;;OK;;;;;;;;;;;;;;;;;;;;;20200429;20201031
8105287;W03-C-Antwerpen-West-FH01;19074;1513863;1853076;;W03-C-Antwerpen-West-FH01;;;;;;;;;;;;;;;;;;;;;;;;;;;;;;;OK;;;;;;;;;;;;;;;;;;;;;20200429;20201031
8105287;W03-C-Antwerpen-West-FH01;19074;1513863;1853077;;W03-C-Antwerpen-West-FH01;;;;;;;;;;;;;;;;;;;;;;;;;;;;;;;OK;;;;;;;;;;;;;;;;;;;;;20200429;20201031
8105287;W03-C-Antwerpen-West-FH01;19074;1513863;1853078;;W03-C-Antwerpen-West-FH01;;;;;;;;;;;;;;;;;;;;;;;;;;;;;;;OK;;;;;;;;;;;;;;;;;;;;;20200429;20201031
8105287;W03-C-Antwerpen-West-FH01;19074;1513863;1853358;;W03-C-Antwerpen-West-FH01;;;;;;;;;;;;;;;;;;;;;;;;;;;;;;;OK;;;;;;;;;;;;;;;;;;;;;20200429;20201031
8105287;W03-C-Antwerpen-West-FH01;19074;1513863;1853582;;W03-C-Antwerpen-West-FH01;;;;;;;;;;;;;;;;;;;;;;;;;;;;;;;OK;;;;;;;;;;;;;;;;;;;;;20200429;20201031
8105287;W03-C-Antwerpen-West-FH01;19074;1513863;1854143;;W03-C-Antwerpen-West-FH01;;;;;;;;;;;;;;;;;;;;;;;;;;;;;;;OK;;;;;;;;;;;;;;;;;;;;;20200429;20201031
8105287;W03-C-Antwerpen-West-FH01;19074;1734625;10364124;;W03-C-Antwerpen-West-FH01;;;;;;;;;;;;;;;;;;;;;;;;;;;;;;;;;;;;;;;;;;;;;;;;;;;;20200323;20201031
8105287;W03-C-Antwerpen-West-FH01;19074;1734627;1696210;;W03-C-Antwerpen-West-FH01;;;;;;;;;;;;;;;;;;;;;;;;;;;;;;;;;;;;;;;;;;;;;;;;;;;;20200323;20201031
8105287;W03-C-Antwerpen-West-FH01;19074;1735143;10410503;;W03-C-Antwerpen-West-FH01;;;;;;;;;;;;;;;;;;;;;;;;;;;;;;;OK;;;;;;;;;;;;;;;;;;;;;20200309;20200629
8105287;W03-C-Antwerpen-West-FH01;19074;1735143;11078093;;W03-C-Antwerpen-West-FH01;;;;;;;;;;;;;;;;;;;;;;;;;;;;;;;OK;;;;;;;;;;;;;;;;;;;;;20200309;20200629
8105287;W03-C-Antwerpen-West-FH01;19074;1781985;11077881;;W03-C-Antwerpen-West-FH01;;;;;;;;;;;;;;;;;;;;;;;;;;;;;;;;;;;;;;;;;;;;;;;;;;;;20200323;20201031
8105287;W03-C-Antwerpen-West-FH01;19074;1781985;1646480;;W03-C-Antwerpen-West-FH01;;;;;;;;;;;;;;;;;;;;;;;;;;;;;;;;;;;;;;;;;;;;;;;;;;;;20200323;20201031
8105287;W03-C-Antwerpen-West-FH01;19074;186520;11306984;;W03-C-Antwerpen-West-FH01;;;;;;;;;;;;;;;;;;;;;;;;;;;;;;;PENDING;;;;;;;;;;;;;;;;;;;;;20200309;20201031
8105287;W03-C-Antwerpen-West-FH01;19074;186520;11306985;;W03-C-Antwerpen-West-FH01;;;;;;;;;;;;;;;;;;;;;;;;;;;;;;;PENDING;;;;;;;;;;;;;;;;;;;;;20200309;20201031
8105287;W03-C-Antwerpen-West-FH01;19074;186520;11306986;;W03-C-Antwerpen-West-FH01;;;;;;;;;;;;;;;;;;;;;;;;;;;;;;;PENDING;;;;;;;;;;;;;;;;;;;;;20200309;20201031
8105287;W03-C-Antwerpen-West-FH01;19074;186520;11306987;;W03-C-Antwerpen-West-FH01;;;;;;;;;;;;;;;;;;;;;;;;;;;;;;;PENDING;;;;;;;;;;;;;;;;;;;;;20200309;20201031
8105287;W03-C-Antwerpen-West-FH01;19074;186520;11306988;;W03-C-Antwerpen-West-FH01;;;;;;;;;;;;;;;;;;;;;;;;;;;;;;;PENDING;;;;;;;;;;;;;;;;;;;;;20200309;20201031
8105287;W03-C-Antwerpen-West-FH01;19074;186520;11306989;;W03-C-Antwerpen-West-FH01;;;;;;;;;;;;;;;;;;;;;;;;;;;;;;;PENDING;;;;;;;;;;;;;;;;;;;;;20200309;20201031
8105287;W03-C-Antwerpen-West-FH01;19074;186520;11306990;;W03-C-Antwerpen-West-FH01;;;;;;;;;;;;;;;;;;;;;;;;;;;;;;;PENDING;;;;;;;;;;;;;;;;;;;;;20200309;20201031
8105287;W03-C-Antwerpen-West-FH01;19074;186520;11306991;;W03-C-Antwerpen-West-FH01;;;;;;;;;;;;;;;;;;;;;;;;;;;;;;;PENDING;;;;;;;;;;;;;;;;;;;;;20200309;20201031
8105287;W03-C-Antwerpen-West-FH01;19074;186520;11306992;;W03-C-Antwerpen-West-FH01;;;;;;;;;;;;;;;;;;;;;;;;;;;;;;;PENDING;;;;;;;;;;;;;;;;;;;;;20200309;20201031
8105287;W03-C-Antwerpen-West-FH01;19074;186520;11306996;;W03-C-Antwerpen-West-FH01;;;;;;;;;;;;;;;;;;;;;;;;;;;;;;;PENDING;;;;;;;;;;;;;;;;;;;;;20200309;20201031
8105287;W03-C-Antwerpen-West-FH01;19074;186520;11307002;;W03-C-Antwerpen-West-FH01;;;;;;;;;;;;;;;;;;;;;;;;;;;;;;;PENDING;;;;;;;;;;;;;;;;;;;;;20200309;20201031
8105287;W03-C-Antwerpen-West-FH01;19074;186520;11307005;;W03-C-Antwerpen-West-FH01;;;;;;;;;;;;;;;;;;;;;;;;;;;;;;;PENDING;;;;;;;;;;;;;;;;;;;;;20200309;20201031
8105287;W03-C-Antwerpen-West-FH01;19074;186520;11307006;;W03-C-Antwerpen-West-FH01;;;;;;;;;;;;;;;;;;;;;;;;;;;;;;;PENDING;;;;;;;;;;;;;;;;;;;;;20200309;20201031
8105287;W03-C-Antwerpen-West-FH01;19074;186520;11307007;;W03-C-Antwerpen-West-FH01;;;;;;;;;;;;;;;;;;;;;;;;;;;;;;;PENDING;;;;;;;;;;;;;;;;;;;;;20200309;20201031
8105287;W03-C-Antwerpen-West-FH01;19074;186520;11307008;;W03-C-Antwerpen-West-FH01;;;;;;;;;;;;;;;;;;;;;;;;;;;;;;;PENDING;;;;;;;;;;;;;;;;;;;;;20200309;20201031
8105287;W03-C-Antwerpen-West-FH01;19074;186520;11307009;;W03-C-Antwerpen-West-FH01;;;;;;;;;;;;;;;;;;;;;;;;;;;;;;;PENDING;;;;;;;;;;;;;;;;;;;;;20200309;20201031
8105287;W03-C-Antwerpen-West-FH01;19074;186520;11307010;;W03-C-Antwerpen-West-FH01;;;;;;;;;;;;;;;;;;;;;;;;;;;;;;;PENDING;;;;;;;;;;;;;;;;;;;;;20200309;20201031
8105287;W03-C-Antwerpen-West-FH01;19074;186520;11307011;;W03-C-Antwerpen-West-FH01;;;;;;;;;;;;;;;;;;;;;;;;;;;;;;;PENDING;;;;;;;;;;;;;;;;;;;;;20200309;20201031
8105287;W03-C-Antwerpen-West-FH01;19074;186520;11307012;;W03-C-Antwerpen-West-FH01;;;;;;;;;;;;;;;;;;;;;;;;;;;;;;;PENDING;;;;;;;;;;;;;;;;;;;;;20200309;20201031
8105287;W03-C-Antwerpen-West-FH01;19074;186520;11307013;;W03-C-Antwerpen-West-FH01;;;;;;;;;;;;;;;;;;;;;;;;;;;;;;;PENDING;;;;;;;;;;;;;;;;;;;;;20200309;20201031
8105287;W03-C-Antwerpen-West-FH01;19074;186520;11307014;;W03-C-Antwerpen-West-FH01;;;;;;;;;;;;;;;;;;;;;;;;;;;;;;;PENDING;;;;;;;;;;;;;;;;;;;;;20200309;20201031
8105287;W03-C-Antwerpen-West-FH01;19074;186520;11307015;;W03-C-Antwerpen-West-FH01;;;;;;;;;;;;;;;;;;;;;;;;;;;;;;;PENDING;;;;;;;;;;;;;;;;;;;;;20200309;20201031
8105287;W03-C-Antwerpen-West-FH01;19074;186520;11307016;;W03-C-Antwerpen-West-FH01;;;;;;;;;;;;;;;;;;;;;;;;;;;;;;;PENDING;;;;;;;;;;;;;;;;;;;;;20200309;20201031
8105287;W03-C-Antwerpen-West-FH01;19074;186520;11307017;;W03-C-Antwerpen-West-FH01;;;;;;;;;;;;;;;;;;;;;;;;;;;;;;;PENDING;;;;;;;;;;;;;;;;;;;;;20200309;20201031
8105287;W03-C-Antwerpen-West-FH01;19074;186520;11307018;;W03-C-Antwerpen-West-FH01;;;;;;;;;;;;;;;;;;;;;;;;;;;;;;;PENDING;;;;;;;;;;;;;;;;;;;;;20200309;20201031
8105287;W03-C-Antwerpen-West-FH01;19074;186520;11307019;;W03-C-Antwerpen-West-FH01;;;;;;;;;;;;;;;;;;;;;;;;;;;;;;;PENDING;;;;;;;;;;;;;;;;;;;;;20200309;20201031
8105287;W03-C-Antwerpen-West-FH01;19074;186520;11307020;;W03-C-Antwerpen-West-FH01;;;;;;;;;;;;;;;;;;;;;;;;;;;;;;;PENDING;;;;;;;;;;;;;;;;;;;;;20200309;20201031
8105287;W03-C-Antwerpen-West-FH01;19074;186520;11307021;;W03-C-Antwerpen-West-FH01;;;;;;;;;;;;;;;;;;;;;;;;;;;;;;;PENDING;;;;;;;;;;;;;;;;;;;;;20200309;20201031
8105287;W03-C-Antwerpen-West-FH01;19074;186520;11307022;;W03-C-Antwerpen-West-FH01;;;;;;;;;;;;;;;;;;;;;;;;;;;;;;;PENDING;;;;;;;;;;;;;;;;;;;;;20200309;20201031
8105287;W03-C-Antwerpen-West-FH01;19074;186520;11307023;;W03-C-Antwerpen-West-FH01;;;;;;;;;;;;;;;;;;;;;;;;;;;;;;;PENDING;;;;;;;;;;;;;;;;;;;;;20200309;20201031
8105287;W03-C-Antwerpen-West-FH01;19074;186520;11307024;;W03-C-Antwerpen-West-FH01;;;;;;;;;;;;;;;;;;;;;;;;;;;;;;;PENDING;;;;;;;;;;;;;;;;;;;;;20200309;20201031
8105287;W03-C-Antwerpen-West-FH01;19074;186520;11307025;;W03-C-Antwerpen-West-FH01;;;;;;;;;;;;;;;;;;;;;;;;;;;;;;;PENDING;;;;;;;;;;;;;;;;;;;;;20200309;20201031
8105287;W03-C-Antwerpen-West-FH01;19074;186520;11307026;;W03-C-Antwerpen-West-FH01;;;;;;;;;;;;;;;;;;;;;;;;;;;;;;;PENDING;;;;;;;;;;;;;;;;;;;;;20200309;20201031
8105287;W03-C-Antwerpen-West-FH01;19074;186520;11307027;;W03-C-Antwerpen-West-FH01;;;;;;;;;;;;;;;;;;;;;;;;;;;;;;;PENDING;;;;;;;;;;;;;;;;;;;;;20200309;20201031
8105287;W03-C-Antwerpen-West-FH01;19074;186520;11307028;;W03-C-Antwerpen-West-FH01;;;;;;;;;;;;;;;;;;;;;;;;;;;;;;;PENDING;;;;;;;;;;;;;;;;;;;;;20200309;20201031
8105287;W03-C-Antwerpen-West-FH01;19074;186520;11307029;;W03-C-Antwerpen-West-FH01;;;;;;;;;;;;;;;;;;;;;;;;;;;;;;;PENDING;;;;;;;;;;;;;;;;;;;;;20200309;20201031
8105287;W03-C-Antwerpen-West-FH01;19074;186520;11307030;;W03-C-Antwerpen-West-FH01;;;;;;;;;;;;;;;;;;;;;;;;;;;;;;;PENDING;;;;;;;;;;;;;;;;;;;;;20200309;20201031
8105287;W03-C-Antwerpen-West-FH01;19074;186520;11307031;;W03-C-Antwerpen-West-FH01;;;;;;;;;;;;;;;;;;;;;;;;;;;;;;;PENDING;;;;;;;;;;;;;;;;;;;;;20200309;20201031
8105287;W03-C-Antwerpen-West-FH01;19074;186520;11307032;;W03-C-Antwerpen-West-FH01;;;;;;;;;;;;;;;;;;;;;;;;;;;;;;;PENDING;;;;;;;;;;;;;;;;;;;;;20200309;20201031
8105287;W03-C-Antwerpen-West-FH01;19074;186520;11307033;;W03-C-Antwerpen-West-FH01;;;;;;;;;;;;;;;;;;;;;;;;;;;;;;;PENDING;;;;;;;;;;;;;;;;;;;;;20200309;20201031
8105287;W03-C-Antwerpen-West-FH01;19074;186520;11307034;;W03-C-Antwerpen-West-FH01;;;;;;;;;;;;;;;;;;;;;;;;;;;;;;;PENDING;;;;;;;;;;;;;;;;;;;;;20200309;20201031
8105287;W03-C-Antwerpen-West-FH01;19074;186520;11307035;;W03-C-Antwerpen-West-FH01;;;;;;;;;;;;;;;;;;;;;;;;;;;;;;;PENDING;;;;;;;;;;;;;;;;;;;;;20200309;20201031
8105287;W03-C-Antwerpen-West-FH01;19074;186520;11307036;;W03-C-Antwerpen-West-FH01;;;;;;;;;;;;;;;;;;;;;;;;;;;;;;;PENDING;;;;;;;;;;;;;;;;;;;;;20200309;20201031
8105287;W03-C-Antwerpen-West-FH01;19074;186520;11307037;;W03-C-Antwerpen-West-FH01;;;;;;;;;;;;;;;;;;;;;;;;;;;;;;;PENDING;;;;;;;;;;;;;;;;;;;;;20200309;20201031
8105287;W03-C-Antwerpen-West-FH01;19074;186520;11307038;;W03-C-Antwerpen-West-FH01;;;;;;;;;;;;;;;;;;;;;;;;;;;;;;;PENDING;;;;;;;;;;;;;;;;;;;;;20200309;20201031
8105287;W03-C-Antwerpen-West-FH01;19074;186520;11307039;;W03-C-Antwerpen-West-FH01;;;;;;;;;;;;;;;;;;;;;;;;;;;;;;;PENDING;;;;;;;;;;;;;;;;;;;;;20200309;20201031
8105287;W03-C-Antwerpen-West-FH01;19074;186520;11307040;;W03-C-Antwerpen-West-FH01;;;;;;;;;;;;;;;;;;;;;;;;;;;;;;;PENDING;;;;;;;;;;;;;;;;;;;;;20200309;20201031
8105287;W03-C-Antwerpen-West-FH01;19074;186520;11307041;;W03-C-Antwerpen-West-FH01;;;;;;;;;;;;;;;;;;;;;;;;;;;;;;;PENDING;;;;;;;;;;;;;;;;;;;;;20200309;20201031
8105287;W03-C-Antwerpen-West-FH01;19074;186520;11307042;;W03-C-Antwerpen-West-FH01;;;;;;;;;;;;;;;;;;;;;;;;;;;;;;;PENDING;;;;;;;;;;;;;;;;;;;;;20200309;20201031
8105287;W03-C-Antwerpen-West-FH01;19074;186520;11307043;;W03-C-Antwerpen-West-FH01;;;;;;;;;;;;;;;;;;;;;;;;;;;;;;;PENDING;;;;;;;;;;;;;;;;;;;;;20200309;20201031
8105287;W03-C-Antwerpen-West-FH01;19074;186520;11307044;;W03-C-Antwerpen-West-FH01;;;;;;;;;;;;;;;;;;;;;;;;;;;;;;;PENDING;;;;;;;;;;;;;;;;;;;;;20200309;20201031
8105287;W03-C-Antwerpen-West-FH01;19074;186520;11307045;;W03-C-Antwerpen-West-FH01;;;;;;;;;;;;;;;;;;;;;;;;;;;;;;;PENDING;;;;;;;;;;;;;;;;;;;;;20200309;20201031
8105287;W03-C-Antwerpen-West-FH01;19074;186520;11307046;;W03-C-Antwerpen-West-FH01;;;;;;;;;;;;;;;;;;;;;;;;;;;;;;;PENDING;;;;;;;;;;;;;;;;;;;;;20200309;20201031
8105287;W03-C-Antwerpen-West-FH01;19074;186520;11307047;;W03-C-Antwerpen-West-FH01;;;;;;;;;;;;;;;;;;;;;;;;;;;;;;;PENDING;;;;;;;;;;;;;;;;;;;;;20200309;20201031
8105287;W03-C-Antwerpen-West-FH01;19074;186520;11307048;;W03-C-Antwerpen-West-FH01;;;;;;;;;;;;;;;;;;;;;;;;;;;;;;;PENDING;;;;;;;;;;;;;;;;;;;;;20200309;20201031
8105287;W03-C-Antwerpen-West-FH01;19074;186520;11307049;;W03-C-Antwerpen-West-FH01;;;;;;;;;;;;;;;;;;;;;;;;;;;;;;;PENDING;;;;;;;;;;;;;;;;;;;;;20200309;20201031
8105287;W03-C-Antwerpen-West-FH01;19074;186520;11307050;;W03-C-Antwerpen-West-FH01;;;;;;;;;;;;;;;;;;;;;;;;;;;;;;;PENDING;;;;;;;;;;;;;;;;;;;;;20200309;20201031
8105287;W03-C-Antwerpen-West-FH01;19074;186520;11307051;;W03-C-Antwerpen-West-FH01;;;;;;;;;;;;;;;;;;;;;;;;;;;;;;;PENDING;;;;;;;;;;;;;;;;;;;;;20200309;20201031
8105287;W03-C-Antwerpen-West-FH01;19074;186520;11307052;;W03-C-Antwerpen-West-FH01;;;;;;;;;;;;;;;;;;;;;;;;;;;;;;;PENDING;;;;;;;;;;;;;;;;;;;;;20200309;20201031
8105287;W03-C-Antwerpen-West-FH01;19074;186520;1865957;;W03-C-Antwerpen-West-FH01;;;;;;;;;;;;;;;;;;;;;;;;;;;;;;;PENDING;;;;;;;;;;;;;;;;;;;;;20200309;20201031
8105287;W03-C-Antwerpen-West-FH01;19074;1905601;11077169;;W03-C-Antwerpen-West-FH01;;;;;;;;;;;;;;;;;;;;;;;;;;;;;;;PENDING;;;;;;;;;;;;;;;;;;;;;20200309;20201031
8105287;W03-C-Antwerpen-West-FH01;19074;1905601;11306845;;W03-C-Antwerpen-West-FH01;;;;;;;;;;;;;;;;;;;;;;;;;;;;;;;PENDING;;;;;;;;;;;;;;;;;;;;;20200309;20201031
8105287;W03-C-Antwerpen-West-FH01;19074;1905601;11306846;;W03-C-Antwerpen-West-FH01;;;;;;;;;;;;;;;;;;;;;;;;;;;;;;;PENDING;;;;;;;;;;;;;;;;;;;;;20200309;20201031
8105287;W03-C-Antwerpen-West-FH01;19074;1905601;1804371;;W03-C-Antwerpen-West-FH01;;;;;;;;;;;;;;;;;;;;;;;;;;;;;;;PENDING;;;;;;;;;;;;;;;;;;;;;20200309;20201031
8105287;W03-C-Antwerpen-West-FH01;19074;1905601;1804372;;W03-C-Antwerpen-West-FH01;;;;;;;;;;;;;;;;;;;;;;;;;;;;;;;PENDING;;;;;;;;;;;;;;;;;;;;;20200309;20201031
8105287;W03-C-Antwerpen-West-FH01;19074;1905601;1804373;;W03-C-Antwerpen-West-FH01;;;;;;;;;;;;;;;;;;;;;;;;;;;;;;;PENDING;;;;;;;;;;;;;;;;;;;;;20200309;20201031
8105287;W03-C-Antwerpen-West-FH01;19074;1905601;1804393;;W03-C-Antwerpen-West-FH01;;;;;;;;;;;;;;;;;;;;;;;;;;;;;;;PENDING;;;;;;;;;;;;;;;;;;;;;20200309;20201031
8105287;W03-C-Antwerpen-West-FH01;19074;1905601;1804835;;W03-C-Antwerpen-West-FH01;;;;;;;;;;;;;;;;;;;;;;;;;;;;;;;PENDING;;;;;;;;;;;;;;;;;;;;;20200309;20201031
8105287;W03-C-Antwerpen-West-FH01;19074;1960580;1719379;;W03-C-Antwerpen-West-FH01;;;;;;;;;;;;;;;;;;;;;;;;;;;;;;;OK;;;;;;;;;;;;;;;;;;;;;20200518;20200713
8105287;W03-C-Antwerpen-West-FH01;19074;1960580;1719581;;W03-C-Antwerpen-West-FH01;;;;;;;;;;;;;;;;;;;;;;;;;;;;;;;OK;;;;;;;;;;;;;;;;;;;;;20200518;20200713
8105287;W03-C-Antwerpen-West-FH01;19074;1960580;1719756;;W03-C-Antwerpen-West-FH01;;;;;;;;;;;;;;;;;;;;;;;;;;;;;;;OK;;;;;;;;;;;;;;;;;;;;;20200518;20200713
8105287;W03-C-Antwerpen-West-FH01;19074;1960580;1719853;;W03-C-Antwerpen-West-FH01;;;;;;;;;;;;;;;;;;;;;;;;;;;;;;;OK;;;;;;;;;;;;;;;;;;;;;20200518;20200713
8105287;W03-C-Antwerpen-West-FH01;19074;1960581;10413022;;W03-C-Antwerpen-West-FH01;;;;;;;;;;;;;;;;;;;;;;;;;;;;;;;PENDING;;;;;;;;;;;;;;;;;;;;;20200518;20210105
8105287;W03-C-Antwerpen-West-FH01;19074;1960581;10413210;;W03-C-Antwerpen-West-FH01;;;;;;;;;;;;;;;;;;;;;;;;;;;;;;;PENDING;;;;;;;;;;;;;;;;;;;;;20200518;20210105
8105287;W03-C-Antwerpen-West-FH01;19074;1960581;10413308;;W03-C-Antwerpen-West-FH01;;;;;;;;;;;;;;;;;;;;;;;;;;;;;;;PENDING;;;;;;;;;;;;;;;;;;;;;20200518;20210105
8105287;W03-C-Antwerpen-West-FH01;19074;1960581;10413347;;W03-C-Antwerpen-West-FH01;;;;;;;;;;;;;;;;;;;;;;;;;;;;;;;PENDING;;;;;;;;;;;;;;;;;;;;;20200518;20210105
8105287;W03-C-Antwerpen-West-FH01;19074;1960581;10415447;;W03-C-Antwerpen-West-FH01;;;;;;;;;;;;;;;;;;;;;;;;;;;;;;;PENDING;;;;;;;;;;;;;;;;;;;;;20200518;20210105
8105287;W03-C-Antwerpen-West-FH01;19074;1960581;11081610;;W03-C-Antwerpen-West-FH01;;;;;;;;;;;;;;;;;;;;;;;;;;;;;;;PENDING;;;;;;;;;;;;;;;;;;;;;20200518;20210105
8105287;W03-C-Antwerpen-West-FH01;19074;1960581;11306880;;W03-C-Antwerpen-West-FH01;;;;;;;;;;;;;;;;;;;;;;;;;;;;;;;PENDING;;;;;;;;;;;;;;;;;;;;;20200518;20210105
8105287;W03-C-Antwerpen-West-FH01;19074;1960583;11077220;;W03-C-Antwerpen-West-FH01;;;;;;;;;;;;;;;;;;;;;;;;;;;;;;;;;;;;;;;;;;;;;;;;;;;;20200518;20200713
8105287;W03-C-Antwerpen-West-FH01;19074;1960583;11184270;;W03-C-Antwerpen-West-FH01;;;;;;;;;;;;;;;;;;;;;;;;;;;;;;;;;;;;;;;;;;;;;;;;;;;;20200518;20200713
8105287;W03-C-Antwerpen-West-FH01;19074;1960583;1732882;;W03-C-Antwerpen-West-FH01;;;;;;;;;;;;;;;;;;;;;;;;;;;;;;;;;;;;;;;;;;;;;;;;;;;;20200518;20200713
8105287;W03-C-Antwerpen-West-FH01;19074;1960583;1732883;;W03-C-Antwerpen-West-FH01;;;;;;;;;;;;;;;;;;;;;;;;;;;;;;;;;;;;;;;;;;;;;;;;;;;;20200518;20200713
8105287;W03-C-Antwerpen-West-FH01;19074;1960584;11306876;;W03-C-Antwerpen-West-FH01;;;;;;;;;;;;;;;;;;;;;;;;;;;;;;;PENDING;;;;;;;;;;;;;;;;;;;;;20200518;20210105
8105287;W03-C-Antwerpen-West-FH01;19074;1960584;11306877;;W03-C-Antwerpen-West-FH01;;;;;;;;;;;;;;;;;;;;;;;;;;;;;;;PENDING;;;;;;;;;;;;;;;;;;;;;20200518;20210105
8105287;W03-C-Antwerpen-West-FH01;19074;1960584;11306878;;W03-C-Antwerpen-West-FH01;;;;;;;;;;;;;;;;;;;;;;;;;;;;;;;PENDING;;;;;;;;;;;;;;;;;;;;;20200518;20210105
8105287;W03-C-Antwerpen-West-FH01;19074;1960584;11306879;;W03-C-Antwerpen-West-FH01;;;;;;;;;;;;;;;;;;;;;;;;;;;;;;;PENDING;;;;;;;;;;;;;;;;;;;;;20200518;20210105
8105287;W03-C-Antwerpen-West-FH01;19074;1960584;1736524;;W03-C-Antwerpen-West-FH01;;;;;;;;;;;;;;;;;;;;;;;;;;;;;;;PENDING;;;;;;;;;;;;;;;;;;;;;20200518;20210105
8105287;W03-C-Antwerpen-West-FH01;19074;1960584;1736525;;W03-C-Antwerpen-West-FH01;;;;;;;;;;;;;;;;;;;;;;;;;;;;;;;PENDING;;;;;;;;;;;;;;;;;;;;;20200518;20210105
8105287;W03-C-Antwerpen-West-FH01;19074;1960584;1736526;;W03-C-Antwerpen-West-FH01;;;;;;;;;;;;;;;;;;;;;;;;;;;;;;;PENDING;;;;;;;;;;;;;;;;;;;;;20200518;20210105
8105287;W03-C-Antwerpen-West-FH01;19074;1960584;1736527;;W03-C-Antwerpen-West-FH01;;;;;;;;;;;;;;;;;;;;;;;;;;;;;;;PENDING;;;;;;;;;;;;;;;;;;;;;20200518;20210105
8105287;W03-C-Antwerpen-West-FH01;19074;1960584;1736528;;W03-C-Antwerpen-West-FH01;;;;;;;;;;;;;;;;;;;;;;;;;;;;;;;PENDING;;;;;;;;;;;;;;;;;;;;;20200518;20210105
8105287;W03-C-Antwerpen-West-FH01;19074;1960584;1736529;;W03-C-Antwerpen-West-FH01;;;;;;;;;;;;;;;;;;;;;;;;;;;;;;;PENDING;;;;;;;;;;;;;;;;;;;;;20200518;20210105
8105287;W03-C-Antwerpen-West-FH01;19074;1960584;1736530;;W03-C-Antwerpen-West-FH01;;;;;;;;;;;;;;;;;;;;;;;;;;;;;;;PENDING;;;;;;;;;;;;;;;;;;;;;20200518;20210105
8105287;W03-C-Antwerpen-West-FH01;19074;1960584;1736531;;W03-C-Antwerpen-West-FH01;;;;;;;;;;;;;;;;;;;;;;;;;;;;;;;PENDING;;;;;;;;;;;;;;;;;;;;;20200518;20210105
8105287;W03-C-Antwerpen-West-FH01;19074;1960584;1736532;;W03-C-Antwerpen-West-FH01;;;;;;;;;;;;;;;;;;;;;;;;;;;;;;;PENDING;;;;;;;;;;;;;;;;;;;;;20200518;20210105
8105287;W03-C-Antwerpen-West-FH01;19074;2024763;11076583;;W03-C-Antwerpen-West-FH01;;;;;;;;;;;;;;;;;;;;;;;;;;;;;;;OK;;;;;;;;;;;;;;;;;;;;;20200406;20201031
8105287;W03-C-Antwerpen-West-FH01;19074;2024772;11076584;;W03-C-Antwerpen-West-FH01;;;;;;;;;;;;;;;;;;;;;;;;;;;;;;;OK;;;;;;;;;;;;;;;;;;;;;20200406;20201031
8105287;W03-C-Antwerpen-West-FH01;19074;2024772;11076585;;W03-C-Antwerpen-West-FH01;;;;;;;;;;;;;;;;;;;;;;;;;;;;;;;OK;;;;;;;;;;;;;;;;;;;;;20200406;20201031
8105287;W03-C-Antwerpen-West-FH01;19074;2024779;11076590;;W03-C-Antwerpen-West-FH01;;;;;;;;;;;;;;;;;;;;;;;;;;;;;;;OK;;;;;;;;;;;;;;;;;;;;;20200406;20201031
8105287;W03-C-Antwerpen-West-FH01;19074;2024791;11184309;;W03-C-Antwerpen-West-FH01;;;;;;;;;;;;;;;;;;;;;;;;;;;;;;;OK;;;;;;;;;;;;;;;;;;;;;20200414;20201031
8105287;W03-C-Antwerpen-West-FH01;19074;2024875;10412158;;W03-C-Antwerpen-West-FH01;;;;;;;;;;;;;;;;;;;;;;;;;;;;;;;PENDING;;;;;;;;;;;;;;;;;;;;;20200507;20210105
8105287;W03-C-Antwerpen-West-FH01;19074;2024875;10412257;;W03-C-Antwerpen-West-FH01;;;;;;;;;;;;;;;;;;;;;;;;;;;;;;;PENDING;;;;;;;;;;;;;;;;;;;;;20200507;20210105
8105287;W03-C-Antwerpen-West-FH01;19074;2024875;10412381;;W03-C-Antwerpen-West-FH01;;;;;;;;;;;;;;;;;;;;;;;;;;;;;;;PENDING;;;;;;;;;;;;;;;;;;;;;20200507;20210105
8105287;W03-C-Antwerpen-West-FH01;19074;2024875;10412483;;W03-C-Antwerpen-West-FH01;;;;;;;;;;;;;;;;;;;;;;;;;;;;;;;PENDING;;;;;;;;;;;;;;;;;;;;;20200507;20210105
8105287;W03-C-Antwerpen-West-FH01;19074;2024875;10413912;;W03-C-Antwerpen-West-FH01;;;;;;;;;;;;;;;;;;;;;;;;;;;;;;;PENDING;;;;;;;;;;;;;;;;;;;;;20200507;20210105
8105287;W03-C-Antwerpen-West-FH01;19074;2024875;11081617;;W03-C-Antwerpen-West-FH01;;;;;;;;;;;;;;;;;;;;;;;;;;;;;;;PENDING;;;;;;;;;;;;;;;;;;;;;20200507;20210105
8105287;W03-C-Antwerpen-West-FH01;19074;2024884;11077549;;W03-C-Antwerpen-West-FH01;;;;;;;;;;;;;;;;;;;;;;;;;;;;;;;OK;;;;;;;;;;;;;;;;;;;;;20200507;20200622
8105287;W03-C-Antwerpen-West-FH01;19074;2024884;11077550;;W03-C-Antwerpen-West-FH01;;;;;;;;;;;;;;;;;;;;;;;;;;;;;;;OK;;;;;;;;;;;;;;;;;;;;;20200507;20200622
8105287;W03-C-Antwerpen-West-FH01;19074;2024884;11077551;;W03-C-Antwerpen-West-FH01;;;;;;;;;;;;;;;;;;;;;;;;;;;;;;;OK;;;;;;;;;;;;;;;;;;;;;20200507;20200622
8105287;W03-C-Antwerpen-West-FH01;19074;2024884;1661807;;W03-C-Antwerpen-West-FH01;;;;;;;;;;;;;;;;;;;;;;;;;;;;;;;OK;;;;;;;;;;;;;;;;;;;;;20200507;20200622
8105287;W03-C-Antwerpen-West-FH01;19074;2024884;1661808;;W03-C-Antwerpen-West-FH01;;;;;;;;;;;;;;;;;;;;;;;;;;;;;;;OK;;;;;;;;;;;;;;;;;;;;;20200507;20200622
8105287;W03-C-Antwerpen-West-FH01;19074;2024884;1661809;;W03-C-Antwerpen-West-FH01;;;;;;;;;;;;;;;;;;;;;;;;;;;;;;;OK;;;;;;;;;;;;;;;;;;;;;20200507;20200622
8105287;W03-C-Antwerpen-West-FH01;19074;2024895;11077594;;W03-C-Antwerpen-West-FH01;;;;;;;;;;;;;;;;;;;;;;;;;;;;;;;PENDING;;;;;;;;;;;;;;;;;;;;;20200507;20210105
8105287;W03-C-Antwerpen-West-FH01;19074;2024895;11077595;;W03-C-Antwerpen-West-FH01;;;;;;;;;;;;;;;;;;;;;;;;;;;;;;;PENDING;;;;;;;;;;;;;;;;;;;;;20200507;20210105
8105287;W03-C-Antwerpen-West-FH01;19074;2024895;11077596;;W03-C-Antwerpen-West-FH01;;;;;;;;;;;;;;;;;;;;;;;;;;;;;;;PENDING;;;;;;;;;;;;;;;;;;;;;20200507;20210105
8105287;W03-C-Antwerpen-West-FH01;19074;2024895;1674420;;W03-C-Antwerpen-West-FH01;;;;;;;;;;;;;;;;;;;;;;;;;;;;;;;PENDING;;;;;;;;;;;;;;;;;;;;;20200507;20210105
8105287;W03-C-Antwerpen-West-FH01;19074;2024895;1674421;;W03-C-Antwerpen-West-FH01;;;;;;;;;;;;;;;;;;;;;;;;;;;;;;;PENDING;;;;;;;;;;;;;;;;;;;;;20200507;20210105
8105287;W03-C-Antwerpen-West-FH01;19074;2024895;1674422;;W03-C-Antwerpen-West-FH01;;;;;;;;;;;;;;;;;;;;;;;;;;;;;;;PENDING;;;;;;;;;;;;;;;;;;;;;20200507;20210105
8105287;W03-C-Antwerpen-West-FH01;19074;2024906;10417074;;W03-C-Antwerpen-West-FH01;;;;;;;;;;;;;;;;;;;;;;;;;;;;;;;OK;;;;;;;;;;;;;;;;;;;;;20200429;20201231
8105287;W03-C-Antwerpen-West-FH01;19074;2024913;11076677;;W03-C-Antwerpen-West-FH01;;;;;;;;;;;;;;;;;;;;;;;;;;;;;;;OK;;;;;;;;;;;;;;;;;;;;;20200429;20201031
8105287;W03-C-Antwerpen-West-FH01;19074;2024913;11076678;;W03-C-Antwerpen-West-FH01;;;;;;;;;;;;;;;;;;;;;;;;;;;;;;;OK;;;;;;;;;;;;;;;;;;;;;20200429;20201031
8105287;W03-C-Antwerpen-West-FH01;19074;2024913;11076679;;W03-C-Antwerpen-West-FH01;;;;;;;;;;;;;;;;;;;;;;;;;;;;;;;OK;;;;;;;;;;;;;;;;;;;;;20200429;20201031
8105287;W03-C-Antwerpen-West-FH01;19074;2024913;11076680;;W03-C-Antwerpen-West-FH01;;;;;;;;;;;;;;;;;;;;;;;;;;;;;;;OK;;;;;;;;;;;;;;;;;;;;;20200429;20201031
8105287;W03-C-Antwerpen-West-FH01;19074;2024913;11076681;;W03-C-Antwerpen-West-FH01;;;;;;;;;;;;;;;;;;;;;;;;;;;;;;;OK;;;;;;;;;;;;;;;;;;;;;20200429;20201031
8105287;W03-C-Antwerpen-West-FH01;19074;2024913;11076682;;W03-C-Antwerpen-West-FH01;;;;;;;;;;;;;;;;;;;;;;;;;;;;;;;OK;;;;;;;;;;;;;;;;;;;;;20200429;20201031
8105287;W03-C-Antwerpen-West-FH01;19074;2024913;11076683;;W03-C-Antwerpen-West-FH01;;;;;;;;;;;;;;;;;;;;;;;;;;;;;;;OK;;;;;;;;;;;;;;;;;;;;;20200429;20201031
8105287;W03-C-Antwerpen-West-FH01;19074;2024913;11076684;;W03-C-Antwerpen-West-FH01;;;;;;;;;;;;;;;;;;;;;;;;;;;;;;;OK;;;;;;;;;;;;;;;;;;;;;20200429;20201031
8105287;W03-C-Antwerpen-West-FH01;19074;2024913;11076685;;W03-C-Antwerpen-West-FH01;;;;;;;;;;;;;;;;;;;;;;;;;;;;;;;OK;;;;;;;;;;;;;;;;;;;;;20200429;20201031
8105287;W03-C-Antwerpen-West-FH01;19074;2024913;11076686;;W03-C-Antwerpen-West-FH01;;;;;;;;;;;;;;;;;;;;;;;;;;;;;;;OK;;;;;;;;;;;;;;;;;;;;;20200429;20201031
8105287;W03-C-Antwerpen-West-FH01;19074;2024913;11076687;;W03-C-Antwerpen-West-FH01;;;;;;;;;;;;;;;;;;;;;;;;;;;;;;;OK;;;;;;;;;;;;;;;;;;;;;20200429;20201031
8105287;W03-C-Antwerpen-West-FH01;19074;2024913;11076688;;W03-C-Antwerpen-West-FH01;;;;;;;;;;;;;;;;;;;;;;;;;;;;;;;OK;;;;;;;;;;;;;;;;;;;;;20200429;20201031
8105287;W03-C-Antwerpen-West-FH01;19074;2024913;11076689;;W03-C-Antwerpen-West-FH01;;;;;;;;;;;;;;;;;;;;;;;;;;;;;;;OK;;;;;;;;;;;;;;;;;;;;;20200429;20201031
8105287;W03-C-Antwerpen-West-FH01;19074;2024913;11344358;;W03-C-Antwerpen-West-FH01;;;;;;;;;;;;;;;;;;;;;;;;;;;;;;;OK;;;;;;;;;;;;;;;;;;;;;20200429;20201031
8105287;W03-C-Antwerpen-West-FH01;19074;2024913;11344359;;W03-C-Antwerpen-West-FH01;;;;;;;;;;;;;;;;;;;;;;;;;;;;;;;OK;;;;;;;;;;;;;;;;;;;;;20200429;20201031
8105287;W03-C-Antwerpen-West-FH01;19074;2024913;11344361;;W03-C-Antwerpen-West-FH01;;;;;;;;;;;;;;;;;;;;;;;;;;;;;;;OK;;;;;;;;;;;;;;;;;;;;;20200429;20201031
8105287;W03-C-Antwerpen-West-FH01;19074;2024913;11344362;;W03-C-Antwerpen-West-FH01;;;;;;;;;;;;;;;;;;;;;;;;;;;;;;;OK;;;;;;;;;;;;;;;;;;;;;20200429;20201031
8105287;W03-C-Antwerpen-West-FH01;19074;2024913;11344363;;W03-C-Antwerpen-West-FH01;;;;;;;;;;;;;;;;;;;;;;;;;;;;;;;OK;;;;;;;;;;;;;;;;;;;;;20200429;20201031
8105287;W03-C-Antwerpen-West-FH01;19074;2047589;11076665;;W03-C-Antwerpen-West-FH01;;;;;;;;;;;;;;;;;;;;;;;;;;;;;;;OK;;;;;;;;;;;;;;;;;;;;;20210101;20220101
8105287;W03-C-Antwerpen-West-FH01;19074;2047589;11076666;;W03-C-Antwerpen-West-FH01;;;;;;;;;;;;;;;;;;;;;;;;;;;;;;;OK;;;;;;;;;;;;;;;;;;;;;20210101;20220101
8105287;W03-C-Antwerpen-West-FH01;19074;2047589;11076667;;W03-C-Antwerpen-West-FH01;;;;;;;;;;;;;;;;;;;;;;;;;;;;;;;OK;;;;;;;;;;;;;;;;;;;;;20210101;20220101
8105287;W03-C-Antwerpen-West-FH01;19074;2047589;11076668;;W03-C-Antwerpen-West-FH01;;;;;;;;;;;;;;;;;;;;;;;;;;;;;;;OK;;;;;;;;;;;;;;;;;;;;;20210101;20220101
8105287;W03-C-Antwerpen-West-FH01;19074;2047589;11076669;;W03-C-Antwerpen-West-FH01;;;;;;;;;;;;;;;;;;;;;;;;;;;;;;;OK;;;;;;;;;;;;;;;;;;;;;20210101;20220101
8105287;W03-C-Antwerpen-West-FH01;19074;2051452;11077680;;W03-C-Antwerpen-West-FH01;;;;;;;;;;;;;;;;;;;;;;;;;;;;;;;;;;;;;;;;;;;;;;;;;;;;20200312;20220930
8105287;W03-C-Antwerpen-West-FH01;19074;2051452;11077681;;W03-C-Antwerpen-West-FH01;;;;;;;;;;;;;;;;;;;;;;;;;;;;;;;;;;;;;;;;;;;;;;;;;;;;20200312;20220930
8105287;W03-C-Antwerpen-West-FH01;19074;2051452;11077682;;W03-C-Antwerpen-West-FH01;;;;;;;;;;;;;;;;;;;;;;;;;;;;;;;;;;;;;;;;;;;;;;;;;;;;20200312;20220930
8105287;W03-C-Antwerpen-West-FH01;19074;2051452;11306931;;W03-C-Antwerpen-West-FH01;;;;;;;;;;;;;;;;;;;;;;;;;;;;;;;;;;;;;;;;;;;;;;;;;;;;20200312;20220930
8105287;W03-C-Antwerpen-West-FH01;19074;2051452;1661811;;W03-C-Antwerpen-West-FH01;;;;;;;;;;;;;;;;;;;;;;;;;;;;;;;;;;;;;;;;;;;;;;;;;;;;20200312;20220930
8105287;W03-C-Antwerpen-West-FH01;19074;2051452;1661812;;W03-C-Antwerpen-West-FH01;;;;;;;;;;;;;;;;;;;;;;;;;;;;;;;;;;;;;;;;;;;;;;;;;;;;20200312;20220930
8105287;W03-C-Antwerpen-West-FH01;19074;2051452;1661813;;W03-C-Antwerpen-West-FH01;;;;;;;;;;;;;;;;;;;;;;;;;;;;;;;;;;;;;;;;;;;;;;;;;;;;20200312;20220930
8105287;W03-C-Antwerpen-West-FH01;19074;2059557;1698251;;W03-C-Antwerpen-West-FH01;;;;;;;;;;;;;;;;;;;;;;;;;;;;;;;OK;;;;;;;;;;;;;;;;;;;;;20200507;20200622
8105287;W03-C-Antwerpen-West-FH01;19074;2059557;1698252;;W03-C-Antwerpen-West-FH01;;;;;;;;;;;;;;;;;;;;;;;;;;;;;;;OK;;;;;;;;;;;;;;;;;;;;;20200507;20200622
8105287;W03-C-Antwerpen-West-FH01;19074;2059557;1698253;;W03-C-Antwerpen-West-FH01;;;;;;;;;;;;;;;;;;;;;;;;;;;;;;;OK;;;;;;;;;;;;;;;;;;;;;20200507;20200622
8105287;W03-C-Antwerpen-West-FH01;19074;2059557;1698254;;W03-C-Antwerpen-West-FH01;;;;;;;;;;;;;;;;;;;;;;;;;;;;;;;OK;;;;;;;;;;;;;;;;;;;;;20200507;20200622
8105287;W03-C-Antwerpen-West-FH01;19074;3989962;10412320;;W03-C-Antwerpen-West-FH01;;;;;;;;;;;;;;;;;;;;;;;;;;;;;;;PENDING;;;;;;;;;;;;;;;;;;;;;20210101;20220101
8105287;W03-C-Antwerpen-West-FH01;19074;3989962;10412446;;W03-C-Antwerpen-West-FH01;;;;;;;;;;;;;;;;;;;;;;;;;;;;;;;PENDING;;;;;;;;;;;;;;;;;;;;;20210101;20220101
8105287;W03-C-Antwerpen-West-FH01;19074;3989962;10412532;;W03-C-Antwerpen-West-FH01;;;;;;;;;;;;;;;;;;;;;;;;;;;;;;;PENDING;;;;;;;;;;;;;;;;;;;;;20210101;20220101
8105287;W03-C-Antwerpen-West-FH01;19074;3989962;10412590;;W03-C-Antwerpen-West-FH01;;;;;;;;;;;;;;;;;;;;;;;;;;;;;;;PENDING;;;;;;;;;;;;;;;;;;;;;20210101;20220101
8105287;W03-C-Antwerpen-West-FH01;19074;3989962;10413405;;W03-C-Antwerpen-West-FH01;;;;;;;;;;;;;;;;;;;;;;;;;;;;;;;PENDING;;;;;;;;;;;;;;;;;;;;;20210101;20220101
8105287;W03-C-Antwerpen-West-FH01;19074;3989962;10416114;;W03-C-Antwerpen-West-FH01;;;;;;;;;;;;;;;;;;;;;;;;;;;;;;;PENDING;;;;;;;;;;;;;;;;;;;;;20210101;20220101
8105287;W03-C-Antwerpen-West-FH01;19074;3989962;11184339;;W03-C-Antwerpen-West-FH01;;;;;;;;;;;;;;;;;;;;;;;;;;;;;;;PENDING;;;;;;;;;;;;;;;;;;;;;20210101;20220101
8105287;W03-C-Antwerpen-West-FH01;19074;4031647;11076640;;W03-C-Antwerpen-West-FH01;;;;;;;;;;;;;;;;;;;;;;;;;;;;;;;OK;;;;;;;;;;;;;;;;;;;;;20200602;20201231
8105287;W03-C-Antwerpen-West-FH01;19074;4031647;11307063;;W03-C-Antwerpen-West-FH01;;;;;;;;;;;;;;;;;;;;;;;;;;;;;;;OK;;;;;;;;;;;;;;;;;;;;;20200602;20201231
8105287;W03-C-Antwerpen-West-FH01;19074;4031647;11307064;;W03-C-Antwerpen-West-FH01;;;;;;;;;;;;;;;;;;;;;;;;;;;;;;;OK;;;;;;;;;;;;;;;;;;;;;20200602;20201231
8105287;W03-C-Antwerpen-West-FH01;19074;4059303;11076690;;W03-C-Antwerpen-West-FH01;;;;;;;;;;;;;;;;;;;;;;;;;;;;;;;OK;;;;;;;;;;;;;;;;;;;;;20200429;20201231
8105287;W03-C-Antwerpen-West-FH01;19074;4505438;11076644;;W03-C-Antwerpen-West-FH01;;;;;;;;;;;;;;;;;;;;;;;;;;;;;;;OK;;;;;;;;;;;;;;;;;;;;;20200525;20201231
8105287;W03-C-Antwerpen-West-FH01;19074;4505441;11077028;;W03-C-Antwerpen-West-FH01;;;;;;;;;;;;;;;;;;;;;;;;;;;;;;;OK;;;;;;;;;;;;;;;;;;;;;20200525;20201231
8105287;W03-C-Antwerpen-West-FH01;19074;4505443;11076659;;W03-C-Antwerpen-West-FH01;;;;;;;;;;;;;;;;;;;;;;;;;;;;;;;OK;;;;;;;;;;;;;;;;;;;;;20200525;20201231
8105287;W03-C-Antwerpen-West-FH01;19074;4505623;10416561;;W03-C-Antwerpen-West-FH01;;;;;;;;;;;;;;;;;;;;;;;;;;;;;;;OK;;;;;;;;;;;;;;;;;;;;;20200429;20201031
8105287;W03-C-Antwerpen-West-FH01;19074;4505623;10417041;;W03-C-Antwerpen-West-FH01;;;;;;;;;;;;;;;;;;;;;;;;;;;;;;;OK;;;;;;;;;;;;;;;;;;;;;20200429;20201031
8105287;W03-C-Antwerpen-West-FH01;19074;4505623;11077574;;W03-C-Antwerpen-West-FH01;;;;;;;;;;;;;;;;;;;;;;;;;;;;;;;OK;;;;;;;;;;;;;;;;;;;;;20200429;20201031
8105287;W03-C-Antwerpen-West-FH01;19074;4505623;11077575;;W03-C-Antwerpen-West-FH01;;;;;;;;;;;;;;;;;;;;;;;;;;;;;;;OK;;;;;;;;;;;;;;;;;;;;;20200429;20201031
8105287;W03-C-Antwerpen-West-FH01;19074;4505623;11077576;;W03-C-Antwerpen-West-FH01;;;;;;;;;;;;;;;;;;;;;;;;;;;;;;;OK;;;;;;;;;;;;;;;;;;;;;20200429;20201031
8105287;W03-C-Antwerpen-West-FH01;19074;4505623;11077577;;W03-C-Antwerpen-West-FH01;;;;;;;;;;;;;;;;;;;;;;;;;;;;;;;OK;;;;;;;;;;;;;;;;;;;;;20200429;20201031
8105287;W03-C-Antwerpen-West-FH01;19074;4505623;11077578;;W03-C-Antwerpen-West-FH01;;;;;;;;;;;;;;;;;;;;;;;;;;;;;;;OK;;;;;;;;;;;;;;;;;;;;;20200429;20201031
8105287;W03-C-Antwerpen-West-FH01;19074;4505623;11077581;;W03-C-Antwerpen-West-FH01;;;;;;;;;;;;;;;;;;;;;;;;;;;;;;;OK;;;;;;;;;;;;;;;;;;;;;20200429;20201031
8105287;W03-C-Antwerpen-West-FH01;19074;4505623;11077582;;W03-C-Antwerpen-West-FH01;;;;;;;;;;;;;;;;;;;;;;;;;;;;;;;OK;;;;;;;;;;;;;;;;;;;;;20200429;20201031
8105287;W03-C-Antwerpen-West-FH01;19074;4505623;11077583;;W03-C-Antwerpen-West-FH01;;;;;;;;;;;;;;;;;;;;;;;;;;;;;;;OK;;;;;;;;;;;;;;;;;;;;;20200429;20201031
8105287;W03-C-Antwerpen-West-FH01;19074;4505623;11077584;;W03-C-Antwerpen-West-FH01;;;;;;;;;;;;;;;;;;;;;;;;;;;;;;;OK;;;;;;;;;;;;;;;;;;;;;20200429;20201031
8105287;W03-C-Antwerpen-West-FH01;19074;4505623;11077585;;W03-C-Antwerpen-West-FH01;;;;;;;;;;;;;;;;;;;;;;;;;;;;;;;OK;;;;;;;;;;;;;;;;;;;;;20200429;20201031
8105287;W03-C-Antwerpen-West-FH01;19074;4505623;11077586;;W03-C-Antwerpen-West-FH01;;;;;;;;;;;;;;;;;;;;;;;;;;;;;;;OK;;;;;;;;;;;;;;;;;;;;;20200429;20201031
8105287;W03-C-Antwerpen-West-FH01;19074;4505623;11077587;;W03-C-Antwerpen-West-FH01;;;;;;;;;;;;;;;;;;;;;;;;;;;;;;;OK;;;;;;;;;;;;;;;;;;;;;20200429;20201031
8105287;W03-C-Antwerpen-West-FH01;19074;4505623;11077588;;W03-C-Antwerpen-West-FH01;;;;;;;;;;;;;;;;;;;;;;;;;;;;;;;OK;;;;;;;;;;;;;;;;;;;;;20200429;20201031
8105287;W03-C-Antwerpen-West-FH01;19074;4505623;11077589;;W03-C-Antwerpen-West-FH01;;;;;;;;;;;;;;;;;;;;;;;;;;;;;;;OK;;;;;;;;;;;;;;;;;;;;;20200429;20201031
8105287;W03-C-Antwerpen-West-FH01;19074;4510550;11076581;;W03-C-Antwerpen-West-FH01;;;;;;;;;;;;;;;;;;;;;;;;;;;;;;;OK;;;;;;;;;;;;;;;;;;;;;20200406;20201031
8105287;W03-C-Antwerpen-West-FH01;19074;4510554;11076582;;W03-C-Antwerpen-West-FH01;;;;;;;;;;;;;;;;;;;;;;;;;;;;;;;OK;;;;;;;;;;;;;;;;;;;;;20200406;20201031
8105287;W03-C-Antwerpen-West-FH01;19074;4511975;11077868;;W03-C-Antwerpen-West-FH01;;;;;;;;;;;;;;;;;;;;;;;;;;;;;;;OK;;;;;;;;;;;;;;;;;;;;;20210101;20220101
8105287;W03-C-Antwerpen-West-FH01;19074;4511975;11077869;;W03-C-Antwerpen-West-FH01;;;;;;;;;;;;;;;;;;;;;;;;;;;;;;;OK;;;;;;;;;;;;;;;;;;;;;20210101;20220101
8105287;W03-C-Antwerpen-West-FH01;19074;4511975;11184320;;W03-C-Antwerpen-West-FH01;;;;;;;;;;;;;;;;;;;;;;;;;;;;;;;OK;;;;;;;;;;;;;;;;;;;;;20210101;20220101
8105287;W03-C-Antwerpen-West-FH01;19074;4511975;1856145;;W03-C-Antwerpen-West-FH01;;;;;;;;;;;;;;;;;;;;;;;;;;;;;;;OK;;;;;;;;;;;;;;;;;;;;;20210101;20220101
8105287;W03-C-Antwerpen-West-FH01;19074;4511975;1856146;;W03-C-Antwerpen-West-FH01;;;;;;;;;;;;;;;;;;;;;;;;;;;;;;;OK;;;;;;;;;;;;;;;;;;;;;20210101;20220101
8105287;W03-C-Antwerpen-West-FH01;19074;4511975;1856147;;W03-C-Antwerpen-West-FH01;;;;;;;;;;;;;;;;;;;;;;;;;;;;;;;OK;;;;;;;;;;;;;;;;;;;;;20210101;20220101
8105287;W03-C-Antwerpen-West-FH01;19074;4513307;1716082;;W03-C-Antwerpen-West-FH01;;;;;;;;;;;;;;;;;;;;;;;;;;;;;;;;;;;;;;;;;;;;;;;;;;;;20200323;20201031
8105287;W03-C-Antwerpen-West-FH01;19074;52547;11306929;;W03-C-Antwerpen-West-FH01;;;;;;;;;;;;;;;;;;;;;;;;;;;;;;;PENDING;;;;;;;;;;;;;;;;;;;;;20210101;20220101
8105287;W03-C-Antwerpen-West-FH01;19074;52547;11306930;;W03-C-Antwerpen-West-FH01;;;;;;;;;;;;;;;;;;;;;;;;;;;;;;;PENDING;;;;;;;;;;;;;;;;;;;;;20210101;20220101
8105287;W03-C-Antwerpen-West-FH01;19074;52547;1696019;;W03-C-Antwerpen-West-FH01;;;;;;;;;;;;;;;;;;;;;;;;;;;;;;;PENDING;;;;;;;;;;;;;;;;;;;;;20210101;20220101
8105287;W03-C-Antwerpen-West-FH01;19074;52547;1696141;;W03-C-Antwerpen-West-FH01;;;;;;;;;;;;;;;;;;;;;;;;;;;;;;;PENDING;;;;;;;;;;;;;;;;;;;;;20210101;20220101
8105287;W03-C-Antwerpen-West-FH01;19074;52547;1696443;;W03-C-Antwerpen-West-FH01;;;;;;;;;;;;;;;;;;;;;;;;;;;;;;;PENDING;;;;;;;;;;;;;;;;;;;;;20210101;20220101
8105287;W03-C-Antwerpen-West-FH01;19074;52547;1696535;;W03-C-Antwerpen-West-FH01;;;;;;;;;;;;;;;;;;;;;;;;;;;;;;;PENDING;;;;;;;;;;;;;;;;;;;;;20210101;20220101
8105287;W03-C-Antwerpen-West-FH01;19074;52547;1696651;;W03-C-Antwerpen-West-FH01;;;;;;;;;;;;;;;;;;;;;;;;;;;;;;;PENDING;;;;;;;;;;;;;;;;;;;;;20210101;20220101
8105287;W03-C-Antwerpen-West-FH01;19074;52547;1696728;;W03-C-Antwerpen-West-FH01;;;;;;;;;;;;;;;;;;;;;;;;;;;;;;;PENDING;;;;;;;;;;;;;;;;;;;;;20210101;20220101
8105287;W03-C-Antwerpen-West-FH01;19074;52549;11077027;;W03-C-Antwerpen-West-FH01;;;;;;;;;;;;;;;;;;;;;;;;;;;;;;;OK;;;;;;;;;;;;;;;;;;;;;20200518;20200713
8105287;W03-C-Antwerpen-West-FH01;19074;52549;11307141;;W03-C-Antwerpen-West-FH01;;;;;;;;;;;;;;;;;;;;;;;;;;;;;;;OK;;;;;;;;;;;;;;;;;;;;;20200518;20200713
8105287;W03-C-Antwerpen-West-FH01;19074;5507307;11323513;;W03-C-Antwerpen-West-FH01;;;;;;;;;;;;;;;;;;;;;;;;;;;;;;;PENDING;;;;;;;;;;;;;;;;;;;;;20200414;20201231
8105287;W03-C-Antwerpen-West-FH01;19074;5507308;10416767;;W03-C-Antwerpen-West-FH01;;;;;;;;;;;;;;;;;;;;;;;;;;;;;;;OK;;;;;;;;;;;;;;;;;;;;;20200406;20201031
8105287;W03-C-Antwerpen-West-FH01;19074;5507309;11076331;;W03-C-Antwerpen-West-FH01;;;;;;;;;;;;;;;;;;;;;;;;;;;;;;;OK;;;;;;;;;;;;;;;;;;;;;20200406;20201031
8105287;W03-C-Antwerpen-West-FH01;19074;5507310;11076330;;W03-C-Antwerpen-West-FH01;;;;;;;;;;;;;;;;;;;;;;;;;;;;;;;OK;;;;;;;;;;;;;;;;;;;;;20200406;20201031
8105287;W03-C-Antwerpen-West-FH01;19074;5507311;10416509;;W03-C-Antwerpen-West-FH01;;;;;;;;;;;;;;;;;;;;;;;;;;;;;;;OK;;;;;;;;;;;;;;;;;;;;;20200406;20201031
8105287;W03-C-Antwerpen-West-FH01;19074;5569316;10413310;;W03-C-Antwerpen-West-FH01;;;;;;;;;;;;;;;;;;;;;;;;;;;;;;;PENDING;;;;;;;;;;;;;;;;;;;;;20200406;20201031
8105287;W03-C-Antwerpen-West-FH01;19074;5569316;10413312;;W03-C-Antwerpen-West-FH01;;;;;;;;;;;;;;;;;;;;;;;;;;;;;;;PENDING;;;;;;;;;;;;;;;;;;;;;20200406;20201031
8105287;W03-C-Antwerpen-West-FH01;19074;5569316;11077778;;W03-C-Antwerpen-West-FH01;;;;;;;;;;;;;;;;;;;;;;;;;;;;;;;PENDING;;;;;;;;;;;;;;;;;;;;;20200406;20201031
8105287;W03-C-Antwerpen-West-FH01;19074;5569316;11077779;;W03-C-Antwerpen-West-FH01;;;;;;;;;;;;;;;;;;;;;;;;;;;;;;;PENDING;;;;;;;;;;;;;;;;;;;;;20200406;20201031
8105287;W03-C-Antwerpen-West-FH01;19074;5569316;11077780;;W03-C-Antwerpen-West-FH01;;;;;;;;;;;;;;;;;;;;;;;;;;;;;;;PENDING;;;;;;;;;;;;;;;;;;;;;20200406;20201031
8105287;W03-C-Antwerpen-West-FH01;19074;5569316;11077781;;W03-C-Antwerpen-West-FH01;;;;;;;;;;;;;;;;;;;;;;;;;;;;;;;PENDING;;;;;;;;;;;;;;;;;;;;;20200406;20201031
8105287;W03-C-Antwerpen-West-FH01;19074;5569316;11077782;;W03-C-Antwerpen-West-FH01;;;;;;;;;;;;;;;;;;;;;;;;;;;;;;;PENDING;;;;;;;;;;;;;;;;;;;;;20200406;20201031
8105287;W03-C-Antwerpen-West-FH01;19074;5569316;11306969;;W03-C-Antwerpen-West-FH01;;;;;;;;;;;;;;;;;;;;;;;;;;;;;;;PENDING;;;;;;;;;;;;;;;;;;;;;20200406;20201031
8105287;W03-C-Antwerpen-West-FH01;19074;5575585;11078104;;W03-C-Antwerpen-West-FH01;;;;;;;;;;;;;;;;;;;;;;;;;;;;;;;OK;;;;;;;;;;;;;;;;;;;;;20200602;20201231
8105287;W03-C-Antwerpen-West-FH01;19074;6058636;11344632;;W03-C-Antwerpen-West-FH01;;;;;;;;;;;;;;;;;;;;;;;;;;;;;;;OK;;;;;;;;;;;;;;;;;;;;;20200414;20201231
8105287;W03-C-Antwerpen-West-FH01;19074;6463778;11355769;;W03-C-Antwerpen-West-FH01;;;;;;;;;;;;;;;;;;;;;;;;;;;;;;;OK;;;;;;;;;;;;;;;;;;;;;20200414;20201231
