Projectnummer;Blok;LAM MK;Straat;Huisnummer;Huisnummer Toevoeging;Huisnr;xPos;yPos;BT;VC Method;LU;BU;SU;TOTAAL;Wall Mount;SS Reason;Number Floors;Perceel eigenschap;Building comment;Building exists;Opdrachttemplate
KNOKKE-HEIST - FH06;BL0615;2761966;Koningslaan;224;;;74517,82;227252,46;MDU;;5;0;0;5;Y;NA;4;;;;BUILDING template
KNOKKE-HEIST - FH06;BL0611;4257228;Sylvain Dupuisstraat;56;;;74652,548;227398,17;MDU;;16;2;0;18;Y;NA;4;;;;BUILDING template
KNOKKE-HEIST - FH06;BL0615;2761968;Koningslaan;226;;;74523,879;227257,159;MDU;;5;0;0;5;Y;NA;4;;;;BUILDING template
KNOKKE-HEIST - FH06;BL0605;4343356;Zonnelaan;16;;;74200,537;227143,028;MDU;;6;0;0;6;Y;NA;4;;;;BUILDING template
KNOKKE-HEIST - FH06;BL0615;2761969;Koningslaan;228;;;74524,459;227263,139;MDU;;5;0;0;5;Y;NA;4;;;;BUILDING template
KNOKKE-HEIST - FH06;BL0612;4344108;Julius Hostestraat;7;;;74544,549;227301,169;MDU;;3;0;0;3;Y;NA;4;;;;BUILDING template
KNOKKE-HEIST - FH06;BL0615;2761970;Koningslaan;230;;;74518,549;227269,169;MDU;;5;0;0;5;Y;NA;4;;;;BUILDING template
KNOKKE-HEIST - FH06;BL0612;4344124;Sylvain Dupuisstraat;40;;;74574,548;227407,169;MDU;;5;0;0;5;Y;NA;4;;;;BUILDING template
KNOKKE-HEIST - FH06;BL0612;2761976;Koningslaan;240;;;74495,549;227329,169;MDU;;5;1;0;6;Y;NA;4;;;;BUILDING template
KNOKKE-HEIST - FH06;BL0613;4344142;Jozef Nellenslaan;207;;;74402,31;227268,901;MDU;;5;1;0;6;Y;NA;4;;;;BUILDING template
KNOKKE-HEIST - FH06;BL0612;2761978;Koningslaan;242;;;74493,549;227335,169;MDU;;5;1;0;6;Y;NA;4;;;;BUILDING template
KNOKKE-HEIST - FH06;BL0609;4344208;D Hooghestraat;4;;;74643,85;227508,13;MDU;;2;0;0;2;Y;NA;4;Beschermd Erfgoed;;;BUILDING template
KNOKKE-HEIST - FH06;BL0612;2761979;Koningslaan;244;;;74507,88;227351,49;MDU;;6;0;0;6;Y;NA;4;;;;BUILDING template
KNOKKE-HEIST - FH06;BL0609;4344210;D Hooghestraat;6;;;74644,96;227498,54;MDU;;2;0;0;2;Y;NA;4;Beschermd Erfgoed;;;BUILDING template
KNOKKE-HEIST - FH06;BL0612;2761981;Koningslaan;246;;;74486,82;227347,3;MDU;;6;0;0;6;Y;NA;4;;;;BUILDING template
KNOKKE-HEIST - FH06;BL0609;4344211;D Hooghestraat;8;;;74645,37;227491,37;SDU;;1;0;0;1;Y;NA;1;Beschermd Erfgoed;;;BUILDING template
KNOKKE-HEIST - FH06;BL0612;2761983;Koningslaan;248;;;74485,35;227353,54;MDU;;5;1;0;6;Y;NA;4;;;;BUILDING template
KNOKKE-HEIST - FH06;BL0609;4344215;D Hooghestraat;12;;;74641,05;227479,32;SDU;;1;0;0;1;Y;NA;1;;;;BUILDING template
KNOKKE-HEIST - FH06;BL0616;2762804;Leopoldlaan;67;;;74647,55;227153,17;SDU;;1;0;0;1;Y;NA;1;;;;BUILDING template
KNOKKE-HEIST - FH06;BL0608;4344251;Zeedijk-Knokke;619;;;74546,015;227497,7;MDU;;8;0;0;8;Y;NA;4;;;;BUILDING template
KNOKKE-HEIST - FH06;BL0616;2762809;Leopoldlaan;69;;;74649,55;227172,17;MDU;;10;0;0;10;Y;NA;4;;;;BUILDING template
KNOKKE-HEIST - FH06;BL0608;4344279;Sylvain Dupuisstraat;5;;;74482,43;227396,04;SDU;;0;1;0;1;Y;NA;1;;;;BUILDING template
KNOKKE-HEIST - FH06;BL0616;2762811;Leopoldlaan;71;;;74650,55;227181,17;MDU;;6;0;0;6;Y;NA;4;;;;BUILDING template
KNOKKE-HEIST - FH06;BL0608;4344281;Sylvain Dupuisstraat;11;;;74493,548;227398,169;MDU;;5;1;0;6;Y;NA;4;;;;BUILDING template
KNOKKE-HEIST - FH06;BL0616;2762816;Leopoldlaan;79;;;74652,143;227208,861;MDU;;5;0;0;5;Y;NA;4;;;;BUILDING template
KNOKKE-HEIST - FH06;BL0608;4344284;Sylvain Dupuisstraat;21;;;74516,548;227411,169;MDU;;3;0;0;3;Y;NA;4;;;;BUILDING template
KNOKKE-HEIST - FH06;BL0616;2762830;Leopoldlaan;87;;;74654,549;227233,17;SDU;;0;1;0;1;Y;NA;1;;;;BUILDING template
KNOKKE-HEIST - FH06;BL0616;4344932;Leopoldlaan;77;;;74651,55;227201,17;MDU;;2;0;0;2;Y;NA;4;;;;BUILDING template
KNOKKE-HEIST - FH06;BL0616;2762833;Leopoldlaan;89;;;74654,874;227238,693;MDU;;10;0;0;10;Y;NA;4;;;;BUILDING template
KNOKKE-HEIST - FH06;BL0614;4345484;Koningslaan;105;;;74486,55;227192,169;MDU;;5;0;0;5;Y;NA;4;;;;BUILDING template
KNOKKE-HEIST - FH06;BL0611;2762842;Leopoldlaan;97;;;74660,351;227315,119;MDU;;11;0;0;11;Y;NA;4;;;;BUILDING template
KNOKKE-HEIST - FH06;BL0609;5368122;D Hooghestraat;2;D;;74645,19;227515,48;SDU;;1;0;0;1;Y;NA;1;;;;BUILDING template
KNOKKE-HEIST - FH06;BL0611;2762843;Leopoldlaan;99;;;74662,179;227336,35;MDU;;19;0;0;19;Y;NA;4;;;;BUILDING template
KNOKKE-HEIST - FH06;BL0609;5377687;D Hooghestraat;2;A;;74648,2;227535,43;SDU;;1;0;0;1;Y;NA;1;;;;BUILDING template
KNOKKE-HEIST - FH06;BL0611;2762851;Leopoldlaan;105;;;74665;227346,661;MDU;;2;0;0;2;Y;NA;4;;;;BUILDING template
KNOKKE-HEIST - FH06;BL0609;5432872;D Hooghestraat;2;C;;74646,827;227524,29;SDU;;1;0;0;1;Y;NA;1;;;;BUILDING template
KNOKKE-HEIST - FH06;BL0611;2762852;Leopoldlaan;107;;;74667;227351,661;MDU;;9;0;0;9;Y;NA;4;;;;BUILDING template
KNOKKE-HEIST - FH06;BL0604;5437537;Canadasquare;13;;;74104,851;227150,46;MDU;;12;0;0;12;Y;NA;4;;;;BUILDING template
KNOKKE-HEIST - FH06;BL0611;2762856;Leopoldlaan;109;;;74667;227370,661;MDU;;29;1;0;30;Y;NA;4;;;;BUILDING template
KNOKKE-HEIST - FH06;BL0616;5579271;Bayauxlaan;12;;;74636,55;227130,17;MDU;;8;0;0;8;Y;NA;4;;;;BUILDING template
KNOKKE-HEIST - FH06;BL0611;2762861;Leopoldlaan;113;;;74669,274;227374,776;SDU;;1;0;0;1;Y;NA;1;;;;BUILDING template
KNOKKE-HEIST - FH06;BL0604;5579297;Canadasquare;6;;;74123,105;227107,67;SDU;;0;1;0;1;Y;NA;1;;;;BUILDING template
KNOKKE-HEIST - FH06;BL0611;2762866;Leopoldlaan;115;;;74672,599;227390,47;MDU;;5;1;0;6;Y;NA;4;;;;BUILDING template
KNOKKE-HEIST - FH06;BL0602;5579298;Canadasquare;14;;;73978,176;227079,789;MDU;;29;1;0;30;Y;NA;4;;;;BUILDING template
KNOKKE-HEIST - FH06;BL0609;2762870;Leopoldlaan;121;;;74676,14;227434,444;MDU;;5;0;0;5;Y;NA;4;;;;BUILDING template
KNOKKE-HEIST - FH06;BL0612;5579350;Sylvain Dupuisstraat;4;;;74487,548;227370,169;SDU;;0;1;0;1;Y;NA;1;;;;BUILDING template
KNOKKE-HEIST - FH06;BL0610;2762875;Leopoldlaan;127;;;74690,547;227494,17;MDU;;6;0;0;6;Y;NA;4;;;;BUILDING template
KNOKKE-HEIST - FH06;BL0613;5579411;Koningslaan;153;;;74457,326;227344,379;MDU;;16;0;0;16;Y;NA;4;;;;BUILDING template
KNOKKE-HEIST - FH06;BL0610;2762878;Leopoldlaan;129;;;74690,87;227502,92;MDU;;9;0;0;9;Y;NA;4;;;;BUILDING template
KNOKKE-HEIST - FH06;BL0606;5579495;Meerminlaan;19;;;74341,209;227270,919;MDU;;15;0;0;15;Y;NA;4;;;;BUILDING template
KNOKKE-HEIST - FH06;BL0610;2762883;Leopoldlaan;133;;;74691,547;227520,17;MDU;;53;0;0;53;Y;NA;4;;;;BUILDING template
KNOKKE-HEIST - FH06;BL0602;5579516;Jozef Nellenslaan;155;;;73970,099;227026,226;MDU;;33;0;0;33;Y;NA;4;;;;BUILDING template
KNOKKE-HEIST - FH06;BL0601;2763665;Meerlaan;82;;;73793,943;226964,167;MDU;;5;0;0;5;Y;NA;4;;;;BUILDING template
KNOKKE-HEIST - FH06;BL0602;5579558;Sterrenlaan;8;;;73942,465;227046,544;MDU;;31;0;0;31;Y;NA;4;;;;BUILDING template
KNOKKE-HEIST - FH06;BL0601;2763667;Meerlaan;84;;;73791,399;226970,031;MDU;;7;0;0;7;Y;NA;4;;;;BUILDING template
KNOKKE-HEIST - FH06;BL0605;5579584;Zonnelaan;34;;;74203,839;227208,179;MDU;;36;2;0;38;Y;NA;4;;;;BUILDING template
KNOKKE-HEIST - FH06;BL0601;2763669;Meerlaan;86;;;73788,107;226978,296;MDU;;22;0;0;22;Y;NA;4;;;;BUILDING template
KNOKKE-HEIST - FH06;BL0605;5579600;Zwaluwenlaan;15;;;74241,421;227221,346;SDU;;0;1;0;1;Y;NA;1;;;;BUILDING template
KNOKKE-HEIST - FH06;BL0614;2763702;Meerminlaan;8;;;74439,55;227166,168;MDU;;6;0;0;6;Y;NA;4;;;;BUILDING template
KNOKKE-HEIST - FH06;BL0609;5697759;Sylvain Dupuisstraat;51;;;74656,909;227423,71;MDU;;3;0;0;3;Y;NA;4;;;;BUILDING template
KNOKKE-HEIST - FH06;BL0614;2763705;Meerminlaan;10;;;74436,55;227172,168;MDU;;5;0;0;5;Y;NA;4;;;;BUILDING template
KNOKKE-HEIST - FH06;BL0608;5805836;Zeedijk-Knokke;632;;;74590,777;227529,659;SDU;;0;1;0;1;Y;NA;1;;;;BUILDING template
KNOKKE-HEIST - FH06;BL0614;2763706;Meerminlaan;12;;;74433,55;227176,168;MDU;;0;5;0;5;Y;NA;4;;;;BUILDING template
KNOKKE-HEIST - FH06;BL0609;5831123;Sylvain Dupuisstraat;41;A;;74613,986;227426,995;SDU;;1;0;0;1;Y;NA;1;;;;BUILDING template
KNOKKE-HEIST - FH06;BL0614;2763708;Meerminlaan;14;;;74429,55;227181,168;MDU;;7;0;0;7;Y;NA;4;;;;BUILDING template
KNOKKE-HEIST - FH06;BL0616;6210672;Leopoldlaan;67;A;;74640,34;227165,945;MDU;;6;0;2;8;Y;NA;4;;;;BUILDING template
KNOKKE-HEIST - FH06;BL0614;2763710;Meerminlaan;16;;;74426,55;227189,168;MDU;;5;1;0;6;Y;NA;4;;;;BUILDING template
KNOKKE-HEIST - FH06;BL0614;2763712;Meerminlaan;18;;;74423,55;227194,168;MDU;;11;0;0;11;Y;NA;4;;;;BUILDING template
KNOKKE-HEIST - FH06;BL0614;2763714;Meerminlaan;20;;;74418,85;227202,64;MDU;;9;0;0;9;Y;NA;4;;;;BUILDING template
KNOKKE-HEIST - FH06;BL0614;2763715;Meerminlaan;22;;;74414,55;227207,168;SDU;;0;1;0;1;Y;NA;1;;;;BUILDING template
KNOKKE-HEIST - FH06;BL0614;2763716;Meerminlaan;24;;;74412,55;227213,168;MDU;;5;0;0;5;Y;NA;4;;;;BUILDING template
KNOKKE-HEIST - FH06;BL0614;2763717;Meerminlaan;26;;;74408,55;227219,168;MDU;;6;0;0;6;Y;NA;4;;;;BUILDING template
KNOKKE-HEIST - FH06;BL0614;2763719;Meerminlaan;30;;;74401,77;227232,48;MDU;;5;0;0;5;Y;NA;4;;;;BUILDING template
KNOKKE-HEIST - FH06;BL0613;2763720;Meerminlaan;36;;;74383,674;227262,154;SDU;;0;1;0;1;Y;NA;1;;;;BUILDING template
KNOKKE-HEIST - FH06;BL0613;2763722;Meerminlaan;40;;;74379,674;227270,154;MDU;;6;1;0;7;Y;NA;4;;;;BUILDING template
KNOKKE-HEIST - FH06;BL0613;2763723;Meerminlaan;44;;;74374,816;227281,888;MDU;;1;1;0;2;Y;NA;4;;;;BUILDING template
KNOKKE-HEIST - FH06;BL0601;2764161;Jozef Nellenslaan;125;;;73829,968;226966,053;MDU;;5;0;0;5;Y;NA;4;;;;BUILDING template
KNOKKE-HEIST - FH06;BL0601;2764164;Jozef Nellenslaan;127;;;73842,958;226968,717;MDU;;11;0;0;11;Y;NA;4;;;;BUILDING template
KNOKKE-HEIST - FH06;BL0601;2764167;Jozef Nellenslaan;129;;;73854,534;226973,264;MDU;;8;0;0;8;Y;NA;4;;;;BUILDING template
KNOKKE-HEIST - FH06;BL0601;2764171;Jozef Nellenslaan;131;;;73862,416;226976,432;MDU;;4;0;0;4;Y;NA;4;;;;BUILDING template
KNOKKE-HEIST - FH06;BL0601;2764173;Jozef Nellenslaan;135;;;73874,702;226981,018;MDU;;21;0;0;21;Y;NA;4;;;;BUILDING template
KNOKKE-HEIST - FH06;BL0601;2764175;Jozef Nellenslaan;137;;;73885,891;226984,3;MDU;;6;0;0;6;Y;NA;4;;;;BUILDING template
KNOKKE-HEIST - FH06;BL0601;2764179;Jozef Nellenslaan;139;;;73893,077;226987,303;MDU;;7;0;0;7;Y;NA;4;;;;BUILDING template
KNOKKE-HEIST - FH06;BL0601;2764180;Jozef Nellenslaan;141;;;73901,305;226989,967;MDU;;8;0;0;8;Y;NA;4;;;;BUILDING template
KNOKKE-HEIST - FH06;BL0601;2764181;Jozef Nellenslaan;143;;;73911,109;226993,493;MDU;;7;0;0;7;Y;NA;4;;;;BUILDING template
KNOKKE-HEIST - FH06;BL0614;2764203;Jozef Nellenslaan;166;;;74415,55;227246,168;MDU;;10;0;0;10;Y;NA;4;;;;BUILDING template
KNOKKE-HEIST - FH06;BL0605;1168840;Zeedijk-Albertstrand;530;;;74216;227231;MDU;;16;0;0;16;Y;NA;4;;;;BUILDING template
KNOKKE-HEIST - FH06;BL0604;2764205;Jozef Nellenslaan;167;;;74162,894;227101,806;SDU;;1;0;0;1;Y;NA;1;;;;BUILDING template
KNOKKE-HEIST - FH06;BL0606;12846;Meerminlaan;11;;;74369;227247;SDU;;1;0;0;1;Y;NA;1;;;;BUILDING template
KNOKKE-HEIST - FH06;BL0614;2764206;Jozef Nellenslaan;168;;;74426,33;227250,798;MDU;;5;0;0;5;Y;NA;4;;;;BUILDING template
KNOKKE-HEIST - FH06;BL0602;1320279;Zeedijk-Albertstrand;501;;;73935;227083;MDU;;32;0;0;32;Y;NA;4;;;;BUILDING template
KNOKKE-HEIST - FH06;BL0605;2764212;Jozef Nellenslaan;173;;;74221,811;227127,548;MDU;;13;0;0;13;Y;NA;4;;;;BUILDING template
KNOKKE-HEIST - FH06;BL0608;1351483;Zeedijk-Knokke;604;;;74472;227476;SDU;;1;0;0;1;Y;NA;1;;;;BUILDING template
KNOKKE-HEIST - FH06;BL0614;2764214;Jozef Nellenslaan;176;;;74452,549;227265,168;MDU;;14;0;0;14;Y;NA;4;;;;BUILDING template
KNOKKE-HEIST - FH06;BL0604;1438861;Zeedijk-Albertstrand;520;;;74139;227181;MDU;;14;0;0;14;Y;NA;4;;;;BUILDING template
KNOKKE-HEIST - FH06;BL0605;2764218;Jozef Nellenslaan;179;;;74266,168;227149,51;MDU;;16;0;0;16;Y;NA;4;;;;BUILDING template
KNOKKE-HEIST - FH06;BL0614;1475884;Koningslaan;131;;;74482;227275;SDU;;1;0;0;1;Y;NA;1;;;;BUILDING template
KNOKKE-HEIST - FH06;BL0605;2764220;Jozef Nellenslaan;181;;;74273,508;227156,847;MDU;;6;0;0;6;Y;NA;4;;;;BUILDING template
KNOKKE-HEIST - FH06;BL0603;1519814;Zeedijk-Albertstrand;509;;;74034;227136;MDU;;3;0;0;3;N;MON;4;;;;BUILDING template
KNOKKE-HEIST - FH06;BL0606;2764222;Jozef Nellenslaan;189;;;74315,135;227202,649;MDU;;9;0;0;9;Y;NA;4;;;;BUILDING template
KNOKKE-HEIST - FH06;BL0601;2757656;Zeedijk-Albertstrand;483;;;73789;227017;MDU;;7;0;0;7;Y;NA;4;;;;BUILDING template
KNOKKE-HEIST - FH06;BL0606;2764225;Jozef Nellenslaan;191;;;74323,821;227210,158;MDU;;8;0;0;8;Y;NA;4;;;;BUILDING template
KNOKKE-HEIST - FH06;BL0601;2757657;Zeedijk-Albertstrand;486;;;73815;227029;MDU;;10;0;0;10;Y;NA;4;;;;BUILDING template
KNOKKE-HEIST - FH06;BL0606;2764226;Jozef Nellenslaan;193;;;74329,593;227215,579;MDU;;20;0;0;20;Y;NA;4;;;;BUILDING template
KNOKKE-HEIST - FH06;BL0601;2757666;Zeedijk-Albertstrand;496;;;73857;227048;MDU;;18;0;0;18;Y;NA;4;;;;BUILDING template
KNOKKE-HEIST - FH06;BL0606;2764229;Jozef Nellenslaan;197;;;74342,355;227227,782;MDU;;12;0;0;12;Y;NA;4;;;;BUILDING template
KNOKKE-HEIST - FH06;BL0601;2757667;Zeedijk-Albertstrand;497;;;73867;227052;MDU;;9;0;0;9;Y;NA;4;;;;BUILDING template
KNOKKE-HEIST - FH06;BL0613;2764235;Jozef Nellenslaan;209;;;74410,31;227272,901;MDU;;6;1;0;7;Y;NA;4;;;;BUILDING template
KNOKKE-HEIST - FH06;BL0602;2757670;Zeedijk-Albertstrand;504;;;73946;227090;MDU;;32;0;0;32;Y;NA;4;;;;BUILDING template
KNOKKE-HEIST - FH06;BL0613;2764240;Jozef Nellenslaan;215;;;74425,67;227280,77;MDU;;3;0;0;3;Y;NA;4;;;;BUILDING template
KNOKKE-HEIST - FH06;BL0602;2757672;Zeedijk-Albertstrand;506;;;73963;227096;SDU;;1;0;0;1;Y;NA;1;;;;BUILDING template
KNOKKE-HEIST - FH06;BL0613;2764242;Jozef Nellenslaan;219;;;74434,812;227286,025;MDU;;13;0;0;13;Y;NA;4;;;;BUILDING template
KNOKKE-HEIST - FH06;BL0604;2757680;Zeedijk-Albertstrand;512;;;74103;227163;MDU;;66;0;0;66;Y;NA;4;;;;BUILDING template
KNOKKE-HEIST - FH06;BL0613;2764244;Jozef Nellenslaan;223;;;74449,812;227294,025;MDU;;14;0;0;14;Y;NA;4;;;;BUILDING template
KNOKKE-HEIST - FH06;BL0604;2757682;Zeedijk-Albertstrand;513;;;74098;227163;MDU;;2;0;0;2;Y;NA;4;;;;BUILDING template
KNOKKE-HEIST - FH06;BL0616;2765232;Paul Parmentierlaan;178;;;74593,55;227158,17;MDU;;5;0;0;5;Y;NA;4;;;;BUILDING template
KNOKKE-HEIST - FH06;BL0604;2757685;Zeedijk-Albertstrand;517;;;74139;227181;MDU;;14;0;0;14;Y;NA;4;;;;BUILDING template
KNOKKE-HEIST - FH06;BL0616;2765235;Paul Parmentierlaan;184;;;74613,665;227178,61;MDU;;5;0;0;5;Y;NA;4;;;;BUILDING template
KNOKKE-HEIST - FH06;BL0604;2757686;Zeedijk-Albertstrand;518;;;74139;227181;MDU;;2;0;0;2;Y;NA;4;;;;BUILDING template
KNOKKE-HEIST - FH06;BL0616;2765237;Paul Parmentierlaan;186;;;74595,55;227185,17;MDU;;5;0;0;5;Y;NA;4;;;;BUILDING template
KNOKKE-HEIST - FH06;BL0604;2757687;Zeedijk-Albertstrand;519;;;74139;227181;MDU;;2;0;0;2;Y;NA;4;;;;BUILDING template
KNOKKE-HEIST - FH06;BL0616;2765240;Paul Parmentierlaan;188;;;74596,55;227194,17;MDU;;5;0;0;5;Y;NA;4;;;;BUILDING template
KNOKKE-HEIST - FH06;BL0604;2757689;Zeedijk-Albertstrand;522;;;74147;227187;MDU;;2;0;0;2;Y;NA;4;;;;BUILDING template
KNOKKE-HEIST - FH06;BL0616;2765247;Paul Parmentierlaan;190;;;74612,03;227198,63;MDU;;5;0;0;5;Y;NA;4;;;;BUILDING template
KNOKKE-HEIST - FH06;BL0604;2757690;Zeedijk-Albertstrand;523;;;74154;227192;MDU;;10;0;0;10;Y;NA;4;;;;BUILDING template
KNOKKE-HEIST - FH06;BL0616;2765254;Paul Parmentierlaan;192;;;74597,55;227205,17;MDU;;4;0;0;4;Y;NA;4;;;;BUILDING template
KNOKKE-HEIST - FH06;BL0606;2757705;Zeedijk-Albertstrand;537;;;74279;227257;MDU;;10;0;0;10;Y;NA;4;;;;BUILDING template
KNOKKE-HEIST - FH06;BL0616;2765258;Paul Parmentierlaan;194;;;74597,55;227211,17;MDU;;5;0;0;5;Y;NA;4;;;;BUILDING template
KNOKKE-HEIST - FH06;BL0606;2757707;Zeedijk-Albertstrand;539;;;74285;227259;MDU;;10;0;0;10;Y;NA;4;;;;BUILDING template
KNOKKE-HEIST - FH06;BL0616;2765261;Paul Parmentierlaan;196;;;74598,55;227218,17;MDU;;5;0;0;5;Y;NA;4;;;;BUILDING template
KNOKKE-HEIST - FH06;BL0606;2757709;Zeedijk-Albertstrand;540;;;74291;227262;MDU;;8;0;0;8;Y;NA;4;;;;BUILDING template
KNOKKE-HEIST - FH06;BL0616;2765263;Paul Parmentierlaan;198;;;74598,549;227225,17;MDU;;5;0;0;5;Y;NA;4;;;;BUILDING template
KNOKKE-HEIST - FH06;BL0606;2757710;Zeedijk-Albertstrand;541;;;74296;227262;MDU;;2;0;0;2;Y;NA;4;;;;BUILDING template
KNOKKE-HEIST - FH06;BL0616;2765268;Paul Parmentierlaan;200;;;74599,549;227232,17;MDU;;5;0;0;5;Y;NA;4;;;;BUILDING template
KNOKKE-HEIST - FH06;BL0606;2757711;Zeedijk-Albertstrand;542;;;74298;227265;MDU;;9;0;0;9;Y;NA;4;;;;BUILDING template
KNOKKE-HEIST - FH06;BL0616;2765271;Paul Parmentierlaan;202;;;74600,549;227241,17;MDU;;14;0;0;14;Y;NA;4;;;;BUILDING template
KNOKKE-HEIST - FH06;BL0606;2757712;Zeedijk-Albertstrand;543;;;74304;227269;MDU;;2;0;0;2;Y;NA;4;;;;BUILDING template
KNOKKE-HEIST - FH06;BL0616;2765275;Paul Parmentierlaan;206;;;74600,549;227250,17;MDU;;3;0;0;3;Y;NA;4;;;;BUILDING template
KNOKKE-HEIST - FH06;BL0606;2757713;Zeedijk-Albertstrand;544;;;74309;227269;MDU;;9;0;0;9;Y;NA;4;;;;BUILDING template
KNOKKE-HEIST - FH06;BL0615;2765277;Paul Parmentierlaan;209;;;74567,55;227162,17;MDU;;14;0;0;14;Y;NA;4;;;;BUILDING template
KNOKKE-HEIST - FH06;BL0606;2757714;Zeedijk-Albertstrand;545;;;74312;227275;MDU;;23;0;0;23;Y;NA;4;;;;BUILDING template
KNOKKE-HEIST - FH06;BL0611;2765279;Paul Parmentierlaan;212;;;74605,549;227310,17;MDU;;12;0;0;12;Y;NA;4;;;;BUILDING template
KNOKKE-HEIST - FH06;BL0606;2757715;Zeedijk-Albertstrand;546;;;74319;227283;MDU;;10;0;0;10;Y;NA;4;;;;BUILDING template
KNOKKE-HEIST - FH06;BL0615;2765281;Paul Parmentierlaan;213;;;74568,55;227176,17;MDU;;10;0;0;10;Y;NA;4;;;;BUILDING template
KNOKKE-HEIST - FH06;BL0606;2757718;Zeedijk-Albertstrand;549;;;74333;227293;MDU;;17;0;0;17;Y;NA;4;;;;BUILDING template
KNOKKE-HEIST - FH06;BL0611;2765285;Paul Parmentierlaan;214;;;74605,549;227320,17;MDU;;5;0;0;5;Y;NA;4;;;;BUILDING template
KNOKKE-HEIST - FH06;BL0613;2757723;Zeedijk-Albertstrand;552;;;74373;227309;MDU;;2;0;0;2;Y;NA;4;;;;BUILDING template
KNOKKE-HEIST - FH06;BL0615;2765289;Paul Parmentierlaan;217;;;74569,55;227189,169;MDU;;5;0;0;5;Y;NA;4;;;;BUILDING template
KNOKKE-HEIST - FH06;BL0613;2757724;Zeedijk-Albertstrand;556;;;74373;227309;MDU;;2;0;0;2;Y;NA;4;;;;BUILDING template
KNOKKE-HEIST - FH06;BL0611;2765290;Paul Parmentierlaan;218;;;74606,549;227336,17;MDU;;0;3;0;3;Y;NA;4;;;;BUILDING template
KNOKKE-HEIST - FH06;BL0613;2757725;Zeedijk-Albertstrand;557;;;74375;227319;MDU;;9;0;0;9;Y;NA;4;;;;BUILDING template
KNOKKE-HEIST - FH06;BL0615;2765291;Paul Parmentierlaan;219;;;74569,55;227195,169;MDU;;6;0;0;6;Y;NA;4;;;;BUILDING template
KNOKKE-HEIST - FH06;BL0613;2757730;Zeedijk-Albertstrand;562;;;74397;227329;MDU;;16;0;0;16;Y;NA;4;;;;BUILDING template
KNOKKE-HEIST - FH06;BL0611;2765292;Paul Parmentierlaan;220;;;74607,549;227342,17;MDU;;6;0;0;6;Y;NA;4;;;;BUILDING template
KNOKKE-HEIST - FH06;BL0613;2757732;Zeedijk-Albertstrand;563;;;74402;227329;MDU;;2;0;0;2;Y;NA;4;;;;BUILDING template
KNOKKE-HEIST - FH06;BL0615;2765293;Paul Parmentierlaan;221;;;74570,55;227203,169;MDU;;19;0;0;19;Y;NA;4;;;;BUILDING template
KNOKKE-HEIST - FH06;BL0613;2757733;Zeedijk-Albertstrand;564;;;74409;227324;MDU;;18;0;0;18;Y;NA;4;;;;BUILDING template
KNOKKE-HEIST - FH06;BL0611;2765294;Paul Parmentierlaan;222;;;74608,548;227350,17;MDU;;5;0;0;5;Y;NA;4;;;;BUILDING template
KNOKKE-HEIST - FH06;BL0613;2757737;Zeedijk-Albertstrand;566;;;74418;227329;MDU;;10;0;0;10;Y;NA;4;;;;BUILDING template
KNOKKE-HEIST - FH06;BL0615;2765295;Paul Parmentierlaan;223;;;74570,55;227211,169;MDU;;3;0;0;3;Y;NA;4;;;;BUILDING template
KNOKKE-HEIST - FH06;BL0613;2757741;Zeedijk-Albertstrand;570;;;74438;227338;MDU;;9;0;0;9;Y;NA;4;;;;BUILDING template
KNOKKE-HEIST - FH06;BL0611;2765296;Paul Parmentierlaan;224;;;74623,58;227357,41;MDU;;6;0;0;6;Y;NA;4;;;;BUILDING template
KNOKKE-HEIST - FH06;BL0613;2757748;Zeedijk-Albertstrand;574;;;74450;227344;MDU;;17;0;0;17;Y;NA;4;;;;BUILDING template
KNOKKE-HEIST - FH06;BL0615;2765297;Paul Parmentierlaan;225;;;74571,55;227218,169;MDU;;11;0;0;11;Y;NA;4;;;;BUILDING template
KNOKKE-HEIST - FH06;BL0608;2757756;Zeedijk-Albertstrand;583;;;74450;227405;MDU;;2;0;0;2;Y;NA;4;;;;BUILDING template
KNOKKE-HEIST - FH06;BL0611;2765299;Paul Parmentierlaan;228;;;74609,548;227372,17;MDU;;2;1;0;3;Y;NA;4;;;;BUILDING template
KNOKKE-HEIST - FH06;BL0608;2757757;Zeedijk-Albertstrand;584;;;74450;227405;MDU;;9;0;0;9;Y;NA;4;;;;BUILDING template
KNOKKE-HEIST - FH06;BL0615;2765301;Paul Parmentierlaan;231;;;74572,549;227237,169;MDU;;7;0;0;7;Y;NA;4;Beschermd Erfgoed;;;BUILDING template
KNOKKE-HEIST - FH06;BL0608;2757759;Zeedijk-Albertstrand;585;;;74441;227413;MDU;;9;0;0;9;Y;NA;4;;;;BUILDING template
KNOKKE-HEIST - FH06;BL0611;2765302;Paul Parmentierlaan;232;;;74610,548;227387,17;MDU;;2;0;0;2;Y;NA;4;;;;BUILDING template
KNOKKE-HEIST - FH06;BL0608;2757760;Zeedijk-Albertstrand;586;;;74446;227413;MDU;;2;0;0;2;Y;NA;4;;;;BUILDING template
KNOKKE-HEIST - FH06;BL0611;2765306;Paul Parmentierlaan;234;;;74610,548;227393,17;MDU;;3;0;0;3;Y;NA;4;;;;BUILDING template
KNOKKE-HEIST - FH06;BL0608;2757762;Zeedijk-Albertstrand;587;;;74445;227424;MDU;;17;0;0;17;Y;NA;4;;;;BUILDING template
KNOKKE-HEIST - FH06;BL0615;2765308;Paul Parmentierlaan;235;;;74574,549;227253,169;MDU;;7;0;0;7;Y;NA;4;;;;BUILDING template
KNOKKE-HEIST - FH06;BL0615;2757983;Bayauxlaan;32;;;74544;227141;MDU;;8;0;0;8;Y;NA;4;;;;BUILDING template
KNOKKE-HEIST - FH06;BL0615;2765310;Paul Parmentierlaan;237;;;74574,549;227261,169;MDU;;79;0;0;79;Y;NA;4;;;;BUILDING template
KNOKKE-HEIST - FH06;BL0604;2758594;Canadasquare;9;;;74115;227121;SDU;;1;0;0;1;Y;NA;1;;;;BUILDING template
KNOKKE-HEIST - FH06;BL0609;2765313;Paul Parmentierlaan;240;;;74615,61;227443,56;MDU;;5;0;0;5;Y;NA;4;;;;BUILDING template
KNOKKE-HEIST - FH06;BL0608;2759391;Sylvain Dupuisstraat;13;;;74494;227399;MDU;;6;0;0;6;Y;NA;4;;;;BUILDING template
KNOKKE-HEIST - FH06;BL0609;2765316;Paul Parmentierlaan;242;;;74616,548;227457,17;MDU;;48;0;0;48;Y;NA;4;;;;BUILDING template
KNOKKE-HEIST - FH06;BL0612;2759396;Sylvain Dupuisstraat;16;;;74515;227386;MDU;;10;0;0;10;Y;NA;4;;;;BUILDING template
KNOKKE-HEIST - FH06;BL0612;2765318;Paul Parmentierlaan;243;;;74577,549;227309,169;MDU;;5;0;0;5;Y;NA;4;;;;BUILDING template
KNOKKE-HEIST - FH06;BL0612;2759407;Sylvain Dupuisstraat;28;;;74546;227401;MDU;;5;0;0;5;Y;NA;4;;;;BUILDING template
KNOKKE-HEIST - FH06;BL0612;2765322;Paul Parmentierlaan;245;;;74579,049;227318,549;MDU;;13;0;0;13;Y;NA;4;;;;BUILDING template
KNOKKE-HEIST - FH06;BL0612;2759409;Sylvain Dupuisstraat;30;;;74553;227404;SDU;;1;0;0;1;Y;NA;1;;;;BUILDING template
KNOKKE-HEIST - FH06;BL0609;2765331;Paul Parmentierlaan;250;;;74619,547;227500,169;MDU;;4;0;0;4;Y;NA;4;;;;BUILDING template
KNOKKE-HEIST - FH06;BL0608;2759415;Sylvain Dupuisstraat;35;;;74561;227428;MDU;;5;0;0;5;Y;NA;4;;;;BUILDING template
KNOKKE-HEIST - FH06;BL0612;2765332;Paul Parmentierlaan;251;;;74579,549;227343,169;MDU;;12;0;0;12;Y;NA;4;;;;BUILDING template
KNOKKE-HEIST - FH06;BL0612;2759416;Sylvain Dupuisstraat;36;;;74563;227407;SDU;;1;0;0;1;Y;NA;1;;;;BUILDING template
KNOKKE-HEIST - FH06;BL0609;2765333;Paul Parmentierlaan;252;;;74619,547;227508,169;MDU;;5;0;0;5;Y;NA;4;;;;BUILDING template
KNOKKE-HEIST - FH06;BL0611;2759434;Sylvain Dupuisstraat;58;;;74653;227399;MDU;;8;0;0;8;Y;NA;4;;;;BUILDING template
KNOKKE-HEIST - FH06;BL0609;2765335;Paul Parmentierlaan;254;;;74620,547;227515,169;MDU;;5;0;0;5;Y;NA;4;;;;BUILDING template
KNOKKE-HEIST - FH06;BL0608;2761408;Zeedijk-Knokke;609;;;74495;227488;MDU;;14;0;0;14;Y;NA;4;;;;BUILDING template
KNOKKE-HEIST - FH06;BL0612;2765336;Paul Parmentierlaan;255;;;74580,549;227353,169;MDU;;8;0;0;8;Y;NA;4;;;;BUILDING template
KNOKKE-HEIST - FH06;BL0608;2761412;Zeedijk-Knokke;612;;;74502;227492;MDU;;7;0;0;7;Y;NA;4;;;;BUILDING template
KNOKKE-HEIST - FH06;BL0609;2765338;Paul Parmentierlaan;256;;;74620,547;227522,169;MDU;;6;0;0;6;Y;NA;4;;;;BUILDING template
KNOKKE-HEIST - FH06;BL0608;2761418;Zeedijk-Knokke;620;;;74537;227510;MDU;;8;0;0;8;Y;NA;4;;;;BUILDING template
KNOKKE-HEIST - FH06;BL0609;2765340;Paul Parmentierlaan;258;;;74620,547;227529,169;MDU;;6;0;0;6;Y;NA;4;;;;BUILDING template
KNOKKE-HEIST - FH06;BL0614;2761871;Koningslaan;101;;;74485;227176;MDU;;10;0;0;10;Y;NA;4;;;;BUILDING template
KNOKKE-HEIST - FH06;BL0612;2765342;Paul Parmentierlaan;259;;;74571,31;227367,66;MDU;;5;1;0;6;Y;NA;4;;;;BUILDING template
KNOKKE-HEIST - FH06;BL0614;2761891;Koningslaan;121;;;74491;227237;MDU;;10;0;0;10;Y;NA;4;;;;BUILDING template
KNOKKE-HEIST - FH06;BL0612;2765352;Paul Parmentierlaan;261;;;74582,548;227373,169;MDU;;6;0;0;6;Y;NA;4;;;;BUILDING template
KNOKKE-HEIST - FH06;BL0613;2761910;Koningslaan;147;;;74464;227344;SDU;;1;0;0;1;Y;NA;1;;;;BUILDING template
KNOKKE-HEIST - FH06;BL0612;2765353;Paul Parmentierlaan;263;;;74583,548;227380,169;MDU;;22;0;0;22;Y;NA;4;;;;BUILDING template
KNOKKE-HEIST - FH06;BL0613;2761916;Koningslaan;151;;;74464;227344;SDU;;1;0;0;1;Y;NA;1;;;;BUILDING template
KNOKKE-HEIST - FH06;BL0612;2765355;Paul Parmentierlaan;265;;;74583,548;227386,169;MDU;;3;0;0;3;Y;NA;4;;;;BUILDING template
KNOKKE-HEIST - FH06;BL0615;2761953;Koningslaan;204;;;74513;227186;MDU;;3;0;0;3;Y;NA;4;;;;BUILDING template
KNOKKE-HEIST - FH06;BL0608;2765356;Paul Parmentierlaan;273;;;74580,938;227447,509;MDU;;12;1;0;13;Y;NA;4;;;;BUILDING template
KNOKKE-HEIST - FH06;BL0612;2761986;Koningslaan;250;;;74482;227358;SDU;;1;0;0;1;Y;NA;1;;;;BUILDING template
KNOKKE-HEIST - FH06;BL0608;2765360;Paul Parmentierlaan;277;;;74588,548;227455,169;MDU;;5;0;0;5;Y;NA;4;;;;BUILDING template
KNOKKE-HEIST - FH06;BL0611;2762847;Leopoldlaan;101;;;74663;227337;MDU;;19;0;0;19;Y;NA;4;;;;BUILDING template
KNOKKE-HEIST - FH06;BL0608;2765366;Paul Parmentierlaan;285;;;74583,451;227483,625;MDU;;5;0;0;5;Y;NA;4;;;;BUILDING template
KNOKKE-HEIST - FH06;BL0611;2762858;Leopoldlaan;111;;;74672;227369;MDU;;10;0;0;10;Y;NA;4;;;;BUILDING template
KNOKKE-HEIST - FH06;BL0608;2765371;Paul Parmentierlaan;287;;;74591,547;227488,169;MDU;;6;0;0;6;Y;NA;4;;;;BUILDING template
KNOKKE-HEIST - FH06;BL0610;2762886;Leopoldlaan;135;;;74692;227521;MDU;;11;0;0;11;Y;NA;4;;;;BUILDING template
KNOKKE-HEIST - FH06;BL0608;2765372;Paul Parmentierlaan;289;;;74592,547;227495,169;MDU;;6;0;0;6;Y;NA;4;;;;BUILDING template
KNOKKE-HEIST - FH06;BL0602;2764189;Jozef Nellenslaan;153;;;73973;227022;MDU;;32;0;0;32;Y;NA;4;;;;BUILDING template
KNOKKE-HEIST - FH06;BL0608;2765377;Paul Parmentierlaan;291;;;74592,06;227501,28;MDU;;14;0;0;14;Y;NA;4;;;;BUILDING template
KNOKKE-HEIST - FH06;BL0613;2764238;Jozef Nellenslaan;211;;;74413;227270;SDU;;1;0;0;1;Y;NA;1;;;;BUILDING template
KNOKKE-HEIST - FH06;BL0608;2765380;Paul Parmentierlaan;295;;;74596,801;227511,903;MDU;;6;0;0;6;Y;NA;4;;;;BUILDING template
KNOKKE-HEIST - FH06;BL0613;2764239;Jozef Nellenslaan;213;;;74418;227270;SDU;;1;0;0;1;Y;NA;1;;;;BUILDING template
KNOKKE-HEIST - FH06;BL0607;2765856;Rubensplein;1;;;74404,834;227386,918;SDU;;1;0;0;1;Y;NA;1;;;;BUILDING template
KNOKKE-HEIST - FH06;BL0609;2765319;Paul Parmentierlaan;244;;;74617;227458;MDU;;11;0;0;11;Y;NA;4;;;;BUILDING template
KNOKKE-HEIST - FH06;BL0602;2766723;Sterrenlaan;6;;;73948,618;227040,861;MDU;;7;0;0;7;Y;NA;4;;;;BUILDING template
KNOKKE-HEIST - FH06;BL0601;2766747;Sterrenlaan;23;;;73905;227040;SDU;;1;0;0;1;Y;NA;1;;;;BUILDING template
KNOKKE-HEIST - FH06;BL0601;2766730;Sterrenlaan;9;;;73922,021;227019,912;MDU;;8;0;0;8;Y;NA;4;;;;BUILDING template
KNOKKE-HEIST - FH06;BL0601;317821;Zeedijk-Albertstrand;489;;;73829;227034;MDU;;2;0;0;2;Y;NA;4;;;;BUILDING template
KNOKKE-HEIST - FH06;BL0602;2766733;Sterrenlaan;10;;;73933,134;227054,257;MDU;;2;0;0;2;Y;NA;4;;;;BUILDING template
KNOKKE-HEIST - FH06;BL0601;317822;Zeedijk-Albertstrand;487;;;73822;227031;MDU;;10;0;0;10;Y;NA;4;;;;BUILDING template
KNOKKE-HEIST - FH06;BL0601;2766736;Sterrenlaan;13;;;73913,087;227027,782;MDU;;19;0;0;19;Y;NA;4;;;;BUILDING template
KNOKKE-HEIST - FH06;BL0601;317823;Zeedijk-Albertstrand;485;;;73806;227023;MDU;;14;0;0;14;Y;NA;4;;;;BUILDING template
KNOKKE-HEIST - FH06;BL0602;2766738;Sterrenlaan;14;;;73914,048;227072,983;MDU;;24;0;0;24;Y;NA;4;;;;BUILDING template
KNOKKE-HEIST - FH06;BL0601;317824;Zeedijk-Albertstrand;484;;;73796;227020;MDU;;7;0;0;7;Y;NA;4;;;;BUILDING template
KNOKKE-HEIST - FH06;BL0601;2766742;Sterrenlaan;15;;;73910,871;227029,59;SDU;;1;0;0;1;Y;NA;1;;;;BUILDING template
KNOKKE-HEIST - FH06;BL0601;317826;Zeedijk-Albertstrand;492;;;73842;227041;MDU;;10;0;0;10;Y;NA;4;;;;BUILDING template
KNOKKE-HEIST - FH06;BL0601;2766744;Sterrenlaan;17;;;73905,412;227034,134;MDU;;8;0;0;8;Y;NA;4;;;;BUILDING template
KNOKKE-HEIST - FH06;BL0601;317827;Zeedijk-Albertstrand;493;;;73848;227044;MDU;;10;0;0;10;Y;NA;4;;;;BUILDING template
KNOKKE-HEIST - FH06;BL0601;2766746;Sterrenlaan;21;;;73901,229;227038,241;MDU;;6;1;0;7;Y;NA;4;;;;BUILDING template
KNOKKE-HEIST - FH06;BL0601;317828;Zeedijk-Albertstrand;491;;;73834;227038;MDU;;9;0;0;9;Y;NA;4;;;;BUILDING template
KNOKKE-HEIST - FH06;BL0601;2766748;Sterrenlaan;25;;;73896,762;227041,824;MDU;;5;0;0;5;Y;NA;4;;;;BUILDING template
KNOKKE-HEIST - FH06;BL0601;317829;Zeedijk-Albertstrand;498;;;73881;227059;MDU;;14;0;0;14;Y;NA;4;;;;BUILDING template
KNOKKE-HEIST - FH06;BL0604;2767920;Zonnelaan;9;;;74164,585;227134,859;MDU;;15;1;0;16;Y;NA;4;;;;BUILDING template
KNOKKE-HEIST - FH06;BL0602;318435;Zeedijk-Albertstrand;499;;;73908;227080;MDU;;2;0;0;2;Y;NA;4;;;;BUILDING template
KNOKKE-HEIST - FH06;BL0604;2767925;Zonnelaan;13;;;74166,086;227149,281;MDU;;7;0;0;7;Y;NA;4;;;;BUILDING template
KNOKKE-HEIST - FH06;BL0602;318436;Zeedijk-Albertstrand;505;;;73958;227096;MDU;;19;0;0;19;Y;NA;4;;;;BUILDING template
KNOKKE-HEIST - FH06;BL0605;2767928;Zonnelaan;18;;;74200,79;227152,033;MDU;;10;0;0;10;Y;NA;4;;;;BUILDING template
KNOKKE-HEIST - FH06;BL0602;318437;Zeedijk-Albertstrand;500;;;73930;227083;MDU;;2;0;0;2;Y;NA;4;;;;BUILDING template
KNOKKE-HEIST - FH06;BL0605;2767930;Zonnelaan;20;;;74200,79;227160,033;MDU;;8;0;0;8;Y;NA;4;;;;BUILDING template
KNOKKE-HEIST - FH06;BL0603;318438;Zeedijk-Albertstrand;508;;;74029;227136;SDU;;1;0;0;1;N;MON;1;;;;BUILDING template
KNOKKE-HEIST - FH06;BL0605;2767931;Zonnelaan;22;;;74200,853;227167,55;MDU;;9;0;0;9;Y;NA;4;;;;BUILDING template
KNOKKE-HEIST - FH06;BL0602;318440;Canadasquare;19;;;73997;227053;SDU;;1;0;0;1;Y;NA;1;;;;BUILDING template
KNOKKE-HEIST - FH06;BL0605;2767932;Zonnelaan;24;;;74200,665;227175,664;MDU;;23;0;0;23;Y;NA;4;;;;BUILDING template
KNOKKE-HEIST - FH06;BL0602;318441;Canadasquare;17;;;73985;227068;MDU;;10;0;0;10;Y;NA;4;;;;BUILDING template
KNOKKE-HEIST - FH06;BL0605;2767934;Zonnelaan;30;;;74202,74;227199,816;SDU;;0;1;0;1;Y;NA;1;;;;BUILDING template
KNOKKE-HEIST - FH06;BL0604;319255;Jozef Nellenslaan;161;;;74142;227089;SDU;;1;0;0;1;Y;NA;1;;;;BUILDING template
KNOKKE-HEIST - FH06;BL0605;2767935;Zonnelaan;32;;;74204,109;227203,424;SDU;;1;0;0;1;Y;NA;1;;;;BUILDING template
KNOKKE-HEIST - FH06;BL0604;319259;Zeedijk-Albertstrand;524;;;74165;227202;MDU;;3;0;0;3;Y;NA;4;;;;BUILDING template
KNOKKE-HEIST - FH06;BL0606;2768367;Zwaluwenlaan;4;;;74270,656;227237,403;MDU;;13;0;0;13;Y;NA;4;;;;BUILDING template
KNOKKE-HEIST - FH06;BL0604;319260;Zeedijk-Albertstrand;516;;;74139;227181;MDU;;2;0;0;2;Y;NA;4;;;;BUILDING template
KNOKKE-HEIST - FH06;BL0605;2768369;Zwaluwenlaan;5;;;74279,861;227183,613;MDU;;8;0;0;8;Y;NA;4;;;;BUILDING template
KNOKKE-HEIST - FH06;BL0604;319261;Zeedijk-Albertstrand;511;;;74103;227163;MDU;;2;0;0;2;Y;NA;4;;;;BUILDING template
KNOKKE-HEIST - FH06;BL0606;2768371;Zwaluwenlaan;6;;;74276,623;227231,789;MDU;;7;1;0;8;Y;NA;4;;;;BUILDING template
KNOKKE-HEIST - FH06;BL0605;319305;Zeedijk-Albertstrand;531;;;74235;227231;MDU;;2;0;0;2;Y;NA;4;;;;BUILDING template
KNOKKE-HEIST - FH06;BL0605;2768373;Zwaluwenlaan;7;;;74274,977;227187,978;MDU;;7;0;0;7;Y;NA;4;;;;BUILDING template
KNOKKE-HEIST - FH06;BL0606;319363;Zeedijk-Albertstrand;533;;;74263;227248;MDU;;2;0;0;2;Y;NA;4;;;;BUILDING template
KNOKKE-HEIST - FH06;BL0606;2768374;Zwaluwenlaan;8;;;74282,671;227224,117;MDU;;30;0;0;30;Y;NA;4;;;;BUILDING template
KNOKKE-HEIST - FH06;BL0606;319364;Zeedijk-Albertstrand;535;;;74273;227252;MDU;;2;0;0;2;Y;NA;4;;;;BUILDING template
KNOKKE-HEIST - FH06;BL0605;2768375;Zwaluwenlaan;9;;;74266,421;227197,956;MDU;;42;0;0;42;Y;NA;4;;;;BUILDING template
KNOKKE-HEIST - FH06;BL0614;320298;Koningslaan;127;;;74492;227264;SDU;;1;0;0;1;Y;NA;1;;;;BUILDING template
KNOKKE-HEIST - FH06;BL0606;2768381;Zwaluwenlaan;10;;;74294,186;227213,878;MDU;;13;0;0;13;Y;NA;4;;;;BUILDING template
KNOKKE-HEIST - FH06;BL0614;320299;Koningslaan;133;;;74479;227279;SDU;;1;0;0;1;Y;NA;1;;;;BUILDING template
KNOKKE-HEIST - FH06;BL0605;2768382;Zwaluwenlaan;11;;;74259,933;227204,338;SDU;;1;0;0;1;Y;NA;1;;;;BUILDING template
KNOKKE-HEIST - FH06;BL0615;320322;Koningslaan;230;A;;74519;227270;SDU;;1;0;0;1;Y;NA;1;;;;BUILDING template
KNOKKE-HEIST - FH06;BL0601;317798;Sterrenlaan;7;;;73926,602;227016,166;MDU;;7;0;0;7;Y;NA;4;;;;BUILDING template
KNOKKE-HEIST - FH06;BL0616;320335;Bayauxlaan;14;;;74637;227131;MDU;;7;0;0;7;Y;NA;4;;;;BUILDING template
KNOKKE-HEIST - FH06;BL0601;317799;Sterrenlaan;27;;;73890,128;227047,72;MDU;;11;0;0;11;Y;NA;4;;;;BUILDING template
KNOKKE-HEIST - FH06;BL0608;337229;Zeedijk-Knokke;600;;;74450;227464;MDU;;8;0;0;8;N;MON;4;;;;BUILDING template
KNOKKE-HEIST - FH06;BL0601;317805;Jozef Nellenslaan;121;;;73809,728;226959,437;MDU;;13;0;0;13;Y;NA;4;;;;BUILDING template
KNOKKE-HEIST - FH06;BL0608;337238;Zeedijk-Albertstrand;589;;;74436;227433;MDU;;2;0;0;2;Y;NA;4;;;;BUILDING template
KNOKKE-HEIST - FH06;BL0601;317806;Jozef Nellenslaan;123;;;73820,164;226961,413;MDU;;5;0;0;5;Y;NA;4;;;;BUILDING template
KNOKKE-HEIST - FH06;BL0610;337324;Leopoldlaan;137;;;74688;227512;MDU;;11;0;0;11;Y;NA;4;;;;BUILDING template
KNOKKE-HEIST - FH06;BL0601;317808;Jozef Nellenslaan;149;;;73935,772;227008,75;MDU;;6;1;0;7;Y;NA;4;;;;BUILDING template
KNOKKE-HEIST - FH06;BL0609;337333;Paul Parmentierlaan;262;;;74624;227555;SDU;;1;0;0;1;Y;NA;1;;;;BUILDING template
KNOKKE-HEIST - FH06;BL0602;318439;Canadasquare;21;;;74000,552;227044,165;MDU;;29;0;0;29;Y;NA;4;;;;BUILDING template
KNOKKE-HEIST - FH06;BL0609;337344;Zeedijk-Knokke;635;;;74635;227559;SDU;;1;0;0;1;Y;NA;1;;;;BUILDING template
KNOKKE-HEIST - FH06;BL0602;318442;Canadasquare;15;;;73984,288;227068,531;SDU;;1;0;0;1;Y;NA;1;;;;BUILDING template
KNOKKE-HEIST - FH06;BL0610;337441;D Hooghestraat;7;;;74661;227511;MDU;;7;0;0;7;Y;NA;4;;;;BUILDING template
KNOKKE-HEIST - FH06;BL0602;318448;Jozef Nellenslaan;157;;;73989,39;227034,36;SDU;;0;1;0;1;Y;NA;1;;;;BUILDING template
KNOKKE-HEIST - FH06;BL0613;337748;Meerminlaan;42;;;74372;227281;SDU;;1;0;0;1;Y;NA;1;;;;BUILDING template
KNOKKE-HEIST - FH06;BL0604;319239;Zonnelaan;7;;;74164,086;227115,281;MDU;;40;0;0;40;Y;NA;4;;;;BUILDING template
KNOKKE-HEIST - FH06;BL0613;337752;Koningslaan;145;;;74459;227344;MDU;;7;0;0;7;Y;NA;4;;;;BUILDING template
KNOKKE-HEIST - FH06;BL0604;319246;Zonnelaan;15;;;74168,399;227163,867;MDU;;15;0;0;15;Y;NA;4;;;;BUILDING template
KNOKKE-HEIST - FH06;BL0613;337756;Jozef Nellenslaan;229;;;74480;227305;SDU;;1;0;0;1;Y;NA;1;;;;BUILDING template
KNOKKE-HEIST - FH06;BL0604;319247;Zonnelaan;19;;;74167,03;227181,094;MDU;;36;0;0;36;Y;NA;4;;;;BUILDING template
KNOKKE-HEIST - FH06;BL0613;337758;Zeedijk-Albertstrand;551;;;74368;227309;MDU;;2;0;0;2;Y;NA;4;;;;BUILDING template
KNOKKE-HEIST - FH06;BL0604;319249;Canadasquare;11;;;74109,624;227136,201;MDU;;7;1;0;8;Y;NA;4;;;;BUILDING template
KNOKKE-HEIST - FH06;BL0613;337759;Zeedijk-Albertstrand;558;;;74384;227322;MDU;;9;0;0;9;Y;NA;4;;;;BUILDING template
KNOKKE-HEIST - FH06;BL0604;319252;Jozef Nellenslaan;165;;;74151,951;227098,312;MDU;;12;0;0;12;Y;NA;4;;;;BUILDING template
KNOKKE-HEIST - FH06;BL0613;337760;Zeedijk-Albertstrand;560;;;74391;227321;MDU;;3;0;0;3;Y;NA;4;;;;BUILDING template
KNOKKE-HEIST - FH06;BL0604;319304;Canadasquare;4;;;74128,703;227097,094;MDU;;16;1;0;17;Y;NA;4;;;;BUILDING template
KNOKKE-HEIST - FH06;BL0613;337761;Zeedijk-Albertstrand;567;;;74426;227333;MDU;;2;0;0;2;Y;NA;4;;;;BUILDING template
KNOKKE-HEIST - FH06;BL0611;1024246;Paul Parmentierlaan;236;;;74612,25;227400,27;MDU;;6;0;0;6;Y;NA;4;;;;BUILDING template
KNOKKE-HEIST - FH06;BL0605;319308;Jozef Nellenslaan;175;;;74239,551;227136,888;MDU;;44;0;0;44;Y;NA;4;;;;BUILDING template
KNOKKE-HEIST - FH06;BL0613;337762;Zeedijk-Albertstrand;571;;;74439;227341;MDU;;11;0;0;11;Y;NA;4;;;;BUILDING template
KNOKKE-HEIST - FH06;BL0601;12838;Meerlaan;80;;;73798,98;226954,178;MDU;;19;0;0;19;Y;NA;4;;;;BUILDING template
KNOKKE-HEIST - FH06;BL0605;319309;Jozef Nellenslaan;177;;;74256,919;227143,566;MDU;;8;0;0;8;Y;NA;4;;;;BUILDING template
KNOKKE-HEIST - FH06;BL0613;337763;Zeedijk-Albertstrand;573;;;74445;227344;MDU;;2;0;0;2;Y;NA;4;;;;BUILDING template
KNOKKE-HEIST - FH06;BL0605;12854;Zonnelaan;10;;;74200,081;227121,108;MDU;;10;0;0;10;Y;NA;4;;;;BUILDING template
KNOKKE-HEIST - FH06;BL0605;319312;Jozef Nellenslaan;183;;;74279,933;227162,994;MDU;;16;0;0;16;Y;NA;4;;;;BUILDING template
KNOKKE-HEIST - FH06;BL0613;337764;Zeedijk-Albertstrand;576;;;74464;227344;MDU;;3;0;0;3;Y;NA;4;;;;BUILDING template
KNOKKE-HEIST - FH06;BL0611;1288479;Paul Parmentierlaan;230;;;74615,41;227380,02;MDU;;5;0;0;5;Y;NA;4;;;;BUILDING template
KNOKKE-HEIST - FH06;BL0605;319313;Zwaluwenlaan;3;;;74290,259;227170,454;MDU;;10;0;0;10;Y;NA;4;;;;BUILDING template
KNOKKE-HEIST - FH06;BL0615;3939568;Julius Hostestraat;2;B;;74538;227281;MDU;;10;0;0;10;Y;NA;4;;;;BUILDING template
KNOKKE-HEIST - FH06;BL0608;13070;Paul Parmentierlaan;271;;;74587,548;227432,169;MDU;;5;0;0;5;Y;NA;4;Beschermd Erfgoed;;;BUILDING template
KNOKKE-HEIST - FH06;BL0605;319314;Zwaluwenlaan;17;;;74237,439;227226,073;MDU;;14;0;0;14;Y;NA;4;;;;BUILDING template
KNOKKE-HEIST - FH06;BL0613;4026877;Jozef Nellenslaan;217;;;74428;227277;SDU;;1;0;0;1;Y;NA;1;;;;BUILDING template
KNOKKE-HEIST - FH06;BL0609;13072;Sylvain Dupuisstraat;53;;;74671,14;227418,444;MDU;;7;0;0;7;Y;NA;4;;;;BUILDING template
KNOKKE-HEIST - FH06;BL0605;319316;Zwaluwenlaan;13;;;74247,788;227213,903;MDU;;17;0;0;17;Y;NA;4;;;;BUILDING template
KNOKKE-HEIST - FH06;BL0614;4094814;Koningslaan;117;;;74490;227221;MDU;;2;0;0;2;Y;NA;4;;;;BUILDING template
KNOKKE-HEIST - FH06;BL0614;13074;Koningslaan;129;;;74480,239;227266,849;MDU;;24;3;0;27;Y;NA;4;;;;BUILDING template
KNOKKE-HEIST - FH06;BL0605;319317;Zonnelaan;28;;;74201,994;227194,84;MDU;;1;1;0;2;Y;NA;4;;;;BUILDING template
KNOKKE-HEIST - FH06;BL0616;4263458;Leopoldlaan;93;;;74661;227261;SDU;;1;0;0;1;Y;NA;1;;;;BUILDING template
KNOKKE-HEIST - FH06;BL0601;1320090;Sterrenlaan;11;;;73917,516;227023,481;MDU;;2;0;0;2;Y;NA;4;;;;BUILDING template
KNOKKE-HEIST - FH06;BL0605;319318;Zonnelaan;26;;;74201,417;227187,908;MDU;;8;0;0;8;Y;NA;4;;;;BUILDING template
KNOKKE-HEIST - FH06;BL0611;4344096;Sylvain Dupuisstraat;60;;;74658;227399;SDU;;1;0;0;1;Y;NA;1;;;;BUILDING template
KNOKKE-HEIST - FH06;BL0613;1327501;Jozef Nellenslaan;221;;;74441,812;227290,025;MDU;;11;0;0;11;Y;NA;4;;;;BUILDING template
KNOKKE-HEIST - FH06;BL0606;319351;Meerminlaan;13;;;74348,209;227256,919;MDU;;23;0;0;23;Y;NA;4;;;;BUILDING template
KNOKKE-HEIST - FH06;BL0612;4344119;Sylvain Dupuisstraat;12;;;74507;227382;MDU;;2;0;0;2;Y;NA;4;;;;BUILDING template
KNOKKE-HEIST - FH06;BL0611;1327502;Paul Parmentierlaan;226;;;74608,548;227364,17;MDU;;5;0;0;5;Y;NA;4;;;;BUILDING template
KNOKKE-HEIST - FH06;BL0606;319354;Zwaluwenlaan;12;;;74306,882;227200,027;MDU;;21;1;0;22;Y;NA;4;;;;BUILDING template
KNOKKE-HEIST - FH06;BL0612;4344120;Sylvain Dupuisstraat;24;;;74541;227398;SDU;;1;0;0;1;Y;NA;1;;;;BUILDING template
KNOKKE-HEIST - FH06;BL0615;1357249;Paul Parmentierlaan;215;;;74568,55;227183,169;MDU;;2;0;0;2;Y;NA;4;;;;BUILDING template
KNOKKE-HEIST - FH06;BL0606;319355;Zwaluwenlaan;2;;;74264,891;227245,423;MDU;;15;0;0;15;Y;NA;4;;;;BUILDING template
KNOKKE-HEIST - FH06;BL0612;4344121;Sylvain Dupuisstraat;32;;;74558;227404;SDU;;1;0;0;1;Y;NA;1;;;;BUILDING template
KNOKKE-HEIST - FH06;BL0612;1389323;Paul Parmentierlaan;247;;;74579,139;227329,659;MDU;;9;0;0;9;Y;NA;4;;;;BUILDING template
KNOKKE-HEIST - FH06;BL0606;319362;Jozef Nellenslaan;199;;;74351,375;227235,712;MDU;;23;1;0;24;Y;NA;4;;;;BUILDING template
KNOKKE-HEIST - FH06;BL0612;4344129;Paul Parmentierlaan;253;;;74580;227344;MDU;;2;0;0;2;Y;NA;4;;;;BUILDING template
KNOKKE-HEIST - FH06;BL0612;1389366;Koningslaan;238;;;74498,549;227325,169;MDU;;5;1;0;6;Y;NA;4;;;;BUILDING template
KNOKKE-HEIST - FH06;BL0605;320281;Jozef Nellenslaan;169;;;74211,732;227121,203;MDU;;9;0;0;9;Y;NA;4;;;;BUILDING template
KNOKKE-HEIST - FH06;BL0613;4344133;Zeedijk-Albertstrand;569;;;74433;227338;MDU;;2;0;0;2;Y;NA;4;;;;BUILDING template
KNOKKE-HEIST - FH06;BL0612;1389515;Sylvain Dupuisstraat;34;;;74562,548;227406,169;MDU;;10;0;0;10;Y;NA;4;;;;BUILDING template
KNOKKE-HEIST - FH06;BL0605;320285;Zonnelaan;12;;;74200,532;227132,411;MDU;;20;0;0;20;Y;NA;4;;;;BUILDING template
KNOKKE-HEIST - FH06;BL0613;4344145;Jozef Nellenslaan;225;;;74453;227291;SDU;;1;0;0;1;Y;NA;1;;;;BUILDING template
KNOKKE-HEIST - FH06;BL0615;1442660;Paul Parmentierlaan;233;;;74573,549;227247,169;MDU;;6;0;0;6;Y;NA;4;;;;BUILDING template
KNOKKE-HEIST - FH06;BL0614;320300;Koningslaan;95;;;74484,55;227159,169;MDU;;6;0;0;6;Y;NA;4;Beschermd Erfgoed;;;BUILDING template
KNOKKE-HEIST - FH06;BL0613;4344147;Meerminlaan;46;;;74377;227281;SDU;;1;0;0;1;Y;NA;1;;;;BUILDING template
KNOKKE-HEIST - FH06;BL0612;1448395;Koningslaan;236;;;74502,37;227319,08;MDU;;10;2;0;12;Y;NA;4;;;;BUILDING template
KNOKKE-HEIST - FH06;BL0614;320301;Koningslaan;125;;;74490,549;227249,169;MDU;;13;0;0;13;Y;NA;4;;;;BUILDING template
KNOKKE-HEIST - FH06;BL0610;4344203;D Hooghestraat;5;;;74665;227513;MDU;;8;0;0;8;Y;NA;4;;;;BUILDING template
KNOKKE-HEIST - FH06;BL0611;1454526;Paul Parmentierlaan;216;;;74606,549;227328,17;MDU;;8;0;0;8;Y;NA;4;;;;BUILDING template
KNOKKE-HEIST - FH06;BL0614;320302;Koningslaan;93;A;;74484;227148,04;MDU;;3;0;0;3;Y;NA;4;Beschermd Erfgoed;;;BUILDING template
KNOKKE-HEIST - FH06;BL0608;4344269;Zeedijk-Knokke;614;;;74511;227496;SDU;;1;0;0;1;Y;NA;1;;;;BUILDING template
KNOKKE-HEIST - FH06;BL0601;1470497;Jozef Nellenslaan;147;;;73930,118;227003,936;MDU;;7;0;0;7;Y;NA;4;;;;BUILDING template
KNOKKE-HEIST - FH06;BL0614;320303;Meerminlaan;2;;;74459,55;227135,169;MDU;;27;0;0;27;Y;NA;4;;;;BUILDING template
KNOKKE-HEIST - FH06;BL0604;4347398;Zeedijk-Albertstrand;514;;;74103;227163;MDU;;2;0;0;2;Y;NA;1;;;;BUILDING template
KNOKKE-HEIST - FH06;BL0612;1473385;Koningslaan;234;;;74506,37;227310,5;MDU;;5;1;0;6;Y;NA;4;;;;BUILDING template
KNOKKE-HEIST - FH06;BL0614;320304;Meerminlaan;4;;;74453,65;227162,979;MDU;;10;0;0;10;Y;NA;4;;;;BUILDING template
KNOKKE-HEIST - FH06;BL0604;4347417;Zeedijk-Albertstrand;524;A;;74160;227202;SDU;;1;0;0;1;Y;NA;1;;;;BUILDING template
KNOKKE-HEIST - FH06;BL0611;1478070;Blancgarinstraat;24;;;74632,95;227293,985;MDU;;8;1;0;9;Y;NA;4;;;;BUILDING template
KNOKKE-HEIST - FH06;BL0614;320306;Bayauxlaan;38;;;74474,55;227140,169;MDU;;5;0;0;5;Y;NA;4;;;;BUILDING template
KNOKKE-HEIST - FH06;BL0614;5299093;Jozef Nellenslaan;174;A;;74440;227260;SDU;;1;0;0;1;Y;NA;1;;;;BUILDING template
KNOKKE-HEIST - FH06;BL0614;1481972;Meerminlaan;28;;;74405,32;227227,19;MDU;;5;0;0;5;Y;NA;4;;;;BUILDING template
KNOKKE-HEIST - FH06;BL0614;320307;Jozef Nellenslaan;164;;;74399,22;227238,15;MDU;;8;1;0;9;Y;NA;4;;;;BUILDING template
KNOKKE-HEIST - FH06;BL0608;5564766;Zeedijk-Albertstrand;581;;;74456;227405;MDU;;16;0;0;16;Y;NA;4;;;;BUILDING template
KNOKKE-HEIST - FH06;BL0615;1494837;Paul Parmentierlaan;207;;;74567,55;227150,17;MDU;;5;0;0;5;Y;NA;4;;;;BUILDING template
KNOKKE-HEIST - FH06;BL0614;320308;Jozef Nellenslaan;174;;;74439,549;227259,168;MDU;;5;0;0;5;Y;NA;4;;;;BUILDING template
KNOKKE-HEIST - FH06;BL0608;5573000;Zeedijk-Albertstrand;579;;;74450;227395;MDU;;9;0;0;9;Y;NA;4;;;;BUILDING template
KNOKKE-HEIST - FH06;BL0616;2757976;Bayauxlaan;16;;;74624,55;227131,17;MDU;;7;0;0;7;Y;NA;4;;;;BUILDING template
KNOKKE-HEIST - FH06;BL0614;320309;Jozef Nellenslaan;172;;;74431,549;227254,168;MDU;;5;0;0;5;Y;NA;4;;;;BUILDING template
KNOKKE-HEIST - FH06;BL0601;5579247;Zeedijk-Albertstrand;488;;;73827;227031;MDU;;2;0;0;2;Y;NA;4;;;;BUILDING template
KNOKKE-HEIST - FH06;BL0616;2757979;Bayauxlaan;20;;;74611,55;227132,17;MDU;;8;0;0;8;Y;NA;4;;;;BUILDING template
KNOKKE-HEIST - FH06;BL0614;320310;Jozef Nellenslaan;180;;;74480,239;227266,849;SDU;;1;0;0;1;Y;NA;1;;;;BUILDING template
KNOKKE-HEIST - FH06;BL0601;5579248;Zeedijk-Albertstrand;490;;;73834;227034;MDU;;9;0;0;9;Y;NA;4;;;;BUILDING template
KNOKKE-HEIST - FH06;BL0615;2757982;Bayauxlaan;28;;;74555,55;227140,169;MDU;;4;1;0;5;Y;NA;4;;;;BUILDING template
KNOKKE-HEIST - FH06;BL0615;320317;Paul Parmentierlaan;205;;;74565,64;227139,98;SDU;;0;1;0;1;Y;NA;1;;;;BUILDING template
KNOKKE-HEIST - FH06;BL0601;5579249;Zeedijk-Albertstrand;494;;;73853;227044;MDU;;2;0;0;2;Y;NA;4;;;;BUILDING template
KNOKKE-HEIST - FH06;BL0615;2757985;Bayauxlaan;34;;;74530,55;227142,169;MDU;;16;2;0;18;Y;NA;4;;;;BUILDING template
KNOKKE-HEIST - FH06;BL0616;320318;Paul Parmentierlaan;172;A;;74598,251;227136,814;MDU;;10;0;0;10;Y;NA;4;;;;BUILDING template
KNOKKE-HEIST - FH06;BL0602;5579250;Zeedijk-Albertstrand;507;;;73963;227096;MDU;;17;0;0;17;Y;NA;4;;;;BUILDING template
KNOKKE-HEIST - FH06;BL0616;2758121;Blancgarinstraat;17;;;74650,549;227267,17;MDU;;6;0;0;6;Y;NA;4;;;;BUILDING template
KNOKKE-HEIST - FH06;BL0616;320319;Paul Parmentierlaan;208;;;74601,549;227260,17;MDU;;13;0;0;13;Y;NA;4;;;;BUILDING template
KNOKKE-HEIST - FH06;BL0603;5579253;Zeedijk-Albertstrand;510;;;74034;227136;MDU;;2;0;0;2;Y;NA;1;;;;BUILDING template
KNOKKE-HEIST - FH06;BL0616;2758123;Blancgarinstraat;19;;;74641,549;227268,17;MDU;;8;0;0;8;Y;NA;4;;;;BUILDING template
KNOKKE-HEIST - FH06;BL0615;320321;Koningslaan;196;;;74514,55;227143,169;MDU;;13;0;0;13;Y;NA;4;;;;BUILDING template
KNOKKE-HEIST - FH06;BL0604;5579254;Zeedijk-Albertstrand;521;;;74134;227181;MDU;;2;0;0;2;Y;NA;4;;;;BUILDING template
KNOKKE-HEIST - FH06;BL0611;2758127;Blancgarinstraat;26;;;74624,765;227299,018;MDU;;4;0;0;4;Y;NA;4;;;;BUILDING template
KNOKKE-HEIST - FH06;BL0615;320323;Bayauxlaan;36;;;74523,55;227142,169;MDU;;4;0;0;4;Y;NA;4;;;;BUILDING template
KNOKKE-HEIST - FH06;BL0605;5579255;Zeedijk-Albertstrand;527;;;74208;227219;MDU;;3;0;0;3;Y;NA;4;;;;BUILDING template
KNOKKE-HEIST - FH06;BL0611;2758128;Blancgarinstraat;28;;;74617,86;227299,33;MDU;;7;0;0;7;Y;NA;4;;;;BUILDING template
KNOKKE-HEIST - FH06;BL0615;320324;Bayauxlaan;26;A;;74565,64;227139,98;MDU;;3;0;0;3;Y;NA;4;;;;BUILDING template
KNOKKE-HEIST - FH06;BL0606;5579257;Zeedijk-Albertstrand;536;;;74278;227252;MDU;;17;0;0;17;Y;NA;4;;;;BUILDING template
KNOKKE-HEIST - FH06;BL0604;2758591;Canadasquare;7;;;74118,363;227115,962;MDU;;12;2;0;14;Y;NA;4;;;;BUILDING template
KNOKKE-HEIST - FH06;BL0616;320325;Bayauxlaan;24;;;74596,12;227136,02;SDU;;0;1;0;1;Y;NA;1;;;;BUILDING template
KNOKKE-HEIST - FH06;BL0606;5579258;Zeedijk-Albertstrand;550;;;74338;227293;MDU;;2;0;0;2;Y;NA;4;;;;BUILDING template
KNOKKE-HEIST - FH06;BL0604;2758593;Canadasquare;8;;;74115,237;227123,047;MDU;;8;1;0;9;Y;NA;4;;;;BUILDING template
KNOKKE-HEIST - FH06;BL0615;320326;Julius Hostestraat;2;;;74530,489;227277,669;MDU;;21;1;0;22;Y;NA;4;;;;BUILDING template
KNOKKE-HEIST - FH06;BL0613;5579260;Zeedijk-Albertstrand;561;;;74396;227321;MDU;;9;0;0;9;Y;NA;4;;;;BUILDING template
KNOKKE-HEIST - FH06;BL0604;2758595;Canadasquare;10;;;74112,958;227129,269;MDU;;6;0;0;6;Y;NA;4;;;;BUILDING template
KNOKKE-HEIST - FH06;BL0616;320329;Leopoldlaan;65;A;;74649,911;227132,793;MDU;;4;0;0;4;Y;NA;4;;;;BUILDING template
KNOKKE-HEIST - FH06;BL0613;5579261;Zeedijk-Albertstrand;568;;;74431;227333;MDU;;18;0;0;18;Y;NA;4;;;;BUILDING template
KNOKKE-HEIST - FH06;BL0612;2759385;Sylvain Dupuisstraat;6;;;74494,548;227374,169;MDU;;3;0;0;3;Y;NA;4;;;;BUILDING template
KNOKKE-HEIST - FH06;BL0616;320330;Leopoldlaan;85;;;74651,579;227224,66;MDU;;5;0;0;5;Y;NA;4;;;;BUILDING template
KNOKKE-HEIST - FH06;BL0613;5579262;Zeedijk-Albertstrand;572;;;74444;227341;MDU;;2;0;0;2;Y;NA;4;;;;BUILDING template
KNOKKE-HEIST - FH06;BL0608;2759387;Sylvain Dupuisstraat;7;;;74486,438;227399,629;MDU;;4;1;0;5;Y;NA;4;;;;BUILDING template
KNOKKE-HEIST - FH06;BL0616;320331;Leopoldlaan;81;;;74644,199;227218,13;MDU;;10;1;0;11;Y;NA;4;;;;BUILDING template
KNOKKE-HEIST - FH06;BL0608;5579265;Zeedijk-Albertstrand;577;;;74462;227392;MDU;;22;0;0;22;Y;NA;4;;;;BUILDING template
KNOKKE-HEIST - FH06;BL0612;2759388;Sylvain Dupuisstraat;8;;;74499,548;227377,169;MDU;;8;1;0;9;Y;NA;4;;;;BUILDING template
KNOKKE-HEIST - FH06;BL0616;320332;Leopoldlaan;91;;;74657,549;227247,17;MDU;;8;1;0;9;Y;NA;4;;;;BUILDING template
KNOKKE-HEIST - FH06;BL0608;5579266;Zeedijk-Albertstrand;588;;;74431;227433;MDU;;3;0;0;3;Y;NA;4;;;;BUILDING template
KNOKKE-HEIST - FH06;BL0612;2759389;Sylvain Dupuisstraat;10;;;74506,548;227381,169;MDU;;0;3;0;3;Y;NA;4;;;;BUILDING template
KNOKKE-HEIST - FH06;BL0616;320333;Paul Parmentierlaan;174;;;74596,66;227147,84;MDU;;10;0;0;10;Y;NA;4;;;;BUILDING template
KNOKKE-HEIST - FH06;BL0602;5579299;Canadasquare;16;;;73984;227076;SDU;;1;0;0;1;Y;NA;1;;;;BUILDING template
KNOKKE-HEIST - FH06;BL0612;2759392;Sylvain Dupuisstraat;14;;;74514,548;227385,169;MDU;;9;2;0;11;Y;NA;4;;;;BUILDING template
KNOKKE-HEIST - FH06;BL0616;320336;Blancgarinstraat;27;;;74602,549;227274,17;MDU;;10;0;0;10;Y;NA;4;;;;BUILDING template
KNOKKE-HEIST - FH06;BL0602;5579300;Canadasquare;18;;;73994;227058;MDU;;10;0;0;10;Y;NA;4;;;;BUILDING template
KNOKKE-HEIST - FH06;BL0608;2759395;Sylvain Dupuisstraat;15;;;74499,548;227402,169;MDU;;3;0;0;3;Y;NA;4;;;;BUILDING template
KNOKKE-HEIST - FH06;BL0616;320337;Blancgarinstraat;23;;;74623,549;227271,17;MDU;;5;0;0;5;Y;NA;4;;;;BUILDING template
KNOKKE-HEIST - FH06;BL0602;5579301;Canadasquare;20;;;74001;227045;SDU;;1;0;0;1;Y;NA;1;;;;BUILDING template
KNOKKE-HEIST - FH06;BL0608;2759397;Sylvain Dupuisstraat;17;;;74505,548;227405,169;MDU;;3;0;0;3;Y;NA;4;;;;BUILDING template
KNOKKE-HEIST - FH06;BL0616;320338;Blancgarinstraat;21;;;74630,549;227270,17;MDU;;5;0;0;5;Y;NA;4;;;;BUILDING template
KNOKKE-HEIST - FH06;BL0608;5579349;Sylvain Dupuisstraat;3;;;74480;227393;MDU;;15;0;0;15;Y;NA;4;;;;BUILDING template
KNOKKE-HEIST - FH06;BL0612;2759398;Sylvain Dupuisstraat;18;;;74523,548;227390,169;MDU;;8;0;0;8;Y;NA;4;;;;BUILDING template
KNOKKE-HEIST - FH06;BL0616;320339;Blancgarinstraat;15;;;74658,03;227266,57;MDU;;8;0;0;8;Y;NA;4;;;;BUILDING template
KNOKKE-HEIST - FH06;BL0610;5579380;D Hooghestraat;3;;;74661;227515;MDU;;7;0;0;7;Y;NA;4;;;;BUILDING template
KNOKKE-HEIST - FH06;BL0608;2759400;Sylvain Dupuisstraat;19;;;74511,548;227408,169;MDU;;5;0;0;5;Y;NA;4;;;;BUILDING template
KNOKKE-HEIST - FH06;BL0616;320340;Blancgarinstraat;25;;;74615,549;227272,17;MDU;;5;0;0;5;Y;NA;4;;;;BUILDING template
KNOKKE-HEIST - FH06;BL0615;5579381;Julius Hostestraat;2;A;;74533;227281;SDU;;1;0;0;1;Y;NA;1;;;;BUILDING template
KNOKKE-HEIST - FH06;BL0612;2759401;Sylvain Dupuisstraat;20;;;74529,25;227393,28;MDU;;6;0;0;6;Y;NA;4;;;;BUILDING template
KNOKKE-HEIST - FH06;BL0608;337225;Sylvain Dupuisstraat;39;;;74574,548;227429,169;MDU;;6;0;0;6;Y;NA;4;;;;BUILDING template
KNOKKE-HEIST - FH06;BL0613;5579410;Koningslaan;141;;;74470;227322;MDU;;2;0;0;2;Y;NA;4;;;;BUILDING template
KNOKKE-HEIST - FH06;BL0612;2759402;Sylvain Dupuisstraat;22;;;74539,84;227386,3;MDU;;5;0;0;5;Y;NA;4;;;;BUILDING template
KNOKKE-HEIST - FH06;BL0608;337226;Sylvain Dupuisstraat;1;;;74479,548;227392,169;MDU;;14;1;0;15;Y;NA;4;;;;BUILDING template
KNOKKE-HEIST - FH06;BL0616;5579462;Leopoldlaan;83;;;74653;227220;MDU;;2;0;0;2;Y;NA;4;;;;BUILDING template
KNOKKE-HEIST - FH06;BL0608;2759404;Sylvain Dupuisstraat;23;;;74523,548;227414,169;MDU;;7;0;0;7;Y;NA;4;;;;BUILDING template
KNOKKE-HEIST - FH06;BL0608;337227;Sylvain Dupuisstraat;9;;;74486,438;227399,629;MDU;;5;1;0;6;Y;NA;4;;;;BUILDING template
KNOKKE-HEIST - FH06;BL0606;5579494;Meerminlaan;15;;;74356;227258;MDU;;12;0;0;12;Y;NA;4;;;;BUILDING template
KNOKKE-HEIST - FH06;BL0612;2759405;Sylvain Dupuisstraat;26;;;74540,51;227397,51;MDU;;50;0;0;50;Y;NA;4;;;;BUILDING template
KNOKKE-HEIST - FH06;BL0608;337228;Paul Parmentierlaan;283;;;74589,496;227476,623;MDU;;5;0;0;5;Y;NA;4;;;;BUILDING template
KNOKKE-HEIST - FH06;BL0604;5579517;Jozef Nellenslaan;163;;;74147;227089;MDU;;8;0;0;8;Y;NA;4;;;;BUILDING template
KNOKKE-HEIST - FH06;BL0608;2759406;Sylvain Dupuisstraat;27;;;74530,548;227417,169;MDU;;11;0;0;11;Y;NA;4;;;;BUILDING template
KNOKKE-HEIST - FH06;BL0608;337230;Zeedijk-Knokke;601;;;74449,918;227463,328;MDU;;12;0;0;12;N;MON;4;Monument;;;BUILDING template
KNOKKE-HEIST - FH06;BL0614;5579519;Jozef Nellenslaan;182;;;74468;227274;MDU;;12;0;0;12;Y;NA;4;;;;BUILDING template
KNOKKE-HEIST - FH06;BL0608;2759408;Sylvain Dupuisstraat;29;;;74538,548;227421,169;MDU;;9;0;0;9;Y;NA;4;;;;BUILDING template
KNOKKE-HEIST - FH06;BL0608;337231;Zeedijk-Knokke;602;;;74459,25;227469,29;MDU;;9;0;0;9;Y;NA;4;;;;BUILDING template
KNOKKE-HEIST - FH06;BL0606;5579520;Jozef Nellenslaan;201;;;74366;227241;SDU;;1;0;0;1;Y;NA;1;;;;BUILDING template
KNOKKE-HEIST - FH06;BL0608;2759410;Sylvain Dupuisstraat;31;;;74545,548;227424,169;MDU;;12;0;0;12;Y;NA;4;;;;BUILDING template
KNOKKE-HEIST - FH06;BL0608;337232;Zeedijk-Knokke;603;;;74465,548;227472,168;MDU;;8;0;0;8;Y;NA;4;;;;BUILDING template
KNOKKE-HEIST - FH06;BL0609;5579537;Paul Parmentierlaan;248;;;74619;227484;MDU;;10;0;0;10;Y;NA;4;;;;BUILDING template
KNOKKE-HEIST - FH06;BL0608;2759412;Sylvain Dupuisstraat;33;;;74553,548;227426,169;MDU;;5;0;0;5;Y;NA;4;;;;BUILDING template
KNOKKE-HEIST - FH06;BL0608;337233;Zeedijk-Knokke;631;;;74590,777;227529,659;MDU;;24;0;0;24;Y;NA;4;;;;BUILDING template
KNOKKE-HEIST - FH06;BL0608;6025621;Paul Parmentierlaan;293;;;74592;227509;MDU;;12;0;0;12;Y;NA;4;;;;BUILDING template
KNOKKE-HEIST - FH06;BL0608;2759417;Sylvain Dupuisstraat;37;;;74568,548;227428,169;MDU;;5;0;0;5;Y;NA;4;;;;BUILDING template
KNOKKE-HEIST - FH06;BL0608;337234;Zeedijk-Knokke;624;;;74556,547;227518,169;MDU;;12;0;0;12;Y;NA;4;;;;BUILDING template
KNOKKE-HEIST - FH06;BL0604;6307183;Canadasquare;12;;;74108;227132;SDU;;1;0;0;1;Y;NA;1;;;;BUILDING template
KNOKKE-HEIST - FH06;BL0609;2759423;Sylvain Dupuisstraat;43;;;74627,459;227428,17;MDU;;16;0;0;16;Y;NA;4;;;;BUILDING template
KNOKKE-HEIST - FH06;BL0608;337236;Zeedijk-Knokke;615;;;74519,547;227499,169;MDU;;14;1;0;15;Y;NA;4;;;;BUILDING template
KNOKKE-HEIST - FH06;BL0613;6380609;Zeedijk-Albertstrand;555;;;74373;227309;SDU;;1;0;0;1;Y;NA;1;;;;BUILDING template
KNOKKE-HEIST - FH06;BL0611;2759428;Sylvain Dupuisstraat;48;;;74628,905;227397,414;MDU;;5;0;0;5;Y;NA;4;;;;BUILDING template
KNOKKE-HEIST - FH06;BL0608;337237;Zeedijk-Knokke;616;;;74519,547;227499,169;SDU;;1;0;0;1;Y;NA;1;;;;BUILDING template
KNOKKE-HEIST - FH06;BL0613;6386928;Jozef Nellenslaan;205;;;74405;227266;SDU;;1;0;0;1;Y;NA;1;;;;BUILDING template
KNOKKE-HEIST - FH06;BL0609;2759429;Sylvain Dupuisstraat;49;;;74648,357;227423,96;MDU;;4;0;0;4;Y;NA;4;;;;BUILDING template
KNOKKE-HEIST - FH06;BL0610;337325;Leopoldlaan;125;;;74688,547;227489,17;MDU;;9;0;0;9;Y;NA;4;;;;BUILDING template
KNOKKE-HEIST - FH06;BL0613;6389863;Zeedijk-Albertstrand;553;;;74373;227309;SDU;;1;0;0;1;Y;NA;1;;;;BUILDING template
KNOKKE-HEIST - FH06;BL0609;2760502;D Hooghestraat;2;B;;74646,827;227524,29;SDU;;1;0;0;1;Y;NA;1;;;;BUILDING template
KNOKKE-HEIST - FH06;BL0609;337326;Leopoldlaan;119;;;74676,14;227427,444;MDU;;6;0;0;6;Y;NA;4;;;;BUILDING template
KNOKKE-HEIST - FH06;BL0602;6389864;Zeedijk-Albertstrand;503;;;73935;227083;SDU;;1;0;0;1;Y;NA;1;;;;BUILDING template
KNOKKE-HEIST - FH06;BL0610;2760506;D Hooghestraat;9;;;74659,21;227506,03;MDU;;4;0;0;4;Y;NA;4;Beschermd Erfgoed;;;BUILDING template
KNOKKE-HEIST - FH06;BL0609;337327;Leopoldlaan;123;;;74678,14;227439,444;MDU;;5;0;0;5;Y;NA;4;;;;BUILDING template
KNOKKE-HEIST - FH06;BL0613;6407944;Zeedijk-Albertstrand;554;;;74373;227309;SDU;;1;0;0;1;Y;NA;1;;;;BUILDING template
KNOKKE-HEIST - FH06;BL0609;2760507;D Hooghestraat;10;;;74645,02;227485,17;MDU;;4;0;0;4;Y;NA;4;;;;BUILDING template
KNOKKE-HEIST - FH06;BL0609;337328;D Hooghestraat;2;;;74648,65;227541,19;SDU;;1;0;0;1;Y;NA;1;;;;BUILDING template
KNOKKE-HEIST - FH06;BL0612;6436632;Paul Parmentierlaan;269;A;;74584;227407;SDU;;1;0;0;1;Y;NA;1;;;;BUILDING template
KNOKKE-HEIST - FH06;BL0615;2760512;Julius Hostestraat;4;;;74553,549;227279,169;MDU;;13;0;0;13;Y;NA;4;;;;BUILDING template
KNOKKE-HEIST - FH06;BL0610;337329;D Hooghestraat;1;;;74664,21;227544,67;MDU;;5;0;0;5;Y;NA;4;;;;BUILDING template
KNOKKE-HEIST - FH06;BL0613;6455780;Koningslaan;135;A;;74476;227310;SDU;;1;0;0;1;Y;NA;1;;;;BUILDING template
KNOKKE-HEIST - FH06;BL0612;2760514;Julius Hostestraat;5;;;74536,549;227302,169;MDU;;6;0;0;6;Y;NA;4;;;;BUILDING template
KNOKKE-HEIST - FH06;BL0609;337330;D Hooghestraat;14;;;74641,46;227473,32;MDU;;3;0;0;3;Y;NA;4;;;;BUILDING template
KNOKKE-HEIST - FH06;BL0609;6459808;Paul Parmentierlaan;244;A;;74622;227458;SDU;;1;0;0;1;Y;NA;1;;;;BUILDING template
KNOKKE-HEIST - FH06;BL0612;2760516;Julius Hostestraat;9;;;74554,134;227302,219;MDU;;3;0;0;3;Y;NA;4;;;;BUILDING template
KNOKKE-HEIST - FH06;BL0610;337331;D Hooghestraat;11;;;74660,53;227495,81;MDU;;14;0;0;14;Y;NA;4;;;;BUILDING template
KNOKKE-HEIST - FH06;BL0602;6524223;Jozef Nellenslaan;159;;;73994;227030;SDU;;1;0;0;1;Y;NA;1;;;;BUILDING template
KNOKKE-HEIST - FH06;BL0612;2760517;Julius Hostestraat;11;;;74559,48;227302,94;MDU;;3;0;0;3;Y;NA;4;;;;BUILDING template
KNOKKE-HEIST - FH06;BL0609;337332;Sylvain Dupuisstraat;41;;;74617,668;227427,32;MDU;;9;0;0;9;Y;NA;4;;;;BUILDING template
KNOKKE-HEIST - FH06;BL0608;6525366;Zeedijk-Albertstrand;582;;;74445;227405;MDU;;2;0;0;2;Y;NA;4;;;;BUILDING template
KNOKKE-HEIST - FH06;BL0608;2761403;Zeedijk-Knokke;605;;;74471,548;227475,168;MDU;;12;0;0;12;Y;NA;4;;;;BUILDING template
KNOKKE-HEIST - FH06;BL0609;337334;Paul Parmentierlaan;238;;;74619,085;227433,688;MDU;;3;0;0;3;Y;NA;4;;;;BUILDING template
KNOKKE-HEIST - FH06;BL0608;2761404;Zeedijk-Knokke;606;;;74479,24;227478,99;MDU;;9;0;0;9;Y;NA;4;;;;BUILDING template
KNOKKE-HEIST - FH06;BL0609;337336;Paul Parmentierlaan;260;;;74621,547;227537,169;MDU;;15;0;0;15;Y;NA;4;;;;BUILDING template
KNOKKE-HEIST - FH06;BL0608;2761405;Zeedijk-Knokke;607;;;74485,548;227482,168;MDU;;6;0;0;6;Y;NA;4;;;;BUILDING template
KNOKKE-HEIST - FH06;BL0609;337338;Paul Parmentierlaan;246;;;74618,547;227483,169;MDU;;25;0;0;25;Y;NA;4;;;;BUILDING template
KNOKKE-HEIST - FH06;BL0608;2761407;Zeedijk-Knokke;608;;;74497,51;227481,79;MDU;;14;1;0;15;Y;NA;4;;;;BUILDING template
KNOKKE-HEIST - FH06;BL0609;337340;Paul Parmentierlaan;236;A;;74614,203;227431,543;SDU;;0;1;0;1;Y;NA;1;;;;BUILDING template
KNOKKE-HEIST - FH06;BL0608;2761410;Zeedijk-Knokke;610;;;74497,51;227481,79;SDU;;0;1;0;1;Y;NA;1;;;;BUILDING template
KNOKKE-HEIST - FH06;BL0609;337342;Zeedijk-Knokke;633;;;74628,447;227555,029;MDU;;24;2;0;26;Y;NA;4;;;;BUILDING template
KNOKKE-HEIST - FH06;BL0608;2761411;Zeedijk-Knokke;611;;;74501,548;227491,169;MDU;;8;1;0;9;Y;NA;4;;;;BUILDING template
KNOKKE-HEIST - FH06;BL0610;337346;Zeedijk-Knokke;638;;;74667,86;227563,15;MDU;;15;0;0;15;Y;NA;4;;;;BUILDING template
KNOKKE-HEIST - FH06;BL0608;2761413;Zeedijk-Knokke;613;;;74510,547;227495,169;MDU;;22;0;0;22;Y;NA;4;;;;BUILDING template
KNOKKE-HEIST - FH06;BL0610;337348;Zeedijk-Knokke;639;;;74693,547;227541,17;MDU;;83;0;0;83;Y;NA;4;;;;BUILDING template
KNOKKE-HEIST - FH06;BL0608;2761415;Zeedijk-Knokke;617;;;74528,547;227504,169;MDU;;7;1;0;8;Y;NA;4;Beschermd Erfgoed;;;BUILDING template
KNOKKE-HEIST - FH06;BL0609;337350;Zeedijk-Knokke;636;;;74641,547;227560,17;MDU;;9;0;0;9;Y;NA;4;;;;BUILDING template
KNOKKE-HEIST - FH06;BL0608;2761416;Zeedijk-Knokke;618;;;74528,547;227504,169;MDU;;4;0;0;4;Y;NA;4;;;;BUILDING template
KNOKKE-HEIST - FH06;BL0609;337352;Zeedijk-Knokke;637;;;74649,547;227563,17;MDU;;14;1;0;15;Y;NA;4;;;;BUILDING template
KNOKKE-HEIST - FH06;BL0608;2761423;Zeedijk-Knokke;623;;;74549,547;227515,169;MDU;;9;0;0;9;Y;NA;4;;;;BUILDING template
KNOKKE-HEIST - FH06;BL0613;337749;Meerminlaan;48;;;74366,978;227293,708;MDU;;62;2;0;64;Y;NA;4;;;;BUILDING template
KNOKKE-HEIST - FH06;BL0608;2761426;Zeedijk-Knokke;625;;;74564,15;227522,63;MDU;;8;1;0;9;Y;NA;4;;;;BUILDING template
KNOKKE-HEIST - FH06;BL0613;337751;Koningslaan;139;;;74465,743;227319,468;MDU;;13;0;0;13;Y;NA;4;;;;BUILDING template
KNOKKE-HEIST - FH06;BL0608;2761427;Zeedijk-Knokke;627;;;74572,547;227527,169;MDU;;11;0;0;11;Y;NA;4;;;;BUILDING template
KNOKKE-HEIST - FH06;BL0613;337753;Koningslaan;135;;;74472,495;227309,369;MDU;;6;1;0;7;Y;NA;4;;;;BUILDING template
KNOKKE-HEIST - FH06;BL0608;2761433;Zeedijk-Knokke;629;;;74579,547;227530,169;MDU;;7;1;0;8;Y;NA;4;;;;BUILDING template
KNOKKE-HEIST - FH06;BL0613;337755;Jozef Nellenslaan;227;;;74475,587;227303,983;MDU;;13;1;0;14;Y;NA;4;;;;BUILDING template
KNOKKE-HEIST - FH06;BL0608;2761434;Zeedijk-Knokke;630;;;74579,547;227530,169;SDU;;1;0;0;1;Y;NA;1;;;;BUILDING template
KNOKKE-HEIST - FH06;BL0612;337809;Sylvain Dupuisstraat;38;;;74574,548;227407,169;SDU;;0;1;0;1;Y;NA;1;;;;BUILDING template
KNOKKE-HEIST - FH06;BL0609;2761443;Zeedijk-Knokke;634;;;74634,537;227558,25;MDU;;3;0;0;3;Y;NA;4;;;;BUILDING template
KNOKKE-HEIST - FH06;BL0612;337810;Sylvain Dupuisstraat;2;;;74487,548;227370,169;MDU;;14;0;0;14;Y;NA;4;;;;BUILDING template
KNOKKE-HEIST - FH06;BL0614;2761866;Koningslaan;97;;;74484,55;227168,169;MDU;;5;0;0;5;Y;NA;4;;;;BUILDING template
KNOKKE-HEIST - FH06;BL0612;337812;Koningslaan;252;;;74478,549;227363,169;MDU;;5;1;0;6;Y;NA;4;;;;BUILDING template
KNOKKE-HEIST - FH06;BL0614;2761869;Koningslaan;99;;;74475,91;227178,32;MDU;;11;0;0;11;Y;NA;4;;;;BUILDING template
KNOKKE-HEIST - FH06;BL0612;337813;Paul Parmentierlaan;241;;;74576,22;227301,11;MDU;;8;0;0;8;Y;NA;4;;;;BUILDING template
KNOKKE-HEIST - FH06;BL0614;2761873;Koningslaan;103;;;74486,48;227185,999;MDU;;5;0;0;5;Y;NA;4;;;;BUILDING template
KNOKKE-HEIST - FH06;BL0612;337814;Paul Parmentierlaan;269;;;74583,79;227407,06;MDU;;5;1;0;6;Y;NA;4;;;;BUILDING template
KNOKKE-HEIST - FH06;BL0614;2761879;Koningslaan;107;;;74488,55;227200,169;MDU;;12;0;0;12;Y;NA;4;;;;BUILDING template
KNOKKE-HEIST - FH06;BL0612;337815;Julius Hostestraat;1;;;74518,549;227303,169;MDU;;18;0;0;18;Y;NA;4;;;;BUILDING template
KNOKKE-HEIST - FH06;BL0614;2761884;Koningslaan;113;;;74488,55;227208,169;MDU;;5;0;0;5;Y;NA;4;;;;BUILDING template
KNOKKE-HEIST - FH06;BL0612;337816;Julius Hostestraat;13;;;74567,36;227300,91;MDU;;7;0;0;7;Y;NA;4;;;;BUILDING template
KNOKKE-HEIST - FH06;BL0614;2761886;Koningslaan;115;;;74488,55;227214,169;MDU;;11;1;0;12;Y;NA;4;;;;BUILDING template
KNOKKE-HEIST - FH06;BL0611;337845;Leopoldlaan;117;;;74674,112;227397,079;SDU;;0;1;0;1;Y;NA;1;;;;BUILDING template
KNOKKE-HEIST - FH06;BL0614;2761889;Koningslaan;119;;;74489,55;227227,169;MDU;;17;2;0;19;Y;NA;4;;;;BUILDING template
KNOKKE-HEIST - FH06;BL0611;337846;Leopoldlaan;95;;;74666,95;227292,986;MDU;;12;1;0;13;Y;NA;4;;;;BUILDING template
KNOKKE-HEIST - FH06;BL0614;2761893;Koningslaan;123;;;74490,72;227244,02;MDU;;5;0;0;5;Y;NA;4;Beschermd Erfgoed;;;BUILDING template
KNOKKE-HEIST - FH06;BL0611;337847;Sylvain Dupuisstraat;64;;;74668,156;227397,404;MDU;;5;0;0;5;Y;NA;4;;;;BUILDING template
KNOKKE-HEIST - FH06;BL0613;2761904;Koningslaan;137;;;74469,477;227314,219;MDU;;6;1;0;7;Y;NA;4;;;;BUILDING template
KNOKKE-HEIST - FH06;BL0611;337848;Sylvain Dupuisstraat;44;;;74621,27;227400,855;MDU;;6;0;0;6;Y;NA;4;;;;BUILDING template
KNOKKE-HEIST - FH06;BL0613;2761907;Koningslaan;143;;;74461,65;227326,889;MDU;;6;1;0;7;Y;NA;4;;;;BUILDING template
KNOKKE-HEIST - FH06;BL0611;337849;Sylvain Dupuisstraat;62;;;74661,833;227397,97;MDU;;4;0;0;4;Y;NA;4;;;;BUILDING template
KNOKKE-HEIST - FH06;BL0613;2761913;Koningslaan;149;;;74460,436;227338,531;MDU;;0;3;0;3;Y;NA;4;;;;BUILDING template
KNOKKE-HEIST - FH06;BL0611;337850;Blancgarinstraat;30;;;74607,77;227298,65;MDU;;33;0;0;33;Y;NA;4;;;;BUILDING template
KNOKKE-HEIST - FH06;BL0615;2761949;Koningslaan;198;;;74511,55;227163,169;MDU;;6;0;0;6;Y;NA;4;;;;BUILDING template
KNOKKE-HEIST - FH06;BL0611;337851;Blancgarinstraat;22;;;74642,95;227292,986;MDU;;7;0;0;7;Y;NA;4;;;;BUILDING template
KNOKKE-HEIST - FH06;BL0615;2761950;Koningslaan;200;;;74512,55;227171,169;MDU;;5;0;0;5;Y;NA;4;;;;BUILDING template
KNOKKE-HEIST - FH06;BL0615;3939519;Bayauxlaan;26;;;74560,68;227141,54;SDU;;1;0;0;1;Y;NA;1;;;;BUILDING template
KNOKKE-HEIST - FH06;BL0615;2761952;Koningslaan;202;;;74512,76;227178,81;MDU;;11;0;0;11;Y;NA;4;;;;BUILDING template
KNOKKE-HEIST - FH06;BL0615;3939521;Bayauxlaan;30;;;74543,82;227141,18;MDU;;9;1;0;10;Y;NA;4;;;;BUILDING template
KNOKKE-HEIST - FH06;BL0615;2761955;Koningslaan;206;;;74513,55;227191,169;MDU;;6;0;0;6;Y;NA;4;;;;BUILDING template
KNOKKE-HEIST - FH06;BL0616;3939602;Leopoldlaan;73;;;74650,55;227187,17;MDU;;3;0;0;3;Y;NA;4;Beschermd Erfgoed;;;BUILDING template
KNOKKE-HEIST - FH06;BL0615;2761956;Koningslaan;208;;;74513,55;227198,169;MDU;;14;0;0;14;Y;NA;4;;;;BUILDING template
KNOKKE-HEIST - FH06;BL0601;3939626;Jozef Nellenslaan;145;;;73921,483;226997,909;MDU;;4;0;0;4;Y;NA;4;;;;BUILDING template
KNOKKE-HEIST - FH06;BL0615;2761958;Koningslaan;212;;;74514,55;227216,169;MDU;;15;0;0;15;Y;NA;4;;;;BUILDING template
KNOKKE-HEIST - FH06;BL0615;3939641;Paul Parmentierlaan;229;;;74572,549;227229,169;MDU;;7;0;0;7;Y;NA;4;Beschermd Erfgoed;;;BUILDING template
KNOKKE-HEIST - FH06;BL0615;2761961;Koningslaan;216;;;74516,55;227231,169;MDU;;9;0;0;9;Y;NA;4;;;;BUILDING template
KNOKKE-HEIST - FH06;BL0612;3939642;Paul Parmentierlaan;257;;;74581,548;227360,169;MDU;;3;0;0;3;Y;NA;4;;;;BUILDING template
KNOKKE-HEIST - FH06;BL0615;2761962;Koningslaan;220;;;74517,549;227239,169;MDU;;4;0;0;4;Y;NA;4;;;;BUILDING template
KNOKKE-HEIST - FH06;BL0616;3976701;Leopoldlaan;75;;;74650,55;227195,17;MDU;;3;0;0;3;Y;NA;4;Beschermd Erfgoed;;;BUILDING template
KNOKKE-HEIST - FH06;BL0615;2761964;Koningslaan;222;;;74517,549;227245,169;MDU;;5;0;0;5;Y;NA;4;;;;BUILDING template
KNOKKE-HEIST - FH06;BL0612;4032032;Paul Parmentierlaan;267;;;74584,98;227396,84;MDU;;10;0;0;10;Y;NA;4;;;;BUILDING template
