File SSV Action;File SSV Status;File SSV Error;Area Type;Area FID;Area Version;Area Name;Zoning FID;Zoning Version;Zoning Name;Zoning Id;Zoning Tech;BG Id;BG Version;BG Name;BG SSV Action;BG SSV Status;BG SSV Error;BG Building SSV Action;BG Building SSV Status;BG Building SSV Error;Building FID;Building Version;LAM MK;LAM City Code;LAM Street Code;Street;Nr;Suffix;Zip;Municipality;Suburb;xPos;yPos;Name;Wall Mount;SS Reason;Number Floors;Height Cable;Orig VC Type;New VC Type;VC Method;Intro Tube;Prov Status;Prov Reason;Prov Planned;Prov Mod By;Prov Mod Date;Comments;SSV Flag;SSV Action;SSV Status;SSV Error;SSV Date;Seq;LU Key;LAM SK;Nature;Nr TPs;PBox;App;Block;Floor;OtherRef;CAD;CAD Details;CAD Type;CAD Type Descr;CAD SubType;Prov Status LU;Prov Reason LU;Prov Planned LU;Prov Mod By LU;Prov Mod Date LU;Comments LU;SSV Flag LU;SSV Action LU;SSV Status LU;SSV Error LU;SSV Date LU;planrrr_bid;planrrr_uid
;;;Zoning;4547957;'20190716125726;W01-C-Roeselare-FH03;4547957;'20190716125726;W01-C-Roeselare-FH03;12266;FTTH-Cu;;';';;;;;;;;';;'56560000;'3137;Bollenstraat;'10;';8800;Roeselare;;'62320,44;'181971,53;;Y;NA;1;3;Unknown;Unknown;;None;;;;;;;Y;NEW;;;';;;;LU;1;;;;;;;;;;;;;;;;;N;NEW;;;';NB-88001029ae24;NB-88001029ae24---0
;;;Zoning;4547957;'20190716125726;W01-C-Roeselare-FH03;4547957;'20190716125726;W01-C-Roeselare-FH03;12266;FTTH-Cu;;';';;;;;;;;';;'56560000;'3137;Bollenstraat;'37;';8800;Roeselare;;'62537,29;'181950,85;;Y;NA;5;3;Unknown;Unknown;;None;;;;;;;Y;NEW;;;';;;;BU;1;;;;;;;;;;;;;;;;;N;NEW;;;';NB-8800379ea227;NB-8800379ea227---0
;;;Zoning;4547957;'20190716125726;W01-C-Roeselare-FH03;4547957;'20190716125726;W01-C-Roeselare-FH03;12266;FTTH-Cu;;';';;;;;;;;';;'56560000;'3650;Botermarkt;'2;';8800;Roeselare;;'62596,23;'182301,85;;Y;NA;3;12;Unknown;Unknown;;None;;;;;;;Y;NEW;;;';;;;LU;1;;;;;;;;;;;;;;;;;N;NEW;;;';NB-880023f7a47;NB-880023f7a47---0
;;;Zoning;4547957;'20190716125726;W01-C-Roeselare-FH03;4547957;'20190716125726;W01-C-Roeselare-FH03;12266;FTTH-Cu;;';';;;;;;;;';;'56560000;'3650;Botermarkt;'28;';8800;Roeselare;;'62690,71;'182281,14;;N;IRREG;9;;Unknown;Unknown;;None;;;;;;;Y;NEW;;;';;;;LU;1;;;;;;;;;;;;;;;;;N;NEW;;;';NB-8800286daa85;NB-8800286daa85---0
;;;Zoning;4547957;'20190716125726;W01-C-Roeselare-FH03;4547957;'20190716125726;W01-C-Roeselare-FH03;12266;FTTH-Cu;;';';;;;;;;;';;'56560000;'3650;Botermarkt;'28;';8800;Roeselare;;'62690,71;'182281,14;;N;IRREG;9;;Unknown;Unknown;;None;;;;;;;Y;NEW;;;';;;;LU;1;;;;;;;;;;;;;;;;;N;NEW;;;';NB-8800286daa85;NB-8800286daa85---1
;;;Zoning;4547957;'20190716125726;W01-C-Roeselare-FH03;4547957;'20190716125726;W01-C-Roeselare-FH03;12266;FTTH-Cu;;';';;;;;;;;';;'56560000;'3650;Botermarkt;'28;';8800;Roeselare;;'62690,71;'182281,14;;N;IRREG;9;;Unknown;Unknown;;None;;;;;;;Y;NEW;;;';;;;LU;1;;;;;;;;;;;;;;;;;N;NEW;;;';NB-8800286daa85;NB-8800286daa85---2
;;;Zoning;4547957;'20190716125726;W01-C-Roeselare-FH03;4547957;'20190716125726;W01-C-Roeselare-FH03;12266;FTTH-Cu;;';';;;;;;;;';;'56560000;'3650;Botermarkt;'28;';8800;Roeselare;;'62690,71;'182281,14;;N;IRREG;9;;Unknown;Unknown;;None;;;;;;;Y;NEW;;;';;;;LU;1;;;;;;;;;;;;;;;;;N;NEW;;;';NB-8800286daa85;NB-8800286daa85---3
;;;Zoning;4547957;'20190716125726;W01-C-Roeselare-FH03;4547957;'20190716125726;W01-C-Roeselare-FH03;12266;FTTH-Cu;;';';;;;;;;;';;'56560000;'3650;Botermarkt;'28;';8800;Roeselare;;'62690,71;'182281,14;;N;IRREG;9;;Unknown;Unknown;;None;;;;;;;Y;NEW;;;';;;;LU;1;;;;;;;;;;;;;;;;;N;NEW;;;';NB-8800286daa85;NB-8800286daa85---4
;;;Zoning;4547957;'20190716125726;W01-C-Roeselare-FH03;4547957;'20190716125726;W01-C-Roeselare-FH03;12266;FTTH-Cu;;';';;;;;;;;';;'56560000;'3650;Botermarkt;'28;';8800;Roeselare;;'62690,71;'182281,14;;N;IRREG;9;;Unknown;Unknown;;None;;;;;;;Y;NEW;;;';;;;LU;1;;;;;;;;;;;;;;;;;N;NEW;;;';NB-8800286daa85;NB-8800286daa85---5
;;;Zoning;4547957;'20190716125726;W01-C-Roeselare-FH03;4547957;'20190716125726;W01-C-Roeselare-FH03;12266;FTTH-Cu;;';';;;;;;;;';;'56560000;'3650;Botermarkt;'28;';8800;Roeselare;;'62690,71;'182281,14;;N;IRREG;9;;Unknown;Unknown;;None;;;;;;;Y;NEW;;;';;;;LU;1;;;;;;;;;;;;;;;;;N;NEW;;;';NB-8800286daa85;NB-8800286daa85---6
;;;Zoning;4547957;'20190716125726;W01-C-Roeselare-FH03;4547957;'20190716125726;W01-C-Roeselare-FH03;12266;FTTH-Cu;;';';;;;;;;;';;'56560000;'3650;Botermarkt;'28;';8800;Roeselare;;'62690,71;'182281,14;;N;IRREG;9;;Unknown;Unknown;;None;;;;;;;Y;NEW;;;';;;;LU;1;;;;;;;;;;;;;;;;;N;NEW;;;';NB-8800286daa85;NB-8800286daa85---7
;;;Zoning;4547957;'20190716125726;W01-C-Roeselare-FH03;4547957;'20190716125726;W01-C-Roeselare-FH03;12266;FTTH-Cu;;';';;;;;;;;';;'56560000;'3650;Botermarkt;'28;';8800;Roeselare;;'62690,71;'182281,14;;N;IRREG;9;;Unknown;Unknown;;None;;;;;;;Y;NEW;;;';;;;LU;1;;;;;;;;;;;;;;;;;N;NEW;;;';NB-8800286daa85;NB-8800286daa85---8
;;;Zoning;4547957;'20190716125726;W01-C-Roeselare-FH03;4547957;'20190716125726;W01-C-Roeselare-FH03;12266;FTTH-Cu;;';';;;;;;;;';;'56560000;'3650;Botermarkt;'28;';8800;Roeselare;;'62690,71;'182281,14;;N;IRREG;9;;Unknown;Unknown;;None;;;;;;;Y;NEW;;;';;;;LU;1;;;;;;;;;;;;;;;;;N;NEW;;;';NB-8800286daa85;NB-8800286daa85---9
;;;Zoning;4547957;'20190716125726;W01-C-Roeselare-FH03;4547957;'20190716125726;W01-C-Roeselare-FH03;12266;FTTH-Cu;;';';;;;;;;;';;'56560000;'3650;Botermarkt;'28;';8800;Roeselare;;'62690,71;'182281,14;;N;IRREG;9;;Unknown;Unknown;;None;;;;;;;Y;NEW;;;';;;;LU;1;;;;;;;;;;;;;;;;;N;NEW;;;';NB-8800286daa85;NB-8800286daa85---10
;;;Zoning;4547957;'20190716125726;W01-C-Roeselare-FH03;4547957;'20190716125726;W01-C-Roeselare-FH03;12266;FTTH-Cu;;';';;;;;;;;';;'56560000;'3650;Botermarkt;'28;';8800;Roeselare;;'62690,71;'182281,14;;N;IRREG;9;;Unknown;Unknown;;None;;;;;;;Y;NEW;;;';;;;LU;1;;;;;;;;;;;;;;;;;N;NEW;;;';NB-8800286daa85;NB-8800286daa85---11
;;;Zoning;4547957;'20190716125726;W01-C-Roeselare-FH03;4547957;'20190716125726;W01-C-Roeselare-FH03;12266;FTTH-Cu;;';';;;;;;;;';;'56560000;'5776;Damberdstraat;'41;';8800;Roeselare;;'62608,79;'181762,74;;Y;NA;3;4;Unknown;Unknown;;None;;;;;;;Y;NEW;;;';;;;LU;1;;;;;;;;;;;;;;;;;N;NEW;;;';NB-88004162a385;NB-88004162a385---0
;;;Zoning;4547957;'20190716125726;W01-C-Roeselare-FH03;4547957;'20190716125726;W01-C-Roeselare-FH03;12266;FTTH-Cu;;';';;;;;;;;';;'56560000;'6031;Delaerestraat;'1;';8800;Roeselare;;'62793,59;'182559,46;;Y;NA;1;4;Unknown;Unknown;;None;;;;;;;Y;NEW;;;';;;;LU;1;;;;;;;;;;;;;;;;;N;NEW;;;';NB-88001be7876;NB-88001be7876---0
;;;Zoning;4547957;'20190716125726;W01-C-Roeselare-FH03;4547957;'20190716125726;W01-C-Roeselare-FH03;12266;FTTH-Cu;;';';;;;;;;;';;'56560000;'6031;Delaerestraat;'14;';8800;Roeselare;;'62815,46;'182475,22;;Y;NA;2;3;Unknown;Unknown;;None;;;;;;;Y;NEW;;;';;;;LU;1;;;;;;;;;;;;;;;;;N;NEW;;;';NB-880014b0a446;NB-880014b0a446---0
;;;Zoning;4547957;'20190716125726;W01-C-Roeselare-FH03;4547957;'20190716125726;W01-C-Roeselare-FH03;12266;FTTH-Cu;;';';;;;;;;;';;'56560000;'6031;Delaerestraat;'37;';8800;Roeselare;;'62893,17;'182424,25;;Y;NA;1;3;Unknown;Unknown;;None;;;;;;;Y;NEW;;;';;;;BU;1;;;;;;;;;;;;;;;;;N;NEW;;;';NB-880037514848;NB-880037514848---0
;;;Zoning;4547957;'20190716125726;W01-C-Roeselare-FH03;4547957;'20190716125726;W01-C-Roeselare-FH03;12266;FTTH-Cu;;';';;;;;;;;';;'56560000;'9460;Gasstraat;'14;';8800;Roeselare;;'62985,15;'182584,36;;Y;NA;4;12;Unknown;Unknown;;None;;;;;;;Y;NEW;;;';;;;LU;1;;;;;;;;;;;;;;;;;N;NEW;;;';NB-8800142cb640;NB-8800142cb640---0
;;;Zoning;4547957;'20190716125726;W01-C-Roeselare-FH03;4547957;'20190716125726;W01-C-Roeselare-FH03;12266;FTTH-Cu;;';';;;;;;;;';;'56560000;'9460;Gasstraat;'15;';8800;Roeselare;;'62984,03;'182574,04;;Y;NA;4;12;Unknown;Unknown;;None;;;;;;;Y;NEW;;;';;;;LU;1;;;;;;;;;;;;;;;;;N;NEW;;;';NB-880015aa0166;NB-880015aa0166---0
;;;Zoning;4547957;'20190716125726;W01-C-Roeselare-FH03;4547957;'20190716125726;W01-C-Roeselare-FH03;12266;FTTH-Cu;;';';;;;;;;;';;'56560000;'28720;Hippoliet Spilleboutdreef;'8;';8800;Roeselare;;'62551,92;'181617,71;;N;IRREG;3;;Unknown;Unknown;;None;;;;;;;Y;NEW;;;';;;;LU;1;;;;;;;;;;;;;;;;;N;NEW;;;';NB-88008790748;NB-88008790748---0
;;;Zoning;4547957;'20190716125726;W01-C-Roeselare-FH03;4547957;'20190716125726;W01-C-Roeselare-FH03;12266;FTTH-Cu;;';';;;;;;;;';;'56560000;'12185;Hof van 't Henneken;'36;';8800;Roeselare;;'62557,05;'181857,59;;Y;NA;3;6;Unknown;Unknown;;None;;;;;;;Y;NEW;;;';;;;LU;1;;;;;;;;;;;;;;;;;N;NEW;;;';NB-880036c60394;NB-880036c60394---0
;;;Zoning;4547957;'20190716125726;W01-C-Roeselare-FH03;4547957;'20190716125726;W01-C-Roeselare-FH03;12266;FTTH-Cu;;';';;;;;;;;';;'56560000;'12185;Hof van 't Henneken;'5;';8800;Roeselare;;'62574,34;'181915,82;;Y;NA;3;3;Unknown;Unknown;;None;;;;;;;Y;NEW;;;';;;;LU;1;;;;;;;;;;;;;;;;;N;NEW;;;';NB-880057ab035;NB-880057ab035---0
;;;Zoning;4547957;'20190716125726;W01-C-Roeselare-FH03;4547957;'20190716125726;W01-C-Roeselare-FH03;12266;FTTH-Cu;;';';;;;;;;;';;'56560000;'12185;Hof van 't Henneken;'56;';8800;Roeselare;;'62555,46;'181813,32;;Y;NA;2;4;Unknown;Unknown;;None;;;;;;;Y;NEW;;;';;;;LU;1;;;;;;;;;;;;;;;;;N;NEW;;;';NB-8800560de627;NB-8800560de627---0
;;;Zoning;4547957;'20190716125726;W01-C-Roeselare-FH03;4547957;'20190716125726;W01-C-Roeselare-FH03;12266;FTTH-Cu;;';';;;;;;;;';;'56560000;'13709;Iepersestraat;'1;';8800;Roeselare;;'62539,97;'182092,57;;Y;NA;3;6;Unknown;Unknown;;None;;;;;;;Y;NEW;;;';;;;LU;1;;;;;;;;;;;;;;;;;N;NEW;;;';NB-88001af6827;NB-88001af6827---0
;;;Zoning;4547957;'20190716125726;W01-C-Roeselare-FH03;4547957;'20190716125726;W01-C-Roeselare-FH03;12266;FTTH-Cu;;';';;;;;;;;';;'56560000;'13709;Iepersestraat;'1;';8800;Roeselare;;'62539,97;'182092,57;;Y;NA;3;6;Unknown;Unknown;;None;;;;;;;Y;NEW;;;';;;;LU;1;;;;;;;;;;;;;;;;;N;NEW;;;';NB-88001af6827;NB-88001af6827---1
;;;Zoning;4547957;'20190716125726;W01-C-Roeselare-FH03;4547957;'20190716125726;W01-C-Roeselare-FH03;12266;FTTH-Cu;;';';;;;;;;;';;'56560000;'13709;Iepersestraat;'1;';8800;Roeselare;;'62539,97;'182092,57;;Y;NA;3;6;Unknown;Unknown;;None;;;;;;;Y;NEW;;;';;;;LU;1;;;;;;;;;;;;;;;;;N;NEW;;;';NB-88001af6827;NB-88001af6827---2
;;;Zoning;4547957;'20190716125726;W01-C-Roeselare-FH03;4547957;'20190716125726;W01-C-Roeselare-FH03;12266;FTTH-Cu;;';';;;;;;;;';;'56560000;'13709;Iepersestraat;'1;';8800;Roeselare;;'62539,97;'182092,57;;Y;NA;3;6;Unknown;Unknown;;None;;;;;;;Y;NEW;;;';;;;LU;1;;;;;;;;;;;;;;;;;N;NEW;;;';NB-88001af6827;NB-88001af6827---3
;;;Zoning;4547957;'20190716125726;W01-C-Roeselare-FH03;4547957;'20190716125726;W01-C-Roeselare-FH03;12266;FTTH-Cu;;';';;;;;;;;';;'56560000;'13709;Iepersestraat;'1;';8800;Roeselare;;'62539,97;'182092,57;;Y;NA;3;6;Unknown;Unknown;;None;;;;;;;Y;NEW;;;';;;;LU;1;;;;;;;;;;;;;;;;;N;NEW;;;';NB-88001af6827;NB-88001af6827---4
;;;Zoning;4547957;'20190716125726;W01-C-Roeselare-FH03;4547957;'20190716125726;W01-C-Roeselare-FH03;12266;FTTH-Cu;;';';;;;;;;;';;'56560000;'13709;Iepersestraat;'1;';8800;Roeselare;;'62539,97;'182092,57;;Y;NA;3;6;Unknown;Unknown;;None;;;;;;;Y;NEW;;;';;;;LU;1;;;;;;;;;;;;;;;;;N;NEW;;;';NB-88001af6827;NB-88001af6827---5
;;;Zoning;4547957;'20190716125726;W01-C-Roeselare-FH03;4547957;'20190716125726;W01-C-Roeselare-FH03;12266;FTTH-Cu;;';';;;;;;;;';;'56560000;'13709;Iepersestraat;'1;';8800;Roeselare;;'62539,97;'182092,57;;Y;NA;3;6;Unknown;Unknown;;None;;;;;;;Y;NEW;;;';;;;LU;1;;;;;;;;;;;;;;;;;N;NEW;;;';NB-88001af6827;NB-88001af6827---6
;;;Zoning;4547957;'20190716125726;W01-C-Roeselare-FH03;4547957;'20190716125726;W01-C-Roeselare-FH03;12266;FTTH-Cu;;';';;;;;;;;';;'56560000;'13709;Iepersestraat;'123;'A;8800;Roeselare;;'62192,61;'181959,86;;Y;NA;2;6;Unknown;Unknown;;None;;;;;;;Y;NEW;;;';;;;LU;1;;;;;;;;;;;;;;;;;N;NEW;;;';NB-8800123A0987;NB-8800123A0987---0
;;;Zoning;4547957;'20190716125726;W01-C-Roeselare-FH03;4547957;'20190716125726;W01-C-Roeselare-FH03;12266;FTTH-Cu;;';';;;;;;;;';;'56560000;'13709;Iepersestraat;'157;'A;8800;Roeselare;;'62005,07;'181844,42;;Y;NA;3;6;Unknown;Unknown;;None;;;;;;;Y;NEW;;;';;;;LU;1;;;;;;;;;;;;;;;;;N;NEW;;;';NB-8800157A8809;NB-8800157A8809---0
;;;Zoning;4547957;'20190716125726;W01-C-Roeselare-FH03;4547957;'20190716125726;W01-C-Roeselare-FH03;12266;FTTH-Cu;;';';;;;;;;;';;'56560000;'13709;Iepersestraat;'157;'A;8800;Roeselare;;'62005,07;'181844,42;;Y;NA;3;6;Unknown;Unknown;;None;;;;;;;Y;NEW;;;';;;;LU;1;;;;;;;;;;;;;;;;;N;NEW;;;';NB-8800157A8809;NB-8800157A8809---1
;;;Zoning;4547957;'20190716125726;W01-C-Roeselare-FH03;4547957;'20190716125726;W01-C-Roeselare-FH03;12266;FTTH-Cu;;';';;;;;;;;';;'56560000;'13709;Iepersestraat;'157;'A;8800;Roeselare;;'62005,07;'181844,42;;Y;NA;3;6;Unknown;Unknown;;None;;;;;;;Y;NEW;;;';;;;LU;1;;;;;;;;;;;;;;;;;N;NEW;;;';NB-8800157A8809;NB-8800157A8809---2
;;;Zoning;4547957;'20190716125726;W01-C-Roeselare-FH03;4547957;'20190716125726;W01-C-Roeselare-FH03;12266;FTTH-Cu;;';';;;;;;;;';;'56560000;'13709;Iepersestraat;'157;'A;8800;Roeselare;;'62005,07;'181844,42;;Y;NA;3;6;Unknown;Unknown;;None;;;;;;;Y;NEW;;;';;;;LU;1;;;;;;;;;;;;;;;;;N;NEW;;;';NB-8800157A8809;NB-8800157A8809---3
;;;Zoning;4547957;'20190716125726;W01-C-Roeselare-FH03;4547957;'20190716125726;W01-C-Roeselare-FH03;12266;FTTH-Cu;;';';;;;;;;;';;'56560000;'13709;Iepersestraat;'165;'A;8800;Roeselare;;'61948,6305162;'181816,627132;;N;IRREG;3;;Unknown;Unknown;X - Awaiting decision on B;None;;;;;;;Y;NEW;;;';;;;LU;1;;;;;;;;;;;;;;;;;N;NEW;;;';NB-8800165A0c38;NB-8800165A0c38---0
;;;Zoning;4547957;'20190716125726;W01-C-Roeselare-FH03;4547957;'20190716125726;W01-C-Roeselare-FH03;12266;FTTH-Cu;;';';;;;;;;;';;'56560000;'13709;Iepersestraat;'165;'A;8800;Roeselare;;'61948,6305162;'181816,627132;;N;IRREG;3;;Unknown;Unknown;X - Awaiting decision on B;None;;;;;;;Y;NEW;;;';;;;LU;1;;;;;;;;;;;;;;;;;N;NEW;;;';NB-8800165A0c38;NB-8800165A0c38---1
;;;Zoning;4547957;'20190716125726;W01-C-Roeselare-FH03;4547957;'20190716125726;W01-C-Roeselare-FH03;12266;FTTH-Cu;;';';;;;;;;;';;'56560000;'13709;Iepersestraat;'165;'A;8800;Roeselare;;'61948,6305162;'181816,627132;;N;IRREG;3;;Unknown;Unknown;X - Awaiting decision on B;None;;;;;;;Y;NEW;;;';;;;LU;1;;;;;;;;;;;;;;;;;N;NEW;;;';NB-8800165A0c38;NB-8800165A0c38---2
;;;Zoning;4547957;'20190716125726;W01-C-Roeselare-FH03;4547957;'20190716125726;W01-C-Roeselare-FH03;12266;FTTH-Cu;;';';;;;;;;;';;'56560000;'13709;Iepersestraat;'165;'A;8800;Roeselare;;'61948,6305162;'181816,627132;;N;IRREG;3;;Unknown;Unknown;X - Awaiting decision on B;None;;;;;;;Y;NEW;;;';;;;LU;1;;;;;;;;;;;;;;;;;N;NEW;;;';NB-8800165A0c38;NB-8800165A0c38---3
;;;Zoning;4547957;'20190716125726;W01-C-Roeselare-FH03;4547957;'20190716125726;W01-C-Roeselare-FH03;12266;FTTH-Cu;;';';;;;;;;;';;'56560000;'13709;Iepersestraat;'165;'A;8800;Roeselare;;'61948,6305162;'181816,627132;;N;IRREG;3;;Unknown;Unknown;X - Awaiting decision on B;None;;;;;;;Y;NEW;;;';;;;LU;1;;;;;;;;;;;;;;;;;N;NEW;;;';NB-8800165A0c38;NB-8800165A0c38---4
;;;Zoning;4547957;'20190716125726;W01-C-Roeselare-FH03;4547957;'20190716125726;W01-C-Roeselare-FH03;12266;FTTH-Cu;;';';;;;;;;;';;'56560000;'13709;Iepersestraat;'165;'A;8800;Roeselare;;'61948,6305162;'181816,627132;;N;IRREG;3;;Unknown;Unknown;X - Awaiting decision on B;None;;;;;;;Y;NEW;;;';;;;LU;1;;;;;;;;;;;;;;;;;N;NEW;;;';NB-8800165A0c38;NB-8800165A0c38---5
;;;Zoning;4547957;'20190716125726;W01-C-Roeselare-FH03;4547957;'20190716125726;W01-C-Roeselare-FH03;12266;FTTH-Cu;;';';;;;;;;;';;'56560000;'13709;Iepersestraat;'165;'A;8800;Roeselare;;'61948,6305162;'181816,627132;;N;IRREG;3;;Unknown;Unknown;X - Awaiting decision on B;None;;;;;;;Y;NEW;;;';;;;SU;1;;;;;;;;;;;;;;;;;N;NEW;;;';NB-8800165A0c38;
;;;Zoning;4547957;'20190716125726;W01-C-Roeselare-FH03;4547957;'20190716125726;W01-C-Roeselare-FH03;12266;FTTH-Cu;;';';;;;;;;;';;'56560000;'13709;Iepersestraat;'165;'B;8800;Roeselare;;'61966,8489738;'181811,595775;;N;IRREG;2;;Unknown;Unknown;D - Facade Box;None;;;;;;;Y;NEW;;;';;;;LU;1;;;;;;;;;;;;;;;;;N;NEW;;;';NB-8800165B0b53;NB-8800165B0b53---0
;;;Zoning;4547957;'20190716125726;W01-C-Roeselare-FH03;4547957;'20190716125726;W01-C-Roeselare-FH03;12266;FTTH-Cu;;';';;;;;;;;';;'56560000;'13709;Iepersestraat;'165;'B;8800;Roeselare;;'61966,8489738;'181811,595775;;N;IRREG;2;;Unknown;Unknown;D - Facade Box;None;;;;;;;Y;NEW;;;';;;;LU;1;;;;;;;;;;;;;;;;;N;NEW;;;';NB-8800165B0b53;NB-8800165B0b53---1
;;;Zoning;4547957;'20190716125726;W01-C-Roeselare-FH03;4547957;'20190716125726;W01-C-Roeselare-FH03;12266;FTTH-Cu;;';';;;;;;;;';;'56560000;'13709;Iepersestraat;'35;';8800;Roeselare;;'62405,29;'182068,06;;Y;NA;3;3;Unknown;Unknown;;None;;;;;;;Y;NEW;;;';;;;BU;1;;;;;;;;;;;;;;;;;N;NEW;;;';NB-880035b2d740;NB-880035b2d740---0
;;;Zoning;4547957;'20190716125726;W01-C-Roeselare-FH03;4547957;'20190716125726;W01-C-Roeselare-FH03;12266;FTTH-Cu;;';';;;;;;;;';;'56560000;'13709;Iepersestraat;'47;';8800;Roeselare;;'62371,4955674;'182062,7923;;N;GLASS;3;8;Unknown;Unknown;;None;;;;;;;Y;NEW;;;';;;;BU;1;;;;;;;;;;;;;;;;;N;NEW;;;';NB-880047a2fb57;NB-880047a2fb57---0
;;;Zoning;4547957;'20190716125726;W01-C-Roeselare-FH03;4547957;'20190716125726;W01-C-Roeselare-FH03;12266;FTTH-Cu;;';';;;;;;;;';;'56560000;'13709;Iepersestraat;'59;';8800;Roeselare;;'62340,3556426;'182063,758033;;Y;NA;2;3;Unknown;Unknown;;None;;;;;;;Y;NEW;;;';;;;BU;1;;;;;;;;;;;;;;;;;N;NEW;;;';NB-88005980a230;NB-88005980a230---1
;;;Zoning;4547957;'20190716125726;W01-C-Roeselare-FH03;4547957;'20190716125726;W01-C-Roeselare-FH03;12266;FTTH-Cu;;';';;;;;;;;';;'56560000;'13709;Iepersestraat;'59;';8800;Roeselare;;'62340,3556426;'182063,758033;;Y;NA;2;3;Unknown;Unknown;;None;;;;;;;Y;NEW;;;';;;;LU;1;;;;;;;;;;;;;;;;;N;NEW;;;';NB-88005980a230;NB-88005980a230---0
;;;Zoning;4547957;'20190716125726;W01-C-Roeselare-FH03;4547957;'20190716125726;W01-C-Roeselare-FH03;12266;FTTH-Cu;;';';;;;;;;;';;'56560000;'13709;Iepersestraat;'75;';8800;Roeselare;;'62300,1;'182023,32;;Y;NA;2;5;Unknown;Unknown;;None;;;;;;;Y;NEW;;;';;;;LU;1;;;;;;;;;;;;;;;;;N;NEW;;;';NB-880075a13794;NB-880075a13794---0
;;;Zoning;4547957;'20190716125726;W01-C-Roeselare-FH03;4547957;'20190716125726;W01-C-Roeselare-FH03;12266;FTTH-Cu;;';';;;;;;;;';;'56560000;'13709;Iepersestraat;'9;';8800;Roeselare;;'62510,82;'182093,62;;N;IRREG;3;8;Unknown;Unknown;;None;;;;;;;Y;NEW;;;';;;;BU;1;;;;;;;;;;;;;;;;;N;NEW;;;';NB-88009c6ec13;NB-88009c6ec13---0
;;;Zoning;4547957;'20190716125726;W01-C-Roeselare-FH03;4547957;'20190716125726;W01-C-Roeselare-FH03;12266;FTTH-Cu;;';';;;;;;;;';;'56560000;'13709;Iepersestraat;'91;';8800;Roeselare;;'62257,41;'181996,19;;Y;NA;3;3;Unknown;Unknown;;None;;;;;;;Y;NEW;;;';;;;LU;1;;;;;;;;;;;;;;;;;N;NEW;;;';NB-880091888e46;NB-880091888e46---0
;;;Zoning;4547957;'20190716125726;W01-C-Roeselare-FH03;4547957;'20190716125726;W01-C-Roeselare-FH03;12266;FTTH-Cu;;';';;;;;;;;';;'56560000;'415;Koning Albert I-laan;'6;';8800;Roeselare;;'63045,85;'182323,42;;N;IRREG;2;;Unknown;Unknown;;None;;;;;;;Y;NEW;;;';;;;BU;1;;;;;;;;;;;;;;;;;N;NEW;;;';NB-88006cd3a22;NB-88006cd3a22---0
;;;Zoning;4547957;'20190716125726;W01-C-Roeselare-FH03;4547957;'20190716125726;W01-C-Roeselare-FH03;12266;FTTH-Cu;;';';;;;;;;;';;'56560000;'415;Koning Albert I-laan;'62;';8800;Roeselare;;'62970,95;'181960,91;;N;IRREG;3;;Unknown;Unknown;;None;;;;;;;Y;NEW;;;';;;;LU;1;;;;;;;;;;;;;;;;;N;NEW;;;';NB-880062421b26;NB-880062421b26---0
;;;Zoning;4547957;'20190716125726;W01-C-Roeselare-FH03;4547957;'20190716125726;W01-C-Roeselare-FH03;12266;FTTH-Cu;;';';;;;;;;;';;'56560000;'18241;Leenstraat;'7;';8800;Roeselare;;'62780,89;'182338,75;;Y;NA;4;8;Unknown;Unknown;;None;;;;;;;Y;NEW;;;';;;;LU;1;;;;;;;;;;;;;;;;;N;NEW;;;';NB-88007082f78;NB-88007082f78---0
;;;Zoning;4547957;'20190716125726;W01-C-Roeselare-FH03;4547957;'20190716125726;W01-C-Roeselare-FH03;12266;FTTH-Cu;;';';;;;;;;;';;'56560000;'20159;Meensesteenweg;'116;';8800;Roeselare;;'62336,23;'181660,76;;Y;NA;3;9;Unknown;Unknown;;None;;;;;;;Y;NEW;;;';;;;LU;1;;;;;;;;;;;;;;;;;N;NEW;;;';NB-8800116742b23;NB-8800116742b23---0
;;;Zoning;4547957;'20190716125726;W01-C-Roeselare-FH03;4547957;'20190716125726;W01-C-Roeselare-FH03;12266;FTTH-Cu;;';';;;;;;;;';;'56560000;'20159;Meensesteenweg;'14;';8800;Roeselare;;'62402,9378281;'182027,172181;;N;HEIGHT;1;8;Unknown;Unknown;;None;;;;;;;Y;NEW;;;';;;;BU;1;;;;;;;;;;;;;;;;;N;NEW;;;';NB-880014cdce18;NB-880014cdce18---0
;;;Zoning;4547957;'20190716125726;W01-C-Roeselare-FH03;4547957;'20190716125726;W01-C-Roeselare-FH03;12266;FTTH-Cu;;';';;;;;;;;';;'56560000;'20159;Meensesteenweg;'177;';8800;Roeselare;;'62328,31;'181492,05;;Y;NA;3;6;Unknown;Unknown;;None;;;;;;;Y;NEW;;;';;;;LU;1;;;;;;;;;;;;;;;;;N;NEW;;;';NB-880017703cf93;NB-880017703cf93---0
;;;Zoning;4547957;'20190716125726;W01-C-Roeselare-FH03;4547957;'20190716125726;W01-C-Roeselare-FH03;12266;FTTH-Cu;;';';;;;;;;;';;'56560000;'20159;Meensesteenweg;'69;';8800;Roeselare;;'62397,42;'181869,76;;Y;NA;3;4;Unknown;Unknown;;None;;;;;;;Y;NEW;;;';;;;LU;1;;;;;;;;;;;;;;;;;N;NEW;;;';NB-88006969e102;NB-88006969e102---0
;;;Zoning;4547957;'20190716125726;W01-C-Roeselare-FH03;4547957;'20190716125726;W01-C-Roeselare-FH03;12266;FTTH-Cu;;';';;;;;;;;';;'56560000;'20159;Meensesteenweg;'75;';8800;Roeselare;;'62389,72;'181835,5;;Y;NA;5;12;Unknown;Unknown;;None;;;;;;;Y;NEW;;;';;;;BU;1;;;;;;;;;;;;;;;;;N;NEW;;;';NB-880075965259;NB-880075965259---0
;;;Zoning;4547957;'20190716125726;W01-C-Roeselare-FH03;4547957;'20190716125726;W01-C-Roeselare-FH03;12266;FTTH-Cu;;';';;;;;;;;';;'56560000;'20159;Meensesteenweg;'88;';8800;Roeselare;;'62343,81;'181835,35;;Y;NA;1;5;Unknown;Unknown;;None;;;;;;;Y;NEW;;;';;;;LU;1;;;;;;;;;;;;;;;;;N;NEW;;;';NB-880088408e44;NB-880088408e44---0
;;;Zoning;4547957;'20190716125726;W01-C-Roeselare-FH03;4547957;'20190716125726;W01-C-Roeselare-FH03;12266;FTTH-Cu;;';';;;;;;;;';;'56560000;'22636;Nonnenstraat;'6;';8800;Roeselare;;'62620,03;'182343,19;;Y;NA;3;4;Unknown;Unknown;;None;;;;;;;Y;NEW;;;';;;;LU;1;;;;;;;;;;;;;;;;;N;NEW;;;';NB-880066c3113;NB-880066c3113---0
;;;Zoning;4547957;'20190716125726;W01-C-Roeselare-FH03;4547957;'20190716125726;W01-C-Roeselare-FH03;12266;FTTH-Cu;;';';;;;;;;;';;'56560000;'23229;Ooststraat;'126;'A;8800;Roeselare;;'62878,04;'182630,93;;Y;NA;3;4;Unknown;Unknown;;None;;;;;;;Y;NEW;;;';;;;LU;1;;;;;;;;;;;;;;;;;N;NEW;;;';NB-8800126A3507;NB-8800126A3507---0
;;;Zoning;4547957;'20190716125726;W01-C-Roeselare-FH03;4547957;'20190716125726;W01-C-Roeselare-FH03;12266;FTTH-Cu;;';';;;;;;;;';;'56560000;'23229;Ooststraat;'134;';8800;Roeselare;;'62900,53;'182635,14;;Y;NA;4;4;Unknown;Unknown;;None;;;;;;;Y;NEW;;;';;;;LU;1;;;;;;;;;;;;;;;;;N;NEW;;;';NB-8800134993e11;NB-8800134993e11---0
;;;Zoning;4547957;'20190716125726;W01-C-Roeselare-FH03;4547957;'20190716125726;W01-C-Roeselare-FH03;12266;FTTH-Cu;;';';;;;;;;;';;'56560000;'23229;Ooststraat;'14;';8800;Roeselare;;'62591,75;'182436,49;;Y;NA;7;4;Unknown;Unknown;;None;;;;;;;Y;NEW;;;';;;;BU;1;;;;;;;;;;;;;;;;;N;NEW;;;';NB-880014ad5723;NB-880014ad5723---0
;;;Zoning;4547957;'20190716125726;W01-C-Roeselare-FH03;4547957;'20190716125726;W01-C-Roeselare-FH03;12266;FTTH-Cu;;';';;;;;;;;';;'56560000;'23229;Ooststraat;'142;';8800;Roeselare;;'62919,52;'182641,49;;Y;NA;2;7;Unknown;Unknown;;None;;;;;;;Y;NEW;;;';;;;LU;1;;;;;;;;;;;;;;;;;N;NEW;;;';NB-88001420f7a59;NB-88001420f7a59---0
;;;Zoning;4547957;'20190716125726;W01-C-Roeselare-FH03;4547957;'20190716125726;W01-C-Roeselare-FH03;12266;FTTH-Cu;;';';;;;;;;;';;'56560000;'23229;Ooststraat;'146;'A;8800;Roeselare;;'62961,78;'182623,07;;N;IRREG;2;;Unknown;Unknown;;None;;;;;;;Y;NEW;;;';;;;BU;1;;;;;;;;;;;;;;;;;N;NEW;;;';NB-8800146Abf15;NB-8800146Abf15---0
;;;Zoning;4547957;'20190716125726;W01-C-Roeselare-FH03;4547957;'20190716125726;W01-C-Roeselare-FH03;12266;FTTH-Cu;;';';;;;;;;;';;'56560000;'24122;Patersstraat;'9;';8800;Roeselare;;'62600,33;'182242,12;;Y;NA;2;3;Unknown;Unknown;;None;;;;;;;Y;NEW;;;';;;;LU;1;;;;;;;;;;;;;;;;;N;NEW;;;';NB-88009667778;NB-88009667778---0
;;;Zoning;4547957;'20190716125726;W01-C-Roeselare-FH03;4547957;'20190716125726;W01-C-Roeselare-FH03;12266;FTTH-Cu;;';';;;;;;;;';;'56560000;'24869;Polenplein;'23;';8800;Roeselare;;'62676,65;'182382,57;;Y;NA;5;15;Unknown;Unknown;;None;;;;;;;Y;NEW;;;';;;;BU;1;;;;;;;;;;;;;;;;;N;NEW;;;';NB-880023360e93;NB-880023360e93---0
;;;Zoning;4547957;'20190716125726;W01-C-Roeselare-FH03;4547957;'20190716125726;W01-C-Roeselare-FH03;12266;FTTH-Cu;;';';;;;;;;;';;'56560000;'24869;Polenplein;'7;';8800;Roeselare;;'62677,74;'182319,1;;Y;NA;5;4;Unknown;Unknown;;None;;;;;;;Y;NEW;;;';;;;BU;1;;;;;;;;;;;;;;;;;N;NEW;;;';NB-88007e50669;NB-88007e50669---0
;;;Zoning;4547957;'20190716125726;W01-C-Roeselare-FH03;4547957;'20190716125726;W01-C-Roeselare-FH03;12266;FTTH-Cu;;';';;;;;;;;';;'56560000;'24869;Polenplein;'8;';8800;Roeselare;;'62680,12;'182311,68;;Y;NA;2;7;Unknown;Unknown;;None;;;;;;;Y;NEW;;;';;;;BU;1;;;;;;;;;;;;;;;;;N;NEW;;;';NB-88008c23f55;NB-88008c23f55---0
;;;Zoning;4547957;'20190716125726;W01-C-Roeselare-FH03;4547957;'20190716125726;W01-C-Roeselare-FH03;12266;FTTH-Cu;;';';;;;;;;;';;'56560000;'25067;Poststraat;'10;';8800;Roeselare;;'62676,85;'182447,15;;Y;NA;5;15;Unknown;Unknown;;None;;;;;;;Y;NEW;;;';;;;BU;1;;;;;;;;;;;;;;;;;N;NEW;;;';NB-8800103f6d76;NB-8800103f6d76---0
;;;Zoning;4547957;'20190716125726;W01-C-Roeselare-FH03;4547957;'20190716125726;W01-C-Roeselare-FH03;12266;FTTH-Cu;;';';;;;;;;;';;'56560000;'26113;Rijselstraat;'21;';8800;Roeselare;;'62439,27;'181848,91;;Y;NA;2;7;Unknown;Unknown;;None;;;;;;;Y;NEW;;;';;;;BU;1;;;;;;;;;;;;;;;;;N;NEW;;;';NB-880021952854;NB-880021952854---0
;;;Zoning;4547957;'20190716125726;W01-C-Roeselare-FH03;4547957;'20190716125726;W01-C-Roeselare-FH03;12266;FTTH-Cu;;';';;;;;;;;';;'56560000;'26113;Rijselstraat;'37;';8800;Roeselare;;'205916,975014;'194780,610889;;Y;NA;5;5;Unknown;Unknown;D - Facade Box;None;;;;;;;Y;NEW;;;';;;;LU;1;;;;;;;;;;;;;;;;;N;NEW;;;';NB-880037eb8f30;NB-880037eb8f30---0
;;;Zoning;4547957;'20190716125726;W01-C-Roeselare-FH03;4547957;'20190716125726;W01-C-Roeselare-FH03;12266;FTTH-Cu;;';';;;;;;;;';;'56560000;'26113;Rijselstraat;'37;';8800;Roeselare;;'205916,975014;'194780,610889;;Y;NA;5;5;Unknown;Unknown;D - Facade Box;None;;;;;;;Y;NEW;;;';;;;LU;1;;;;;;;;;;;;;;;;;N;NEW;;;';NB-880037eb8f30;NB-880037eb8f30---1
;;;Zoning;4547957;'20190716125726;W01-C-Roeselare-FH03;4547957;'20190716125726;W01-C-Roeselare-FH03;12266;FTTH-Cu;;';';;;;;;;;';;'56560000;'26113;Rijselstraat;'37;';8800;Roeselare;;'205916,975014;'194780,610889;;Y;NA;5;5;Unknown;Unknown;D - Facade Box;None;;;;;;;Y;NEW;;;';;;;LU;1;;;;;;;;;;;;;;;;;N;NEW;;;';NB-880037eb8f30;NB-880037eb8f30---2
;;;Zoning;4547957;'20190716125726;W01-C-Roeselare-FH03;4547957;'20190716125726;W01-C-Roeselare-FH03;12266;FTTH-Cu;;';';;;;;;;;';;'56560000;'26113;Rijselstraat;'37;';8800;Roeselare;;'205916,975014;'194780,610889;;Y;NA;5;5;Unknown;Unknown;D - Facade Box;None;;;;;;;Y;NEW;;;';;;;LU;1;;;;;;;;;;;;;;;;;N;NEW;;;';NB-880037eb8f30;NB-880037eb8f30---3
;;;Zoning;4547957;'20190716125726;W01-C-Roeselare-FH03;4547957;'20190716125726;W01-C-Roeselare-FH03;12266;FTTH-Cu;;';';;;;;;;;';;'56560000;'26113;Rijselstraat;'37;';8800;Roeselare;;'205916,975014;'194780,610889;;Y;NA;5;5;Unknown;Unknown;D - Facade Box;None;;;;;;;Y;NEW;;;';;;;LU;1;;;;;;;;;;;;;;;;;N;NEW;;;';NB-880037eb8f30;NB-880037eb8f30---4
;;;Zoning;4547957;'20190716125726;W01-C-Roeselare-FH03;4547957;'20190716125726;W01-C-Roeselare-FH03;12266;FTTH-Cu;;';';;;;;;;;';;'56560000;'26113;Rijselstraat;'37;';8800;Roeselare;;'205916,975014;'194780,610889;;Y;NA;5;5;Unknown;Unknown;D - Facade Box;None;;;;;;;Y;NEW;;;';;;;LU;1;;;;;;;;;;;;;;;;;N;NEW;;;';NB-880037eb8f30;NB-880037eb8f30---5
;;;Zoning;4547957;'20190716125726;W01-C-Roeselare-FH03;4547957;'20190716125726;W01-C-Roeselare-FH03;12266;FTTH-Cu;;';';;;;;;;;';;'56560000;'26113;Rijselstraat;'37;';8800;Roeselare;;'205916,975014;'194780,610889;;Y;NA;5;5;Unknown;Unknown;D - Facade Box;None;;;;;;;Y;NEW;;;';;;;LU;1;;;;;;;;;;;;;;;;;N;NEW;;;';NB-880037eb8f30;NB-880037eb8f30---6
;;;Zoning;4547957;'20190716125726;W01-C-Roeselare-FH03;4547957;'20190716125726;W01-C-Roeselare-FH03;12266;FTTH-Cu;;';';;;;;;;;';;'56560000;'26113;Rijselstraat;'37;';8800;Roeselare;;'205916,975014;'194780,610889;;Y;NA;5;5;Unknown;Unknown;D - Facade Box;None;;;;;;;Y;NEW;;;';;;;LU;1;;;;;;;;;;;;;;;;;N;NEW;;;';NB-880037eb8f30;NB-880037eb8f30---7
;;;Zoning;4547957;'20190716125726;W01-C-Roeselare-FH03;4547957;'20190716125726;W01-C-Roeselare-FH03;12266;FTTH-Cu;;';';;;;;;;;';;'56560000;'17406;Rode-Kruisstraat;'1;';8800;Roeselare;;'62110,4747148;'181890,267356;;N;HEIGHT;2;;Unknown;Unknown;;None;;;;;;;Y;NEW;;;';;;;LU;1;;;;;;;;;;;;;;;;;N;NEW;;;';NB-88001a13916;NB-88001a13916---0
;;;Zoning;4547957;'20190716125726;W01-C-Roeselare-FH03;4547957;'20190716125726;W01-C-Roeselare-FH03;12266;FTTH-Cu;;';';;;;;;;;';;'56560000;'17406;Rode-Kruisstraat;'22;';8800;Roeselare;;'62239,02;'181813,71;;Y;NA;2;8;Unknown;Unknown;;None;;;;;;;Y;NEW;;;';;;;LU;1;;;;;;;;;;;;;;;;;N;NEW;;;';NB-88002240fd97;NB-88002240fd97---0
;;;Zoning;4547957;'20190716125726;W01-C-Roeselare-FH03;4547957;'20190716125726;W01-C-Roeselare-FH03;12266;FTTH-Cu;;';';;;;;;;;';;'56560000;'17406;Rode-Kruisstraat;'3;';8800;Roeselare;;'62110,4747148;'181890,267356;;N;HEIGHT;2;;Unknown;Unknown;;None;;;;;;;Y;NEW;;;';;;;LU;1;;;;;;;;;;;;;;;;;N;NEW;;;';NB-88001a13916;NB-88001a13916---0
;;;Zoning;4547957;'20190716125726;W01-C-Roeselare-FH03;4547957;'20190716125726;W01-C-Roeselare-FH03;12266;FTTH-Cu;;';';;;;;;;;';;'56560000;'17406;Rode-Kruisstraat;'5;';8800;Roeselare;;'62112,5962471;'181881,540121;;N;HEIGHT;1;;Unknown;Unknown;;None;;;;;;;Y;NEW;;;';;;;LU;1;;;;;;;;;;;;;;;;;N;NEW;;;';NB-88005f57a91;NB-88005f57a91---0
;;;Zoning;4547957;'20190716125726;W01-C-Roeselare-FH03;4547957;'20190716125726;W01-C-Roeselare-FH03;12266;FTTH-Cu;;';';;;;;;;;';;'56560000;'26868;Rumbeeksesteenweg;'38;';8800;Roeselare;;'62723,07;'181861,34;;Y;NA;3;5;Unknown;Unknown;;None;;;;;;;Y;NEW;;;';;;;LU;1;;;;;;;;;;;;;;;;;N;NEW;;;';NB-8800388d0861;NB-8800388d0861---0
;;;Zoning;4547957;'20190716125726;W01-C-Roeselare-FH03;4547957;'20190716125726;W01-C-Roeselare-FH03;12266;FTTH-Cu;;';';;;;;;;;';;'56560000;'26868;Rumbeeksesteenweg;'53;';8800;Roeselare;;'62732,99;'181886,36;;Y;NA;3;7;Unknown;Unknown;D - Facade Box;None;;;;;;;Y;NEW;;;';;;;LU;1;;;;;;;;;;;;;;;;;N;NEW;;;';NB-880053d0dd35;NB-880053d0dd35---0
;;;Zoning;4547957;'20190716125726;W01-C-Roeselare-FH03;4547957;'20190716125726;W01-C-Roeselare-FH03;12266;FTTH-Cu;;';';;;;;;;;';;'56560000;'26868;Rumbeeksesteenweg;'53;';8800;Roeselare;;'62732,99;'181886,36;;Y;NA;3;7;Unknown;Unknown;D - Facade Box;None;;;;;;;Y;NEW;;;';;;;LU;1;;;;;;;;;;;;;;;;;N;NEW;;;';NB-880053d0dd35;NB-880053d0dd35---1
;;;Zoning;4547957;'20190716125726;W01-C-Roeselare-FH03;4547957;'20190716125726;W01-C-Roeselare-FH03;12266;FTTH-Cu;;';';;;;;;;;';;'56560000;'26868;Rumbeeksesteenweg;'53;';8800;Roeselare;;'62732,99;'181886,36;;Y;NA;3;7;Unknown;Unknown;D - Facade Box;None;;;;;;;Y;NEW;;;';;;;LU;1;;;;;;;;;;;;;;;;;N;NEW;;;';NB-880053d0dd35;NB-880053d0dd35---2
;;;Zoning;4547957;'20190716125726;W01-C-Roeselare-FH03;4547957;'20190716125726;W01-C-Roeselare-FH03;12266;FTTH-Cu;;';';;;;;;;;';;'56560000;'26868;Rumbeeksesteenweg;'53;';8800;Roeselare;;'62732,99;'181886,36;;Y;NA;3;7;Unknown;Unknown;D - Facade Box;None;;;;;;;Y;NEW;;;';;;;LU;1;;;;;;;;;;;;;;;;;N;NEW;;;';NB-880053d0dd35;NB-880053d0dd35---3
;;;Zoning;4547957;'20190716125726;W01-C-Roeselare-FH03;4547957;'20190716125726;W01-C-Roeselare-FH03;12266;FTTH-Cu;;';';;;;;;;;';;'56560000;'26868;Rumbeeksesteenweg;'53;';8800;Roeselare;;'62732,99;'181886,36;;Y;NA;3;7;Unknown;Unknown;D - Facade Box;None;;;;;;;Y;NEW;;;';;;;LU;1;;;;;;;;;;;;;;;;;N;NEW;;;';NB-880053d0dd35;NB-880053d0dd35---4
;;;Zoning;4547957;'20190716125726;W01-C-Roeselare-FH03;4547957;'20190716125726;W01-C-Roeselare-FH03;12266;FTTH-Cu;;';';;;;;;;;';;'56560000;'26868;Rumbeeksesteenweg;'53;';8800;Roeselare;;'62732,99;'181886,36;;Y;NA;3;7;Unknown;Unknown;D - Facade Box;None;;;;;;;Y;NEW;;;';;;;LU;1;;;;;;;;;;;;;;;;;N;NEW;;;';NB-880053d0dd35;NB-880053d0dd35---5
;;;Zoning;4547957;'20190716125726;W01-C-Roeselare-FH03;4547957;'20190716125726;W01-C-Roeselare-FH03;12266;FTTH-Cu;;';';;;;;;;;';;'56560000;'26868;Rumbeeksesteenweg;'53;';8800;Roeselare;;'62732,99;'181886,36;;Y;NA;3;7;Unknown;Unknown;D - Facade Box;None;;;;;;;Y;NEW;;;';;;;LU;1;;;;;;;;;;;;;;;;;N;NEW;;;';NB-880053d0dd35;NB-880053d0dd35---6
;;;Zoning;4547957;'20190716125726;W01-C-Roeselare-FH03;4547957;'20190716125726;W01-C-Roeselare-FH03;12266;FTTH-Cu;;';';;;;;;;;';;'56560000;'26868;Rumbeeksesteenweg;'63;';8800;Roeselare;;'62732,99;'181886,36;;Y;NA;3;8;Unknown;Unknown;;None;;;;;;;Y;NEW;;;';;;;LU;1;;;;;;;;;;;;;;;;;N;NEW;;;';NB-88006330fd87;NB-88006330fd87---0
;;;Zoning;4547957;'20190716125726;W01-C-Roeselare-FH03;4547957;'20190716125726;W01-C-Roeselare-FH03;12266;FTTH-Cu;;';';;;;;;;;';;'56560000;'10513;'s Gravenstraat;'16;';8800;Roeselare;;'62406,18;'181667,13;;N;HEIGHT;3;;Unknown;Unknown;;None;;;;;;;Y;NEW;;;';;;;BU;1;;;;;;;;;;;;;;;;;N;NEW;;;';NB-88001674f316;NB-88001674f316---0
;;;Zoning;4547957;'20190716125726;W01-C-Roeselare-FH03;4547957;'20190716125726;W01-C-Roeselare-FH03;12266;FTTH-Cu;;';';;;;;;;;';;'56560000;'10513;'s Gravenstraat;'19;';8800;Roeselare;;'62474,21;'181615,63;;Y;NA;3;4;Unknown;Unknown;;None;;;;;;;Y;NEW;;;';;;;LU;1;;;;;;;;;;;;;;;;;N;NEW;;;';NB-880019300f35;NB-880019300f35---0
;;;Zoning;4547957;'20190716125726;W01-C-Roeselare-FH03;4547957;'20190716125726;W01-C-Roeselare-FH03;12266;FTTH-Cu;;';';;;;;;;;';;'56560000;'10513;'s Gravenstraat;'31;';8800;Roeselare;;'62477,21;'181592,01;;Y;NA;3;7;Unknown;Unknown;;None;;;;;;;Y;NEW;;;';;;;LU;1;;;;;;;;;;;;;;;;;N;NEW;;;';NB-8800316b5987;NB-8800316b5987---0
;;;Zoning;4547957;'20190716125726;W01-C-Roeselare-FH03;4547957;'20190716125726;W01-C-Roeselare-FH03;12266;FTTH-Cu;;';';;;;;;;;';;'56560000;'28888;Sint-Alfonsusstraat;'19;';8800;Roeselare;;'62774,12;'182432;;Y;NA;3;7;Unknown;Unknown;;None;;;;;;;Y;NEW;;;';;;;LU;1;;;;;;;;;;;;;;;;;N;NEW;;;';NB-88001904b780;NB-88001904b780---0
;;;Zoning;4547957;'20190716125726;W01-C-Roeselare-FH03;4547957;'20190716125726;W01-C-Roeselare-FH03;12266;FTTH-Cu;;';';;;;;;;;';;'56560000;'28888;Sint-Alfonsusstraat;'24;';8800;Roeselare;;'62785,33;'182418,03;;Y;NA;2;3;Unknown;Unknown;;None;;;;;;;Y;NEW;;;';;;;LU;1;;;;;;;;;;;;;;;;;N;NEW;;;';NB-880024ab7538;NB-880024ab7538---0
;;;Zoning;4547957;'20190716125726;W01-C-Roeselare-FH03;4547957;'20190716125726;W01-C-Roeselare-FH03;12266;FTTH-Cu;;';';;;;;;;;';;'56560000;'28888;Sint-Alfonsusstraat;'41;';8800;Roeselare;;'62862,17;'182490,1;;Y;NA;2;7;Unknown;Unknown;;None;;;;;;;Y;NEW;;;';;;;LU;1;;;;;;;;;;;;;;;;;N;NEW;;;';NB-880041f00192;NB-880041f00192---0
;;;Zoning;4547957;'20190716125726;W01-C-Roeselare-FH03;4547957;'20190716125726;W01-C-Roeselare-FH03;12266;FTTH-Cu;;';';;;;;;;;';;'56560000;'28888;Sint-Alfonsusstraat;'42;';8800;Roeselare;;'62888,64;'182485,2;;Y;NA;3;7;Unknown;Unknown;;None;;;;;;;Y;NEW;;;';;;;BU;1;;;;;;;;;;;;;;;;;N;NEW;;;';NB-8800422b1162;NB-8800422b1162---0
;;;Zoning;4547957;'20190716125726;W01-C-Roeselare-FH03;4547957;'20190716125726;W01-C-Roeselare-FH03;12266;FTTH-Cu;;';';;;;;;;;';;'56560000;'29062;Sint-Jozefsstraat;'20;';8800;Roeselare;;'62248,19;'181572,71;;Y;NA;3;5;Unknown;Unknown;;None;;;;;;;Y;NEW;;;';;;;LU;1;;;;;;;;;;;;;;;;;N;NEW;;;';NB-880020d45e89;NB-880020d45e89---0
;;;Zoning;4547957;'20190716125726;W01-C-Roeselare-FH03;4547957;'20190716125726;W01-C-Roeselare-FH03;12266;FTTH-Cu;;';';;;;;;;;';;'56560000;'29062;Sint-Jozefsstraat;'3;'B;8800;Roeselare;;'62285,8500333;'181562,239922;Oguz Poyraz;Y;NA;3;8;Undefined;Unknown;;None;;;;;;;Y;NEW;;;';;;;BU;1;;;;;;;;;;;;;;;;;N;NEW;;;';NB-88003B415241;
;;;Zoning;4547957;'20190716125726;W01-C-Roeselare-FH03;4547957;'20190716125726;W01-C-Roeselare-FH03;12266;FTTH-Cu;;';';;;;;;;;';;'56560000;'29062;Sint-Jozefsstraat;'4;';8800;Roeselare;;'62297,6;'181596,94;;Y;NA;2;8;Unknown;Unknown;;None;;;;;;;Y;NEW;;;';;;;LU;1;;;;;;;;;;;;;;;;;N;NEW;;;';NB-88004f76a41;NB-88004f76a41---0
;;;Zoning;4547957;'20190716125726;W01-C-Roeselare-FH03;4547957;'20190716125726;W01-C-Roeselare-FH03;12266;FTTH-Cu;;';';;;;;;;;';;'56560000;'31779;Veldstraat;'102;';8800;Roeselare;;'62942,43;'181975,62;;Y;NA;3;6;Unknown;Unknown;;None;;;;;;;Y;NEW;;;';;;;LU;1;;;;;;;;;;;;;;;;;N;NEW;;;';NB-88001020c2d49;NB-88001020c2d49---0
;;;Zoning;4547957;'20190716125726;W01-C-Roeselare-FH03;4547957;'20190716125726;W01-C-Roeselare-FH03;12266;FTTH-Cu;;';';;;;;;;;';;'56560000;'31779;Veldstraat;'106;';8800;Roeselare;;'62955,53;'181979,82;;Y;NA;2;4;Unknown;Unknown;;None;;;;;;;Y;NEW;;;';;;;LU;1;;;;;;;;;;;;;;;;;N;NEW;;;';NB-8800106547202;NB-8800106547202---0
;;;Zoning;4547957;'20190716125726;W01-C-Roeselare-FH03;4547957;'20190716125726;W01-C-Roeselare-FH03;12266;FTTH-Cu;;';';;;;;;;;';;'56560000;'32257;Verwerijstraat;'28;';8800;Roeselare;;'62259,1577963;'182118,257708;;Y;NA;3;3;Unknown;Unknown;;None;;;;;;;Y;NEW;;;';;;;LU;1;;;;;;;;;;;;;;;;;N;NEW;;;';NB-88002886cd19;NB-88002886cd19---0
;;;Zoning;4547957;'20190716125726;W01-C-Roeselare-FH03;4547957;'20190716125726;W01-C-Roeselare-FH03;12266;FTTH-Cu;;';';;;;;;;;';;'56560000;'32257;Verwerijstraat;'28;';8800;Roeselare;;'62259,1577963;'182118,257708;;Y;NA;3;3;Unknown;Unknown;;None;;;;;;;Y;NEW;;;';;;;LU;1;;;;;;;;;;;;;;;;;N;NEW;;;';NB-88002886cd19;NB-88002886cd19---1
;;;Zoning;4547957;'20190716125726;W01-C-Roeselare-FH03;4547957;'20190716125726;W01-C-Roeselare-FH03;12266;FTTH-Cu;;';';;;;;;;;';;'56560000;'32257;Verwerijstraat;'28;';8800;Roeselare;;'62259,1577963;'182118,257708;;Y;NA;3;3;Unknown;Unknown;;None;;;;;;;Y;NEW;;;';;;;LU;1;;;;;;;;;;;;;;;;;N;NEW;;;';NB-88002886cd19;NB-88002886cd19---2
;;;Zoning;4547957;'20190716125726;W01-C-Roeselare-FH03;4547957;'20190716125726;W01-C-Roeselare-FH03;12266;FTTH-Cu;;';';;;;;;;;';;'56560000;'32257;Verwerijstraat;'28;';8800;Roeselare;;'62259,1577963;'182118,257708;;Y;NA;3;3;Unknown;Unknown;;None;;;;;;;Y;NEW;;;';;;;LU;1;;;;;;;;;;;;;;;;;N;NEW;;;';NB-88002886cd19;NB-88002886cd19---3
;;;Zoning;4547957;'20190716125726;W01-C-Roeselare-FH03;4547957;'20190716125726;W01-C-Roeselare-FH03;12266;FTTH-Cu;;';';;;;;;;;';;'56560000;'32257;Verwerijstraat;'28;';8800;Roeselare;;'62259,1577963;'182118,257708;;Y;NA;3;3;Unknown;Unknown;;None;;;;;;;Y;NEW;;;';;;;LU;1;;;;;;;;;;;;;;;;;N;NEW;;;';NB-88002886cd19;NB-88002886cd19---4
;;;Zoning;4547957;'20190716125726;W01-C-Roeselare-FH03;4547957;'20190716125726;W01-C-Roeselare-FH03;12266;FTTH-Cu;;';';;;;;;;;';;'56560000;'32257;Verwerijstraat;'28;';8800;Roeselare;;'62259,1577963;'182118,257708;;Y;NA;3;3;Unknown;Unknown;;None;;;;;;;Y;NEW;;;';;;;LU;1;;;;;;;;;;;;;;;;;N;NEW;;;';NB-88002886cd19;NB-88002886cd19---5
;;;Zoning;4547957;'20190716125726;W01-C-Roeselare-FH03;4547957;'20190716125726;W01-C-Roeselare-FH03;12266;FTTH-Cu;;';';;;;;;;;';;'56560000;'32436;Vijfwegenstraat;'41;';8800;Roeselare;;'62759,79;'181789,63;;Y;NA;5;5;Unknown;Unknown;;None;;;;;;;Y;NEW;;;';;;;LU;1;;;;;;;;;;;;;;;;;N;NEW;;;';NB-8800410de277;NB-8800410de277---0
;;;Zoning;4547957;'20190716125726;W01-C-Roeselare-FH03;4547957;'20190716125726;W01-C-Roeselare-FH03;12266;FTTH-Cu;;';';;;;;;;;';;'56560000;'32436;Vijfwegenstraat;'41;';8800;Roeselare;;'62759,79;'181789,63;;Y;NA;5;5;Unknown;Unknown;;None;;;;;;;Y;NEW;;;';;;;LU;1;;;;;;;;;;;;;;;;;N;NEW;;;';NB-8800410de277;NB-8800410de277---1
;;;Zoning;4547957;'20190716125726;W01-C-Roeselare-FH03;4547957;'20190716125726;W01-C-Roeselare-FH03;12266;FTTH-Cu;;';';;;;;;;;';;'56560000;'32436;Vijfwegenstraat;'41;';8800;Roeselare;;'62759,79;'181789,63;;Y;NA;5;5;Unknown;Unknown;;None;;;;;;;Y;NEW;;;';;;;LU;1;;;;;;;;;;;;;;;;;N;NEW;;;';NB-8800410de277;NB-8800410de277---2
;;;Zoning;4547957;'20190716125726;W01-C-Roeselare-FH03;4547957;'20190716125726;W01-C-Roeselare-FH03;12266;FTTH-Cu;;';';;;;;;;;';;'56560000;'32436;Vijfwegenstraat;'41;';8800;Roeselare;;'62759,79;'181789,63;;Y;NA;5;5;Unknown;Unknown;;None;;;;;;;Y;NEW;;;';;;;LU;1;;;;;;;;;;;;;;;;;N;NEW;;;';NB-8800410de277;NB-8800410de277---3
;;;Zoning;4547957;'20190716125726;W01-C-Roeselare-FH03;4547957;'20190716125726;W01-C-Roeselare-FH03;12266;FTTH-Cu;;';';;;;;;;;';;'56560000;'32436;Vijfwegenstraat;'41;';8800;Roeselare;;'62759,79;'181789,63;;Y;NA;5;5;Unknown;Unknown;;None;;;;;;;Y;NEW;;;';;;;LU;1;;;;;;;;;;;;;;;;;N;NEW;;;';NB-8800410de277;NB-8800410de277---4
;;;Zoning;4547957;'20190716125726;W01-C-Roeselare-FH03;4547957;'20190716125726;W01-C-Roeselare-FH03;12266;FTTH-Cu;;';';;;;;;;;';;'56560000;'32436;Vijfwegenstraat;'41;';8800;Roeselare;;'62759,79;'181789,63;;Y;NA;5;5;Unknown;Unknown;;None;;;;;;;Y;NEW;;;';;;;LU;1;;;;;;;;;;;;;;;;;N;NEW;;;';NB-8800410de277;NB-8800410de277---5
;;;Zoning;4547957;'20190716125726;W01-C-Roeselare-FH03;4547957;'20190716125726;W01-C-Roeselare-FH03;12266;FTTH-Cu;;';';;;;;;;;';;'56560000;'32436;Vijfwegenstraat;'41;';8800;Roeselare;;'62759,79;'181789,63;;Y;NA;5;5;Unknown;Unknown;;None;;;;;;;Y;NEW;;;';;;;LU;1;;;;;;;;;;;;;;;;;N;NEW;;;';NB-8800410de277;NB-8800410de277---6
;;;Zoning;4547957;'20190716125726;W01-C-Roeselare-FH03;4547957;'20190716125726;W01-C-Roeselare-FH03;12266;FTTH-Cu;;';';;;;;;;;';;'56560000;'34129;Westlaan;'62;';8800;Roeselare;;'62069,55;'181648,17;;Y;NA;3;7;Unknown;Unknown;;None;;;;;;;Y;NEW;;;';;;;LU;1;;;;;;;;;;;;;;;;;N;NEW;;;';NB-880062402293;NB-880062402293---0
;;;Zoning;4547957;'20190716125726;W01-C-Roeselare-FH03;4547957;'20190716125726;W01-C-Roeselare-FH03;12266;FTTH-Cu;;';';;;;;;;;';;'56560000;'34129;Westlaan;'78;';8800;Roeselare;;'62054,51;'181684,34;;Y;NA;4;12;Unknown;Unknown;;None;;;;;;;Y;NEW;;;';;;;LU;1;;;;;;;;;;;;;;;;;N;NEW;;;';NB-880078626c16;NB-880078626c16---0
;;;Zoning;4547957;'20190716125726;W01-C-Roeselare-FH03;4547957;'20190716125726;W01-C-Roeselare-FH03;12266;FTTH-Cu;;';';;;;;;;;';;'56560000;'34129;Westlaan;'78;';8800;Roeselare;;'62054,51;'181684,34;;Y;NA;4;12;Unknown;Unknown;;None;;;;;;;Y;NEW;;;';;;;LU;1;;;;;;;;;;;;;;;;;N;NEW;;;';NB-880078626c16;NB-880078626c16---1
;;;Zoning;4547957;'20190716125726;W01-C-Roeselare-FH03;4547957;'20190716125726;W01-C-Roeselare-FH03;12266;FTTH-Cu;;';';;;;;;;;';;'56560000;'34129;Westlaan;'78;';8800;Roeselare;;'62054,51;'181684,34;;Y;NA;4;12;Unknown;Unknown;;None;;;;;;;Y;NEW;;;';;;;LU;1;;;;;;;;;;;;;;;;;N;NEW;;;';NB-880078626c16;NB-880078626c16---2
;;;Zoning;4547957;'20190716125726;W01-C-Roeselare-FH03;4547957;'20190716125726;W01-C-Roeselare-FH03;12266;FTTH-Cu;;';';;;;;;;;';;'56560000;'34129;Westlaan;'78;';8800;Roeselare;;'62054,51;'181684,34;;Y;NA;4;12;Unknown;Unknown;;None;;;;;;;Y;NEW;;;';;;;LU;1;;;;;;;;;;;;;;;;;N;NEW;;;';NB-880078626c16;NB-880078626c16---3
;;;Zoning;4547957;'20190716125726;W01-C-Roeselare-FH03;4547957;'20190716125726;W01-C-Roeselare-FH03;12266;FTTH-Cu;;';';;;;;;;;';;'56560000;'34129;Westlaan;'78;';8800;Roeselare;;'62054,51;'181684,34;;Y;NA;4;12;Unknown;Unknown;;None;;;;;;;Y;NEW;;;';;;;LU;1;;;;;;;;;;;;;;;;;N;NEW;;;';NB-880078626c16;NB-880078626c16---4
;;;Zoning;4547957;'20190716125726;W01-C-Roeselare-FH03;4547957;'20190716125726;W01-C-Roeselare-FH03;12266;FTTH-Cu;;';';;;;;;;;';;'56560000;'34129;Westlaan;'78;';8800;Roeselare;;'62054,51;'181684,34;;Y;NA;4;12;Unknown;Unknown;;None;;;;;;;Y;NEW;;;';;;;LU;1;;;;;;;;;;;;;;;;;N;NEW;;;';NB-880078626c16;NB-880078626c16---5
;;;Zoning;4547957;'20190716125726;W01-C-Roeselare-FH03;4547957;'20190716125726;W01-C-Roeselare-FH03;12266;FTTH-Cu;;';';;;;;;;;';;'56560000;'34129;Westlaan;'78;';8800;Roeselare;;'62054,51;'181684,34;;Y;NA;4;12;Unknown;Unknown;;None;;;;;;;Y;NEW;;;';;;;LU;1;;;;;;;;;;;;;;;;;N;NEW;;;';NB-880078626c16;NB-880078626c16---6
;;;Zoning;4547957;'20190716125726;W01-C-Roeselare-FH03;4547957;'20190716125726;W01-C-Roeselare-FH03;12266;FTTH-Cu;;';';;;;;;;;';;'56560000;'34129;Westlaan;'78;';8800;Roeselare;;'62054,51;'181684,34;;Y;NA;4;12;Unknown;Unknown;;None;;;;;;;Y;NEW;;;';;;;LU;1;;;;;;;;;;;;;;;;;N;NEW;;;';NB-880078626c16;NB-880078626c16---7
;;;Zoning;4547957;'20190716125726;W01-C-Roeselare-FH03;4547957;'20190716125726;W01-C-Roeselare-FH03;12266;FTTH-Cu;;';';;;;;;;;';;'56560000;'34129;Westlaan;'78;';8800;Roeselare;;'62054,51;'181684,34;;Y;NA;4;12;Unknown;Unknown;;None;;;;;;;Y;NEW;;;';;;;LU;1;;;;;;;;;;;;;;;;;N;NEW;;;';NB-880078626c16;NB-880078626c16---8
;;;Zoning;4547957;'20190716125726;W01-C-Roeselare-FH03;4547957;'20190716125726;W01-C-Roeselare-FH03;12266;FTTH-Cu;;';';;;;;;;;';;'56560000;'34129;Westlaan;'78;';8800;Roeselare;;'62054,51;'181684,34;;Y;NA;4;12;Unknown;Unknown;;None;;;;;;;Y;NEW;;;';;;;LU;1;;;;;;;;;;;;;;;;;N;NEW;;;';NB-880078626c16;NB-880078626c16---9
;;;Zoning;4547957;'20190716125726;W01-C-Roeselare-FH03;4547957;'20190716125726;W01-C-Roeselare-FH03;12266;FTTH-Cu;;';';;;;;;;;';;'56560000;'34129;Westlaan;'78;';8800;Roeselare;;'62054,51;'181684,34;;Y;NA;4;12;Unknown;Unknown;;None;;;;;;;Y;NEW;;;';;;;LU;1;;;;;;;;;;;;;;;;;N;NEW;;;';NB-880078626c16;NB-880078626c16---10
;;;Zoning;4547957;'20190716125726;W01-C-Roeselare-FH03;4547957;'20190716125726;W01-C-Roeselare-FH03;12266;FTTH-Cu;;';';;;;;;;;';;'56560000;'34129;Westlaan;'78;';8800;Roeselare;;'62054,51;'181684,34;;Y;NA;4;12;Unknown;Unknown;;None;;;;;;;Y;NEW;;;';;;;LU;1;;;;;;;;;;;;;;;;;N;NEW;;;';NB-880078626c16;NB-880078626c16---11
;;;Zoning;4547957;'20190716125726;W01-C-Roeselare-FH03;4547957;'20190716125726;W01-C-Roeselare-FH03;12266;FTTH-Cu;;';';;;;;;;;';;'56560000;'34129;Westlaan;'78;';8800;Roeselare;;'62054,51;'181684,34;;Y;NA;4;12;Unknown;Unknown;;None;;;;;;;Y;NEW;;;';;;;SU;1;;;;;;;;;;;;;;;;;N;NEW;;;';NB-880078626c16;NB-880078626c16---12
;;;Zoning;4547957;'20190716125726;W01-C-Roeselare-FH03;4547957;'20190716125726;W01-C-Roeselare-FH03;12266;FTTH-Cu;;';';;;;;;;;';;'56560000;'34129;Westlaan;'86;';8800;Roeselare;;'62038,81;'181697,28;;Y;NA;1;3;Unknown;Unknown;;None;;;;;;;Y;NEW;;;';;;;BU;1;;;;;;;;;;;;;;;;;N;NEW;;;';NB-8800864f5057;NB-8800864f5057---0
;;;Zoning;4547957;'20190716125726;W01-C-Roeselare-FH03;4547957;'20190716125726;W01-C-Roeselare-FH03;12266;FTTH-Cu;;';';;;;;;;;';;'56560000;'34129;Westlaan;'88;';8800;Roeselare;;'62045,02;'181716,6;;Y;NA;3;8;Unknown;Unknown;;None;;;;;;;Y;NEW;;;';;;;BU;1;;;;;;;;;;;;;;;;;N;NEW;;;';NB-880088476f00;NB-880088476f00---0
;;;Zoning;4547957;'20190716125726;W01-C-Roeselare-FH03;4547957;'20190716125726;W01-C-Roeselare-FH03;12266;FTTH-Cu;;';';;;;;;;;';;'56560000;'34129;Westlaan;'94;';8800;Roeselare;;'62034,68;'181718,66;;Y;NA;1;3;Unknown;Unknown;;None;;;;;;;Y;NEW;;;';;;;BU;1;;;;;;;;;;;;;;;;;N;NEW;;;';NB-880094b13377;NB-880094b13377---0
;;;Zoning;4547957;'20190716125726;W01-C-Roeselare-FH03;4547957;'20190716125726;W01-C-Roeselare-FH03;12266;FTTH-Cu;;';';;;;;;;;';;'56560000;'34489;Wilgenstraat;'44;';8800;Roeselare;;'62210,04;'181643,39;;Y;NA;2;7;Unknown;Unknown;;None;;;;;;;Y;NEW;;;';;;;LU;1;;;;;;;;;;;;;;;;;N;NEW;;;';NB-8800446a0c39;NB-8800446a0c39---0
;;;Zoning;4547957;'20190716125726;W01-C-Roeselare-FH03;4547957;'20190716125726;W01-C-Roeselare-FH03;12266;FTTH-Cu;;';';;;;;;;;';;'56560000;'34489;Wilgenstraat;'55;';8800;Roeselare;;'62177,9;'181586,73;;N;HEIGHT;2;8;Unknown;Unknown;;None;;;;;;;Y;NEW;;;';;;;LU;1;;;;;;;;;;;;;;;;;N;NEW;;;';NB-880055666b35;NB-880055666b35---0
;;;Zoning;4547957;'20190716125726;W01-C-Roeselare-FH03;4547957;'20190716125726;W01-C-Roeselare-FH03;12266;FTTH-Cu;;';';;;;;;;;';;'56560000;'34489;Wilgenstraat;'63;';8800;Roeselare;;'62136,18;'181598,8;;Y;NA;1;3;Unknown;Unknown;;None;;;;;;;Y;NEW;;;';;;;LU;1;;;;;;;;;;;;;;;;;N;NEW;;;';NB-880063a75745;NB-880063a75745---0
;;;Zoning;4547957;'20190716125726;W01-C-Roeselare-FH03;4547957;'20190716125726;W01-C-Roeselare-FH03;12266;FTTH-Cu;;';';;;;;;;;';;'56560000;'34489;Wilgenstraat;'69;'A;8800;Roeselare;;'62079,13;'181565,31;;Y;NA;3;6;Unknown;Unknown;;None;;;;;;;Y;NEW;;;';;;;LU;1;;;;;;;;;;;;;;;;;N;NEW;;;';NB-880069A4e38;NB-880069A4e38---0
;;;Zoning;4547957;'20190716125726;W01-C-Roeselare-FH03;4547957;'20190716125726;W01-C-Roeselare-FH03;12266;FTTH-Cu;;';';;;;;;;;';;'56560000;'34489;Wilgenstraat;'69;'A;8800;Roeselare;;'62079,13;'181565,31;;Y;NA;3;6;Unknown;Unknown;;None;;;;;;;Y;NEW;;;';;;;LU;1;;;;;;;;;;;;;;;;;N;NEW;;;';NB-880069A4e38;NB-880069A4e38---1
;;;Zoning;4547957;'20190716125726;W01-C-Roeselare-FH03;4547957;'20190716125726;W01-C-Roeselare-FH03;12266;FTTH-Cu;;';';;;;;;;;';;'56560000;'35770;Zuidstraat;'22;';8800;Roeselare;;'62540,16;'182193,87;;Y;NA;3;3;Unknown;Unknown;;None;;;;;;;Y;NEW;;;';;;;BU;1;;;;;;;;;;;;;;;;;N;NEW;;;';NB-8800225cfb16;NB-8800225cfb16---0
;;;Zoning;4547957;'20190716125726;W01-C-Roeselare-FH03;4547957;'20190716125726;W01-C-Roeselare-FH03;12266;FTTH-Cu;;';';;;;;;;;';;'56560000;'35770;Zuidstraat;'36;';8800;Roeselare;;'62543,95;'182115,8;;Y;NA;3;4;Unknown;Unknown;;None;;;;;;;Y;NEW;;;';;;;BU;1;;;;;;;;;;;;;;;;;N;NEW;;;';NB-880036c3d891;NB-880036c3d891---0
;;;Zoning;4547957;'20190716125726;W01-C-Roeselare-FH03;4547957;'20190716125726;W01-C-Roeselare-FH03;12266;FTTH-Cu;;';';;;;;;;;';;'56560000;'35770;Zuidstraat;'4;';8800;Roeselare;;'62531,62;'182266,71;;N;IRREG;6;8;Unknown;Unknown;;None;;;;;;;Y;NEW;;;';;;;LU;1;;;;;;;;;;;;;;;;;N;NEW;;;';NB-88004851032;NB-88004851032---0
;;;Zoning;4547957;'20190716125726;W01-C-Roeselare-FH03;4547957;'20190716125726;W01-C-Roeselare-FH03;12266;FTTH-Cu;;';';;;;;;;;';;'56560000;'35770;Zuidstraat;'63;';8800;Roeselare;;'62570,22;'181987,48;;Y;NA;3;7;Unknown;Unknown;;None;;;;;;;Y;NEW;;;';;;;LU;1;;;;;;;;;;;;;;;;;N;NEW;;;';NB-880063257f93;NB-880063257f93---0
;;;Zoning;4547957;'20190716125726;W01-C-Roeselare-FH03;4547957;'20190716125726;W01-C-Roeselare-FH03;12266;FTTH-Cu;;';';;;;;;;;';;'56560000;'35770;Zuidstraat;'73;';8800;Roeselare;;'62572,63;'181956,9;;Y;NA;3;3;Unknown;Unknown;;None;;;;;;;Y;NEW;;;';;;;BU;1;;;;;;;;;;;;;;;;;N;NEW;;;';NB-8800739d2759;NB-8800739d2759---1
;;;Zoning;4547957;'20190716125726;W01-C-Roeselare-FH03;4547957;'20190716125726;W01-C-Roeselare-FH03;12266;FTTH-Cu;;';';;;;;;;;';;'56560000;'35770;Zuidstraat;'73;';8800;Roeselare;;'62572,63;'181956,9;;Y;NA;3;3;Unknown;Unknown;;None;;;;;;;Y;NEW;;;';;;;LU;1;;;;;;;;;;;;;;;;;N;NEW;;;';NB-8800739d2759;NB-8800739d2759---0
;;;Zoning;4547957;'20190716125726;W01-C-Roeselare-FH03;4547957;'20190716125726;W01-C-Roeselare-FH03;12266;FTTH-Cu;;';';;;;;;;;';;'56560000;'35770;Zuidstraat;'75;';8800;Roeselare;;'62576,95;'181948,8;;N;IRREG;3;8;Unknown;Unknown;;None;;;;;;;Y;NEW;;;';;;;BU;1;;;;;;;;;;;;;;;;;N;NEW;;;';NB-880075dfd443;NB-880075dfd443---0
;;;Zoning;4547957;'20190716125726;W01-C-Roeselare-FH03;4547957;'20190716125726;W01-C-Roeselare-FH03;12266;FTTH-Cu;;';';;;;;;;;';;'56560000;'35770;Zuidstraat;'9;';8800;Roeselare;;'62554,58;'182288,06;;Y;NA;3;5;Unknown;Unknown;;None;;;;;;;Y;NEW;;;';;;;BU;1;;;;;;;;;;;;;;;;;N;NEW;;;';NB-88009ff3f11;NB-88009ff3f11---0
