Projectnummer;LU Key;CLUSTER_NR;BLOCK_NR;LAM MK;BLOCK_NR_LU;Opdrachttemplate;Straat;Huisnummer;Huisnummer Toevoeging
HASSELT - FH02;2407908;3;BL0231;2407908;BL0231;BUILDING template;Aldestraat;3;
HASSELT - FH02;2407909;3;BL0231;2407909;BL0231;BUILDING template;Aldestraat;5;
HASSELT - FH02;2407911;3;BL0231;2407911;BL0231;BUILDING template;Aldestraat;7;
HASSELT - FH02;2407914;3;BL0231;2407914;BL0231;BUILDING template;Aldestraat;9;
HASSELT - FH02;2407916;3;BL0231;2407916;BL0231;BUILDING template;Aldestraat;11;
HASSELT - FH02;2407918;3;BL0231;2407918;BL0231;BUILDING template;Aldestraat;13;
HASSELT - FH02;2407922;3;BL0231;2407922;BL0231;BUILDING template;Aldestraat;15;
HASSELT - FH02;2407925;3;BL0231;2407925;BL0231;BUILDING template;Aldestraat;17;
HASSELT - FH02;2407933;3;BL0231;2407933;BL0231;BUILDING template;Aldestraat;23;
HASSELT - FH02;71853;3;BL0231;71853;BL0231;BUILDING template;Aldestraat;27;
HASSELT - FH02;71854;3;BL0232;71854;BL0232;BUILDING template;Aldestraat;29;
HASSELT - FH02;2407950;3;BL0232;2407950;BL0232;BUILDING template;Aldestraat;35;
HASSELT - FH02;4855807;3;BL0232;4855807;BL0232;BUILDING template;Aldestraat;37;
HASSELT - FH02;2407955;3;BL0232;2407955;BL0232;BUILDING template;Aldestraat;39;
HASSELT - FH02;2407962;3;BL0232;2407962;BL0232;BUILDING template;Aldestraat;43;
HASSELT - FH02;2407964;3;BL0232;2407964;BL0232;BUILDING template;Aldestraat;45;
HASSELT - FH02;2407966;3;BL0232;2407966;BL0232;BUILDING template;Aldestraat;47;
HASSELT - FH02;2407968;3;BL0232;2407968;BL0232;BUILDING template;Aldestraat;49;
HASSELT - FH02;2407971;3;BL0232;2407971;BL0232;BUILDING template;Aldestraat;51;
HASSELT - FH02;2407973;3;BL0232;2407973;BL0232;BUILDING template;Aldestraat;53;
HASSELT - FH02;2407975;3;BL0232;2407975;BL0232;BUILDING template;Aldestraat;55;
HASSELT - FH02;71851;3;BL0232;71851;BL0232;BUILDING template;Aldestraat;59;
HASSELT - FH02;2407906;3;BL0234;2407906;BL0234;BUILDING template;Aldestraat;2;
HASSELT - FH02;2407913;3;BL0234;2407913;BL0234;BUILDING template;Aldestraat;8;
HASSELT - FH02;2407917;3;BL0234;2407917;BL0234;BUILDING template;Aldestraat;12;
HASSELT - FH02;2407920;3;BL0234;2407920;BL0234;BUILDING template;Aldestraat;14;
HASSELT - FH02;2407923;3;BL0234;2407923;BL0234;BUILDING template;Aldestraat;16;
HASSELT - FH02;2407928;3;BL0234;2407928;BL0234;BUILDING template;Aldestraat;18;
HASSELT - FH02;2407929;3;BL0234;2407929;BL0234;BUILDING template;Aldestraat;20;
HASSELT - FH02;2407935;3;BL0234;2407935;BL0234;BUILDING template;Aldestraat;24;
HASSELT - FH02;2407939;3;BL0234;2407939;BL0234;BUILDING template;Aldestraat;26;
HASSELT - FH02;677074;3;BL0234;677074;BL0234;BUILDING template;Aldestraat;28;
HASSELT - FH02;71855;3;BL0233;71855;BL0233;BUILDING template;Aldestraat;32;
HASSELT - FH02;2407948;3;BL0233;2407948;BL0233;BUILDING template;Aldestraat;34;
HASSELT - FH02;2407951;3;BL0233;2407951;BL0233;BUILDING template;Aldestraat;36;
HASSELT - FH02;2407953;3;BL0233;2407953;BL0233;BUILDING template;Aldestraat;38;
HASSELT - FH02;2407957;3;BL0233;2407957;BL0233;BUILDING template;Aldestraat;40;
HASSELT - FH02;2407963;3;BL0233;2407963;BL0233;BUILDING template;Aldestraat;44;
HASSELT - FH02;2407965;3;BL0233;2407965;BL0233;BUILDING template;Aldestraat;46;
HASSELT - FH02;2407967;3;BL0233;2407967;BL0233;BUILDING template;Aldestraat;48;
HASSELT - FH02;2407969;3;BL0233;2407969;BL0233;BUILDING template;Aldestraat;50;
HASSELT - FH02;3937211;3;BL0233;3937211;BL0233;BUILDING template;Aldestraat;52;
HASSELT - FH02;71852;3;BL0233;71852;BL0233;BUILDING template;Aldestraat;54;
HASSELT - FH02;5817003;3;BL0233;5817003;BL0233;BUILDING template;Aldestraat;30;
HASSELT - FH02;2407946;3;BL0232;2407946;BL0232;BUILDING template;Aldestraat;31;
HASSELT - FH02;2407977;3;BL0232;2407977;BL0232;BUILDING template;Aldestraat;57;
HASSELT - FH02;70326;1;BL0217;70326;BL0217;BUILDING template;Badderijstraat;2;
HASSELT - FH02;2408311;1;BL0217;2408311;BL0217;BUILDING template;Badderijstraat;3;
HASSELT - FH02;70327;1;BL0217;70327;BL0217;BUILDING template;Badderijstraat;4;
HASSELT - FH02;2408313;1;BL0217;2408313;BL0217;BUILDING template;Badderijstraat;6;
HASSELT - FH02;70328;1;BL0217;70328;BL0217;BUILDING template;Badderijstraat;8;
HASSELT - FH02;2408320;1;BL0217;2408320;BL0217;BUILDING template;Badderijstraat;10;
HASSELT - FH02;2408322;1;BL0217;2408322;BL0217;BUILDING template;Badderijstraat;12;
HASSELT - FH02;2408324;1;BL0217;2408324;BL0217;BUILDING template;Badderijstraat;14;
HASSELT - FH02;2408327;1;BL0217;2408327;BL0217;BUILDING template;Badderijstraat;16;
HASSELT - FH02;3955252;1;BL0217;3955252;BL0217;BUILDING template;Badderijstraat;18;
HASSELT - FH02;3937218;1;BL0217;3937218;BL0217;BUILDING template;Badderijstraat;20;
HASSELT - FH02;2408332;1;BL0217;2408332;BL0217;BUILDING template;Badderijstraat;21;
HASSELT - FH02;2408335;1;BL0217;2408335;BL0217;BUILDING template;Badderijstraat;23;
HASSELT - FH02;6438227;1;BL0217;6438227;BL0217;BUILDING template;Badderijstraat;3;A
HASSELT - FH02;653905;5;BL0242;653905;BL0242;BUILDING template;Bampslaan;2;
HASSELT - FH02;25126;5;BL0243;25126;BL0243;BUILDING template;Bampslaan;4;
HASSELT - FH02;653910;5;BL0243;653910;BL0243;BUILDING template;Bampslaan;6;
HASSELT - FH02;2408497;5;BL0243;2408497;BL0243;BUILDING template;Bampslaan;8;
HASSELT - FH02;2408499;5;BL0243;2408499;BL0243;BUILDING template;Bampslaan;10;
HASSELT - FH02;2408501;5;BL0243;2408501;BL0243;BUILDING template;Bampslaan;12;
HASSELT - FH02;2408504;5;BL0243;2408504;BL0243;BUILDING template;Bampslaan;14;
HASSELT - FH02;2408506;5;BL0243;2408506;BL0243;BUILDING template;Bampslaan;16;
HASSELT - FH02;2408509;5;BL0243;2408509;BL0243;BUILDING template;Bampslaan;18;
HASSELT - FH02;2408510;5;BL0243;2408510;BL0243;BUILDING template;Bampslaan;20;
HASSELT - FH02;2408512;5;BL0243;2408512;BL0243;BUILDING template;Bampslaan;22;
HASSELT - FH02;5391256;5;BL0243;5391256;BL0243;BUILDING template;Bampslaan;24;A
HASSELT - FH02;5422658;5;BL0243;5422658;BL0243;BUILDING template;Bampslaan;24;B
HASSELT - FH02;653906;5;BL0243;653906;BL0243;BUILDING template;Bampslaan;24;
HASSELT - FH02;653907;5;BL0243;653907;BL0243;BUILDING template;Bampslaan;26;
HASSELT - FH02;2408517;5;BL0243;2408517;BL0243;BUILDING template;Bampslaan;28;
HASSELT - FH02;2408519;5;BL0243;2408519;BL0243;BUILDING template;Bampslaan;30;
HASSELT - FH02;653909;5;BL0243;653909;BL0243;BUILDING template;Bampslaan;34;
HASSELT - FH02;4852348;5;BL0243;4852348;BL0243;BUILDING template;Bampslaan;36;
HASSELT - FH02;4852351;5;BL0243;4852351;BL0243;BUILDING template;Bampslaan;40;
HASSELT - FH02;2409716;1;BL0206;2409716;BL0206;BUILDING template;Bonnefantenstraat;3;
HASSELT - FH02;4846332;1;BL0206;4846332;BL0206;BUILDING template;Bonnefantenstraat;5;
HASSELT - FH02;2409717;1;BL0206;2409717;BL0206;BUILDING template;Bonnefantenstraat;7;
HASSELT - FH02;2409719;1;BL0206;2409719;BL0206;BUILDING template;Bonnefantenstraat;9;
HASSELT - FH02;2409721;1;BL0206;2409721;BL0206;BUILDING template;Bonnefantenstraat;11;
HASSELT - FH02;2409722;1;BL0206;2409722;BL0206;BUILDING template;Bonnefantenstraat;13;
HASSELT - FH02;2409723;1;BL0206;2409723;BL0206;BUILDING template;Bonnefantenstraat;15;
HASSELT - FH02;4846344;1;BL0206;4846344;BL0206;BUILDING template;Bonnefantenstraat;17;
HASSELT - FH02;69186;1;BL0206;69186;BL0206;BUILDING template;Bonnefantenstraat;19;
HASSELT - FH02;2409726;1;BL0205;2409726;BL0205;BUILDING template;Bonnefantenstraat;18;
HASSELT - FH02;69185;1;BL0205;69185;BL0205;BUILDING template;Bonnefantenstraat;20;
HASSELT - FH02;4846479;1;BL0205;4846479;BL0205;BUILDING template;Bonnefantenstraat;22;
HASSELT - FH02;2409729;1;BL0205;2409729;BL0205;BUILDING template;Bonnefantenstraat;24;
HASSELT - FH02;2409730;1;BL0205;2409730;BL0205;BUILDING template;Bonnefantenstraat;26;
HASSELT - FH02;70880;1;BL0206;70880;BL0206;BUILDING template;Bonnefantenstraat;1;
HASSELT - FH02;70207;1;BL0216;70207;BL0216;BUILDING template;Botermarkt;28;
HASSELT - FH02;2410323;1;BL0215;2410323;BL0215;BUILDING template;Botermarkt;2;
HASSELT - FH02;2410325;1;BL0215;2410325;BL0215;BUILDING template;Botermarkt;4;
HASSELT - FH02;4846432;1;BL0215;4846432;BL0215;BUILDING template;Botermarkt;6;
HASSELT - FH02;2410330;1;BL0215;2410330;BL0215;BUILDING template;Botermarkt;8;
HASSELT - FH02;2410335;1;BL0215;2410335;BL0215;BUILDING template;Botermarkt;10;
HASSELT - FH02;2410338;1;BL0215;2410338;BL0215;BUILDING template;Botermarkt;12;
HASSELT - FH02;2410344;1;BL0215;2410344;BL0215;BUILDING template;Botermarkt;14;
HASSELT - FH02;2410352;1;BL0215;2410352;BL0215;BUILDING template;Botermarkt;16;
HASSELT - FH02;2410357;1;BL0215;2410357;BL0215;BUILDING template;Botermarkt;18;
HASSELT - FH02;2410365;1;BL0215;2410365;BL0215;BUILDING template;Botermarkt;22;
HASSELT - FH02;2410369;1;BL0215;2410369;BL0215;BUILDING template;Botermarkt;24;
HASSELT - FH02;70319;1;BL0215;70319;BL0215;BUILDING template;Botermarkt;26;
HASSELT - FH02;2410367;2;BL0220;2410367;BL0220;BUILDING template;Botermarkt;23;
HASSELT - FH02;2410371;2;BL0220;2410371;BL0220;BUILDING template;Botermarkt;25;
HASSELT - FH02;2410326;2;BL0228;2410326;BL0228;BUILDING template;Botermarkt;5;
HASSELT - FH02;2410328;2;BL0228;2410328;BL0228;BUILDING template;Botermarkt;7;
HASSELT - FH02;1313084;2;BL0228;1313084;BL0228;BUILDING template;Botermarkt;9;
HASSELT - FH02;2410336;2;BL0228;2410336;BL0228;BUILDING template;Botermarkt;11;
HASSELT - FH02;2410341;2;BL0228;2410341;BL0228;BUILDING template;Botermarkt;13;
HASSELT - FH02;2410348;2;BL0228;2410348;BL0228;BUILDING template;Botermarkt;15;
HASSELT - FH02;2410354;2;BL0228;2410354;BL0228;BUILDING template;Botermarkt;17;
HASSELT - FH02;2410360;2;BL0228;2410360;BL0228;BUILDING template;Botermarkt;19;
HASSELT - FH02;655606;2;BL0228;655606;BL0228;BUILDING template;Botermarkt;21;
HASSELT - FH02;2410362;1;BL0215;2410362;BL0215;BUILDING template;Botermarkt;20;
HASSELT - FH02;2411597;2;BL0224;2411597;BL0224;BUILDING template;Capucienenstraat;10;
HASSELT - FH02;677154;2;BL0222;677154;BL0222;BUILDING template;Capucienenstraat;16;
HASSELT - FH02;5446607;2;BL0222;5446607;BL0222;BUILDING template;Capucienenstraat;17;
HASSELT - FH02;677153;2;BL0222;677153;BL0222;BUILDING template;Capucienenstraat;18;
HASSELT - FH02;677139;2;BL0222;677139;BL0222;BUILDING template;Capucienenstraat;19;
HASSELT - FH02;2411605;2;BL0222;2411605;BL0222;BUILDING template;Capucienenstraat;20;
HASSELT - FH02;678590;2;BL0222;678590;BL0222;BUILDING template;Capucienenstraat;21;
HASSELT - FH02;1480236;2;BL0222;1480236;BL0222;BUILDING template;Capucienenstraat;22;
HASSELT - FH02;2411616;2;BL0222;2411616;BL0222;BUILDING template;Capucienenstraat;23;
HASSELT - FH02;2411617;2;BL0222;2411617;BL0222;BUILDING template;Capucienenstraat;24;
HASSELT - FH02;677140;2;BL0222;677140;BL0222;BUILDING template;Capucienenstraat;25;
HASSELT - FH02;4856649;2;BL0222;4856649;BL0222;BUILDING template;Capucienenstraat;26;
HASSELT - FH02;2411618;2;BL0222;2411618;BL0222;BUILDING template;Capucienenstraat;28;
HASSELT - FH02;2411596;2;BL0223;2411596;BL0223;BUILDING template;Capucienenstraat;1;
HASSELT - FH02;655678;3;BL0239;655678;BL0239;BUILDING template;Cellebroedersstraat;1;
HASSELT - FH02;2412002;3;BL0239;2412002;BL0239;BUILDING template;Cellebroedersstraat;3;
HASSELT - FH02;2412005;3;BL0239;2412005;BL0239;BUILDING template;Cellebroedersstraat;5;
HASSELT - FH02;2412008;3;BL0239;2412008;BL0239;BUILDING template;Cellebroedersstraat;9;
HASSELT - FH02;2412013;3;BL0239;2412013;BL0239;BUILDING template;Cellebroedersstraat;11;
HASSELT - FH02;2412016;3;BL0239;2412016;BL0239;BUILDING template;Cellebroedersstraat;13;
HASSELT - FH02;5944954;3;BL0239;5944954;BL0239;BUILDING template;Cellebroedersstraat;11;A
HASSELT - FH02;4856341;3;BL0240;4856341;BL0240;BUILDING template;Cellebroedersstraat;4;
HASSELT - FH02;656234;3;BL0240;656234;BL0240;BUILDING template;Cellebroedersstraat;26;
HASSELT - FH02;677216;3;BL0237;677216;BL0237;BUILDING template;de Schiervellaan;4;
HASSELT - FH02;677215;3;BL0237;677215;BL0237;BUILDING template;de Schiervellaan;6;
HASSELT - FH02;3922327;3;BL0237;3922327;BL0237;BUILDING template;de Schiervellaan;8;
HASSELT - FH02;677214;3;BL0237;677214;BL0237;BUILDING template;de Schiervellaan;10;
HASSELT - FH02;656320;3;BL0237;656320;BL0237;BUILDING template;de Schiervellaan;12;
HASSELT - FH02;2438175;3;BL0237;2438175;BL0237;BUILDING template;de Schiervellaan;2;A
HASSELT - FH02;5523167;3;BL0237;5523167;BL0237;BUILDING template;de Schiervellaan;8;A
HASSELT - FH02;677213;3;BL0237;677213;BL0237;BUILDING template;de Schiervellaan;12;A
HASSELT - FH02;656321;3;BL0238;656321;BL0238;BUILDING template;de Schiervellaan;14;
HASSELT - FH02;4847207;3;BL0238;4847207;BL0238;BUILDING template;de Schiervellaan;22;
HASSELT - FH02;656322;3;BL0238;656322;BL0238;BUILDING template;de Schiervellaan;26;
HASSELT - FH02;656323;3;BL0238;656323;BL0238;BUILDING template;de Schiervellaan;28;
HASSELT - FH02;2438199;5;BL0242;2438199;BL0242;BUILDING template;de Schiervellaan;15;
HASSELT - FH02;2438201;5;BL0242;2438201;BL0242;BUILDING template;de Schiervellaan;17;
HASSELT - FH02;653901;5;BL0242;653901;BL0242;BUILDING template;de Schiervellaan;19;
HASSELT - FH02;653896;5;BL0242;653896;BL0242;BUILDING template;de Schiervellaan;21;
HASSELT - FH02;653897;5;BL0242;653897;BL0242;BUILDING template;de Schiervellaan;23;
HASSELT - FH02;2438214;5;BL0242;2438214;BL0242;BUILDING template;de Schiervellaan;31;
HASSELT - FH02;2438216;5;BL0242;2438216;BL0242;BUILDING template;de Schiervellaan;33;
HASSELT - FH02;2438217;5;BL0242;2438217;BL0242;BUILDING template;de Schiervellaan;35;
HASSELT - FH02;653898;5;BL0242;653898;BL0242;BUILDING template;de Schiervellaan;37;
HASSELT - FH02;653899;5;BL0242;653899;BL0242;BUILDING template;de Schiervellaan;39;
HASSELT - FH02;677217;3;BL0237;677217;BL0237;BUILDING template;de Schiervellaan;2;
HASSELT - FH02;6212127;3;BL0238;6212127;BL0238;BUILDING template;de Schiervellaan;22;A
HASSELT - FH02;3937285;4;BL0201;3937285;BL0201;BUILDING template;Demerstraat;88;
HASSELT - FH02;5446608;4;BL0201;5446608;BL0201;BUILDING template;Demerstraat;90;
HASSELT - FH02;2412876;4;BL0201;2412876;BL0201;BUILDING template;Demerstraat;92;
HASSELT - FH02;2412881;4;BL0201;2412881;BL0201;BUILDING template;Demerstraat;94;
HASSELT - FH02;2412699;4;BL0203;2412699;BL0203;BUILDING template;Demerstraat;56;
HASSELT - FH02;1143120;4;BL0203;1143120;BL0203;BUILDING template;Demerstraat;58;
HASSELT - FH02;1143121;4;BL0203;1143121;BL0203;BUILDING template;Demerstraat;60;
HASSELT - FH02;2412717;4;BL0203;2412717;BL0203;BUILDING template;Demerstraat;64;
HASSELT - FH02;2412730;4;BL0203;2412730;BL0203;BUILDING template;Demerstraat;68;
HASSELT - FH02;70912;4;BL0203;70912;BL0203;BUILDING template;Demerstraat;72;
HASSELT - FH02;2412739;4;BL0203;2412739;BL0203;BUILDING template;Demerstraat;76;
HASSELT - FH02;70913;4;BL0203;70913;BL0203;BUILDING template;Demerstraat;78;
HASSELT - FH02;70234;4;BL0203;70234;BL0203;BUILDING template;Demerstraat;80;
HASSELT - FH02;5422373;4;BL0203;5422373;BL0203;BUILDING template;Demerstraat;80;A
HASSELT - FH02;70228;1;BL0205;70228;BL0205;BUILDING template;Demerstraat;47;
HASSELT - FH02;2412686;1;BL0205;2412686;BL0205;BUILDING template;Demerstraat;49;
HASSELT - FH02;2412692;1;BL0205;2412692;BL0205;BUILDING template;Demerstraat;51;
HASSELT - FH02;4846597;1;BL0205;4846597;BL0205;BUILDING template;Demerstraat;53;
HASSELT - FH02;2412697;1;BL0205;2412697;BL0205;BUILDING template;Demerstraat;55;
HASSELT - FH02;2412702;1;BL0205;2412702;BL0205;BUILDING template;Demerstraat;57;
HASSELT - FH02;2412707;1;BL0205;2412707;BL0205;BUILDING template;Demerstraat;59;
HASSELT - FH02;2412711;1;BL0205;2412711;BL0205;BUILDING template;Demerstraat;61;
HASSELT - FH02;2412714;1;BL0205;2412714;BL0205;BUILDING template;Demerstraat;63;
HASSELT - FH02;2412720;1;BL0205;2412720;BL0205;BUILDING template;Demerstraat;65;
HASSELT - FH02;2412727;1;BL0205;2412727;BL0205;BUILDING template;Demerstraat;67;
HASSELT - FH02;2412733;1;BL0205;2412733;BL0205;BUILDING template;Demerstraat;69;
HASSELT - FH02;2412740;1;BL0205;2412740;BL0205;BUILDING template;Demerstraat;77;
HASSELT - FH02;2412743;1;BL0205;2412743;BL0205;BUILDING template;Demerstraat;79;
HASSELT - FH02;70231;1;BL0205;70231;BL0205;BUILDING template;Demerstraat;81;
HASSELT - FH02;70232;1;BL0205;70232;BL0205;BUILDING template;Demerstraat;83;
HASSELT - FH02;70229;1;BL0205;70229;BL0205;BUILDING template;Demerstraat;85;
HASSELT - FH02;2412872;1;BL0205;2412872;BL0205;BUILDING template;Demerstraat;89;
HASSELT - FH02;2412875;1;BL0205;2412875;BL0205;BUILDING template;Demerstraat;91;
HASSELT - FH02;2412879;1;BL0205;2412879;BL0205;BUILDING template;Demerstraat;93;
HASSELT - FH02;2412883;1;BL0205;2412883;BL0205;BUILDING template;Demerstraat;95;
HASSELT - FH02;70415;1;BL0205;70415;BL0205;BUILDING template;Demerstraat;97;
HASSELT - FH02;70233;1;BL0205;70233;BL0205;BUILDING template;Demerstraat;99;
HASSELT - FH02;70210;1;BL0204;70210;BL0204;BUILDING template;Demerstraat;101;
HASSELT - FH02;2412891;1;BL0204;2412891;BL0204;BUILDING template;Demerstraat;103;
HASSELT - FH02;2412893;1;BL0204;2412893;BL0204;BUILDING template;Demerstraat;105;
HASSELT - FH02;70211;1;BL0204;70211;BL0204;BUILDING template;Demerstraat;107;
HASSELT - FH02;2412896;1;BL0204;2412896;BL0204;BUILDING template;Demerstraat;109;
HASSELT - FH02;70305;4;BL0211;70305;BL0211;BUILDING template;Demerstraat;14;
HASSELT - FH02;2412632;4;BL0211;2412632;BL0211;BUILDING template;Demerstraat;16;
HASSELT - FH02;2412640;4;BL0211;2412640;BL0211;BUILDING template;Demerstraat;18;
HASSELT - FH02;2412643;4;BL0211;2412643;BL0211;BUILDING template;Demerstraat;20;
HASSELT - FH02;2412645;4;BL0211;2412645;BL0211;BUILDING template;Demerstraat;24;
HASSELT - FH02;2412646;4;BL0211;2412646;BL0211;BUILDING template;Demerstraat;26;
HASSELT - FH02;70309;4;BL0211;70309;BL0211;BUILDING template;Demerstraat;28;
HASSELT - FH02;70310;4;BL0211;70310;BL0211;BUILDING template;Demerstraat;30;
HASSELT - FH02;5593835;4;BL0211;5593835;BL0211;BUILDING template;Demerstraat;22;A
HASSELT - FH02;2412644;4;BL0211;2412644;BL0211;BUILDING template;Demerstraat;22;B
HASSELT - FH02;70227;4;BL0207;70227;BL0207;BUILDING template;Demerstraat;34;
HASSELT - FH02;4846990;4;BL0207;4846990;BL0207;BUILDING template;Demerstraat;36;
HASSELT - FH02;71020;4;BL0207;71020;BL0207;BUILDING template;Demerstraat;38;
HASSELT - FH02;2412672;4;BL0207;2412672;BL0207;BUILDING template;Demerstraat;42;
HASSELT - FH02;4847068;4;BL0207;4847068;BL0207;BUILDING template;Demerstraat;44;
HASSELT - FH02;2412681;4;BL0207;2412681;BL0207;BUILDING template;Demerstraat;46;
HASSELT - FH02;2412684;4;BL0207;2412684;BL0207;BUILDING template;Demerstraat;48;
HASSELT - FH02;2412689;4;BL0207;2412689;BL0207;BUILDING template;Demerstraat;50;
HASSELT - FH02;2412695;4;BL0207;2412695;BL0207;BUILDING template;Demerstraat;52;
HASSELT - FH02;3937283;4;BL0207;3937283;BL0207;BUILDING template;Demerstraat;40;A
HASSELT - FH02;2412663;4;BL0207;2412663;BL0207;BUILDING template;Demerstraat;40;B
HASSELT - FH02;70303;4;BL0214;70303;BL0214;BUILDING template;Demerstraat;2;
HASSELT - FH02;2412609;4;BL0214;2412609;BL0214;BUILDING template;Demerstraat;4;
HASSELT - FH02;2412621;4;BL0214;2412621;BL0214;BUILDING template;Demerstraat;10;
HASSELT - FH02;2412606;1;BL0215;2412606;BL0215;BUILDING template;Demerstraat;3;
HASSELT - FH02;2412615;1;BL0215;2412615;BL0215;BUILDING template;Demerstraat;7;
HASSELT - FH02;2412618;1;BL0215;2412618;BL0215;BUILDING template;Demerstraat;9;
HASSELT - FH02;2412628;1;BL0215;2412628;BL0215;BUILDING template;Demerstraat;13;
HASSELT - FH02;2412635;1;BL0215;2412635;BL0215;BUILDING template;Demerstraat;17;
HASSELT - FH02;70306;1;BL0215;70306;BL0215;BUILDING template;Demerstraat;19;
HASSELT - FH02;70307;1;BL0215;70307;BL0215;BUILDING template;Demerstraat;21;
HASSELT - FH02;4846237;1;BL0215;4846237;BL0215;BUILDING template;Demerstraat;23;
HASSELT - FH02;4846239;1;BL0215;4846239;BL0215;BUILDING template;Demerstraat;25;
HASSELT - FH02;2412647;1;BL0215;2412647;BL0215;BUILDING template;Demerstraat;27;
HASSELT - FH02;2412648;1;BL0215;2412648;BL0215;BUILDING template;Demerstraat;29;
HASSELT - FH02;2412649;1;BL0215;2412649;BL0215;BUILDING template;Demerstraat;31;
HASSELT - FH02;2412650;1;BL0215;2412650;BL0215;BUILDING template;Demerstraat;33;
HASSELT - FH02;2412651;1;BL0215;2412651;BL0215;BUILDING template;Demerstraat;35;
HASSELT - FH02;2412654;1;BL0215;2412654;BL0215;BUILDING template;Demerstraat;37;
HASSELT - FH02;2412659;1;BL0215;2412659;BL0215;BUILDING template;Demerstraat;39;
HASSELT - FH02;2412669;1;BL0215;2412669;BL0215;BUILDING template;Demerstraat;41;
HASSELT - FH02;2412675;1;BL0215;2412675;BL0215;BUILDING template;Demerstraat;43;
HASSELT - FH02;70312;1;BL0215;70312;BL0215;BUILDING template;Demerstraat;45;
HASSELT - FH02;70910;4;BL0203;70910;BL0203;BUILDING template;Demerstraat;62;
HASSELT - FH02;70911;4;BL0203;70911;BL0203;BUILDING template;Demerstraat;66;
HASSELT - FH02;70308;4;BL0211;70308;BL0211;BUILDING template;Demerstraat;22;
HASSELT - FH02;3937282;4;BL0207;3937282;BL0207;BUILDING template;Demerstraat;38;B
HASSELT - FH02;5320257;4;BL0201;5320257;BL0201;BUILDING template;Demerstraat;86;
HASSELT - FH02;2412666;4;BL0207;2412666;BL0207;BUILDING template;Demerstraat;40;C
HASSELT - FH02;71865;4;BL0209;71865;BL0209;BUILDING template;Diesterstraat;1;
HASSELT - FH02;677179;4;BL0209;677179;BL0209;BUILDING template;Diesterstraat;3;
HASSELT - FH02;2413107;4;BL0209;2413107;BL0209;BUILDING template;Diesterstraat;5;
HASSELT - FH02;2413111;4;BL0209;2413111;BL0209;BUILDING template;Diesterstraat;7;
HASSELT - FH02;2413114;4;BL0209;2413114;BL0209;BUILDING template;Diesterstraat;9;
HASSELT - FH02;2413117;4;BL0209;2413117;BL0209;BUILDING template;Diesterstraat;11;
HASSELT - FH02;4857592;4;BL0209;4857592;BL0209;BUILDING template;Diesterstraat;13;
HASSELT - FH02;4857594;4;BL0209;4857594;BL0209;BUILDING template;Diesterstraat;15;
HASSELT - FH02;2413121;4;BL0209;2413121;BL0209;BUILDING template;Diesterstraat;17;
HASSELT - FH02;2413125;4;BL0209;2413125;BL0209;BUILDING template;Diesterstraat;19;
HASSELT - FH02;2413129;4;BL0209;2413129;BL0209;BUILDING template;Diesterstraat;21;
HASSELT - FH02;2413131;4;BL0209;2413131;BL0209;BUILDING template;Diesterstraat;23;
HASSELT - FH02;677177;3;BL0237;677177;BL0237;BUILDING template;Diesterstraat;2;
HASSELT - FH02;2413104;3;BL0237;2413104;BL0237;BUILDING template;Diesterstraat;4;
HASSELT - FH02;2413109;3;BL0237;2413109;BL0237;BUILDING template;Diesterstraat;6;
HASSELT - FH02;2413113;3;BL0237;2413113;BL0237;BUILDING template;Diesterstraat;8;
HASSELT - FH02;2413116;3;BL0237;2413116;BL0237;BUILDING template;Diesterstraat;10;
HASSELT - FH02;4103696;3;BL0237;4103696;BL0237;BUILDING template;Diesterstraat;16;
HASSELT - FH02;2413123;3;BL0237;2413123;BL0237;BUILDING template;Diesterstraat;18;
HASSELT - FH02;2413127;3;BL0237;2413127;BL0237;BUILDING template;Diesterstraat;20;
HASSELT - FH02;4070957;3;BL0237;4070957;BL0237;BUILDING template;Diesterstraat;22;
HASSELT - FH02;4856430;3;BL0237;4856430;BL0237;BUILDING template;Diesterstraat;24;
HASSELT - FH02;677176;3;BL0237;677176;BL0237;BUILDING template;Diesterstraat;26;
HASSELT - FH02;70237;4;BL0210;70237;BL0210;BUILDING template;Dokter Willemsstraat;25;
HASSELT - FH02;4857704;4;BL0210;4857704;BL0210;BUILDING template;Dokter Willemsstraat;27;
HASSELT - FH02;71849;4;BL0210;71849;BL0210;BUILDING template;Dokter Willemsstraat;29;
HASSELT - FH02;71846;4;BL0209;71846;BL0209;BUILDING template;Dokter Willemsstraat;2;
HASSELT - FH02;2447883;4;BL0209;2447883;BL0209;BUILDING template;Dokter Willemsstraat;4;
HASSELT - FH02;2447887;4;BL0209;2447887;BL0209;BUILDING template;Dokter Willemsstraat;6;
HASSELT - FH02;4857646;4;BL0209;4857646;BL0209;BUILDING template;Dokter Willemsstraat;8;
HASSELT - FH02;71845;4;BL0209;71845;BL0209;BUILDING template;Dokter Willemsstraat;10;
HASSELT - FH02;2447892;4;BL0209;2447892;BL0209;BUILDING template;Dokter Willemsstraat;12;
HASSELT - FH02;2447897;4;BL0209;2447897;BL0209;BUILDING template;Dokter Willemsstraat;14;
HASSELT - FH02;71844;4;BL0209;71844;BL0209;BUILDING template;Dokter Willemsstraat;16;
HASSELT - FH02;4857668;4;BL0209;4857668;BL0209;BUILDING template;Dokter Willemsstraat;18;
HASSELT - FH02;1238445;4;BL0209;1238445;BL0209;BUILDING template;Dokter Willemsstraat;22;
HASSELT - FH02;1313583;4;BL0209;1313583;BL0209;BUILDING template;Dokter Willemsstraat;24;
HASSELT - FH02;2447910;4;BL0209;2447910;BL0209;BUILDING template;Dokter Willemsstraat;26;
HASSELT - FH02;2447913;4;BL0209;2447913;BL0209;BUILDING template;Dokter Willemsstraat;28;
HASSELT - FH02;2447917;4;BL0209;2447917;BL0209;BUILDING template;Dokter Willemsstraat;30;
HASSELT - FH02;4857583;4;BL0209;4857583;BL0209;BUILDING template;Dokter Willemsstraat;32;
HASSELT - FH02;70238;4;BL0209;70238;BL0209;BUILDING template;Dokter Willemsstraat;34;
HASSELT - FH02;70239;4;BL0209;70239;BL0209;BUILDING template;Dokter Willemsstraat;38;
HASSELT - FH02;2447925;4;BL0209;2447925;BL0209;BUILDING template;Dokter Willemsstraat;44;
HASSELT - FH02;71850;3;BL0232;71850;BL0232;BUILDING template;Dokter Willemsstraat;19;
HASSELT - FH02;4856112;3;BL0233;4856112;BL0233;BUILDING template;Dokter Willemsstraat;3;
HASSELT - FH02;2447886;3;BL0233;2447886;BL0233;BUILDING template;Dokter Willemsstraat;5;
HASSELT - FH02;2447889;3;BL0233;2447889;BL0233;BUILDING template;Dokter Willemsstraat;7;
HASSELT - FH02;2447890;3;BL0233;2447890;BL0233;BUILDING template;Dokter Willemsstraat;9;
HASSELT - FH02;2447891;3;BL0233;2447891;BL0233;BUILDING template;Dokter Willemsstraat;11;
HASSELT - FH02;71848;3;BL0233;71848;BL0233;BUILDING template;Dokter Willemsstraat;13;
HASSELT - FH02;4857683;3;BL0232;4857683;BL0232;BUILDING template;Dokter Willemsstraat;17;
HASSELT - FH02;2447901;4;BL0209;2447901;BL0209;BUILDING template;Dokter Willemsstraat;20;
HASSELT - FH02;5781015;4;BL0209;5781015;BL0209;BUILDING template;Dokter Willemsstraat;42;
HASSELT - FH02;70335;4;BL0202;70335;BL0202;BUILDING template;Dorpstraat;18;
HASSELT - FH02;70340;4;BL0202;70340;BL0202;BUILDING template;Dorpstraat;20;
HASSELT - FH02;2414108;4;BL0202;2414108;BL0202;BUILDING template;Dorpstraat;22;
HASSELT - FH02;4846051;4;BL0202;4846051;BL0202;BUILDING template;Dorpstraat;24;
HASSELT - FH02;2414111;4;BL0202;2414111;BL0202;BUILDING template;Dorpstraat;26;
HASSELT - FH02;2414115;4;BL0202;2414115;BL0202;BUILDING template;Dorpstraat;28;
HASSELT - FH02;2414118;4;BL0202;2414118;BL0202;BUILDING template;Dorpstraat;30;
HASSELT - FH02;2414123;4;BL0202;2414123;BL0202;BUILDING template;Dorpstraat;34;
HASSELT - FH02;2414126;4;BL0202;2414126;BL0202;BUILDING template;Dorpstraat;36;
HASSELT - FH02;2414129;4;BL0202;2414129;BL0202;BUILDING template;Dorpstraat;38;
HASSELT - FH02;70339;4;BL0202;70339;BL0202;BUILDING template;Dorpstraat;40;
HASSELT - FH02;6145395;4;BL0202;6145395;BL0202;BUILDING template;Dorpstraat;42;
HASSELT - FH02;70106;4;BL0208;70106;BL0208;BUILDING template;Dorpstraat;3;
HASSELT - FH02;4846751;4;BL0208;4846751;BL0208;BUILDING template;Dorpstraat;5;
HASSELT - FH02;2414093;4;BL0208;2414093;BL0208;BUILDING template;Dorpstraat;7;
HASSELT - FH02;2414095;4;BL0208;2414095;BL0208;BUILDING template;Dorpstraat;9;
HASSELT - FH02;2414099;4;BL0208;2414099;BL0208;BUILDING template;Dorpstraat;11;
HASSELT - FH02;2414101;4;BL0208;2414101;BL0208;BUILDING template;Dorpstraat;13;
HASSELT - FH02;70102;4;BL0208;70102;BL0208;BUILDING template;Dorpstraat;15;
HASSELT - FH02;71104;4;BL0208;71104;BL0208;BUILDING template;Dorpstraat;21;
HASSELT - FH02;70338;4;BL0208;70338;BL0208;BUILDING template;Dorpstraat;23;
HASSELT - FH02;71103;4;BL0208;71103;BL0208;BUILDING template;Dorpstraat;25;
HASSELT - FH02;4144972;4;BL0208;4144972;BL0208;BUILDING template;Dorpstraat;27;
HASSELT - FH02;70336;4;BL0208;70336;BL0208;BUILDING template;Dorpstraat;29;
HASSELT - FH02;2414120;4;BL0208;2414120;BL0208;BUILDING template;Dorpstraat;31;
HASSELT - FH02;2414122;4;BL0208;2414122;BL0208;BUILDING template;Dorpstraat;33;
HASSELT - FH02;2414125;4;BL0208;2414125;BL0208;BUILDING template;Dorpstraat;35;
HASSELT - FH02;2414128;4;BL0208;2414128;BL0208;BUILDING template;Dorpstraat;37;
HASSELT - FH02;2414131;4;BL0208;2414131;BL0208;BUILDING template;Dorpstraat;39;
HASSELT - FH02;4846743;4;BL0208;4846743;BL0208;BUILDING template;Dorpstraat;41;
HASSELT - FH02;2414133;4;BL0208;2414133;BL0208;BUILDING template;Dorpstraat;43;
HASSELT - FH02;2414113;4;BL0208;2414113;BL0208;BUILDING template;Dorpstraat;27;A
HASSELT - FH02;70337;4;BL0208;70337;BL0208;BUILDING template;Dorpstraat;37;A
HASSELT - FH02;70104;4;BL0210;70104;BL0210;BUILDING template;Dorpstraat;8;
HASSELT - FH02;2414097;4;BL0210;2414097;BL0210;BUILDING template;Dorpstraat;10;
HASSELT - FH02;4145239;4;BL0210;4145239;BL0210;BUILDING template;Dorpstraat;12;
HASSELT - FH02;69351;4;BL0210;69351;BL0210;BUILDING template;Dorpstraat;16;
HASSELT - FH02;6391803;4;BL0208;6391803;BL0208;BUILDING template;Dorpstraat;1;
HASSELT - FH02;677166;2;BL0220;677166;BL0220;BUILDING template;Fruitmarkt;26;
HASSELT - FH02;2415079;2;BL0220;2415079;BL0220;BUILDING template;Fruitmarkt;30;
HASSELT - FH02;677043;2;BL0220;677043;BL0220;BUILDING template;Fruitmarkt;32;
HASSELT - FH02;677163;2;BL0220;677163;BL0220;BUILDING template;Fruitmarkt;34;
HASSELT - FH02;677165;2;BL0228;677165;BL0228;BUILDING template;Fruitmarkt;12;
HASSELT - FH02;2415074;2;BL0228;2415074;BL0228;BUILDING template;Fruitmarkt;14;
HASSELT - FH02;2415075;2;BL0228;2415075;BL0228;BUILDING template;Fruitmarkt;16;
HASSELT - FH02;2415076;2;BL0228;2415076;BL0228;BUILDING template;Fruitmarkt;18;
HASSELT - FH02;2415077;2;BL0228;2415077;BL0228;BUILDING template;Fruitmarkt;20;
HASSELT - FH02;2415078;2;BL0228;2415078;BL0228;BUILDING template;Fruitmarkt;22;
HASSELT - FH02;677164;2;BL0228;677164;BL0228;BUILDING template;Fruitmarkt;24;
HASSELT - FH02;2415068;2;BL0230;2415068;BL0230;BUILDING template;Fruitmarkt;3;
HASSELT - FH02;655614;2;BL0230;655614;BL0230;BUILDING template;Fruitmarkt;5;
HASSELT - FH02;655613;2;BL0230;655613;BL0230;BUILDING template;Fruitmarkt;7;
HASSELT - FH02;655612;2;BL0230;655612;BL0230;BUILDING template;Fruitmarkt;11;
HASSELT - FH02;655616;2;BL0229;655616;BL0229;BUILDING template;Fruitmarkt;6;
HASSELT - FH02;655615;2;BL0229;655615;BL0229;BUILDING template;Fruitmarkt;8;
HASSELT - FH02;4856142;2;BL0220;4856142;BL0220;BUILDING template;Fruitmarkt;28;
HASSELT - FH02;2415253;4;BL0201;2415253;BL0201;BUILDING template;Gasthuisstraat;11;
HASSELT - FH02;70243;4;BL0214;70243;BL0214;BUILDING template;Groenplein;1;
HASSELT - FH02;2416474;2;BL0226;2416474;BL0226;BUILDING template;Grote Markt;13;
HASSELT - FH02;2416476;2;BL0226;2416476;BL0226;BUILDING template;Grote Markt;14;
HASSELT - FH02;2416478;2;BL0226;2416478;BL0226;BUILDING template;Grote Markt;15;
HASSELT - FH02;2416465;2;BL0230;2416465;BL0230;BUILDING template;Grote Markt;5;
HASSELT - FH02;2416467;2;BL0230;2416467;BL0230;BUILDING template;Grote Markt;6;
HASSELT - FH02;675802;2;BL0230;675802;BL0230;BUILDING template;Grote Markt;7;
HASSELT - FH02;2416469;2;BL0230;2416469;BL0230;BUILDING template;Grote Markt;8;
HASSELT - FH02;655604;2;BL0230;655604;BL0230;BUILDING template;Grote Markt;9;
HASSELT - FH02;2416470;2;BL0230;2416470;BL0230;BUILDING template;Grote Markt;10;
HASSELT - FH02;655605;2;BL0230;655605;BL0230;BUILDING template;Grote Markt;11;
HASSELT - FH02;2416458;3;BL0236;2416458;BL0236;BUILDING template;Grote Markt;2;
HASSELT - FH02;2416460;3;BL0236;2416460;BL0236;BUILDING template;Grote Markt;3;
HASSELT - FH02;6145396;3;BL0240;6145396;BL0240;BUILDING template;Grote Markt;26;
HASSELT - FH02;2416456;3;BL0236;2416456;BL0236;BUILDING template;Grote Markt;1;
HASSELT - FH02;2416463;2;BL0230;2416463;BL0230;BUILDING template;Grote Markt;4;
HASSELT - FH02;2416483;2;BL0225;2416483;BL0225;BUILDING template;Grote Markt;16;
HASSELT - FH02;2416486;2;BL0225;2416486;BL0225;BUILDING template;Grote Markt;17;
HASSELT - FH02;3937333;2;BL0225;3937333;BL0225;BUILDING template;Grote Markt;18;
HASSELT - FH02;3922268;2;BL0225;3922268;BL0225;BUILDING template;Grote Markt;21;
HASSELT - FH02;2416655;2;BL0221;2416655;BL0221;BUILDING template;Guffenslaan;96;
HASSELT - FH02;2416657;2;BL0221;2416657;BL0221;BUILDING template;Guffenslaan;98;
HASSELT - FH02;2416659;2;BL0221;2416659;BL0221;BUILDING template;Guffenslaan;100;
HASSELT - FH02;2416661;2;BL0221;2416661;BL0221;BUILDING template;Guffenslaan;102;
HASSELT - FH02;655430;2;BL0221;655430;BL0221;BUILDING template;Guffenslaan;104;
HASSELT - FH02;655427;2;BL0221;655427;BL0221;BUILDING template;Guffenslaan;114;
HASSELT - FH02;675833;2;BL0224;675833;BL0224;BUILDING template;Guffenslaan;26;
HASSELT - FH02;675829;2;BL0224;675829;BL0224;BUILDING template;Guffenslaan;28;
HASSELT - FH02;4856395;2;BL0224;4856395;BL0224;BUILDING template;Guffenslaan;34;
HASSELT - FH02;2416591;2;BL0224;2416591;BL0224;BUILDING template;Guffenslaan;36;
HASSELT - FH02;2416593;2;BL0224;2416593;BL0224;BUILDING template;Guffenslaan;38;
HASSELT - FH02;4856399;2;BL0224;4856399;BL0224;BUILDING template;Guffenslaan;40;
HASSELT - FH02;2416597;2;BL0224;2416597;BL0224;BUILDING template;Guffenslaan;42;
HASSELT - FH02;2416610;2;BL0224;2416610;BL0224;BUILDING template;Guffenslaan;44;
HASSELT - FH02;2416613;2;BL0224;2416613;BL0224;BUILDING template;Guffenslaan;46;
HASSELT - FH02;675838;2;BL0224;675838;BL0224;BUILDING template;Guffenslaan;48;
HASSELT - FH02;6145397;2;BL0224;6145397;BL0224;BUILDING template;Guffenslaan;38;A
HASSELT - FH02;675840;2;BL0222;675840;BL0222;BUILDING template;Guffenslaan;50;
HASSELT - FH02;1390242;2;BL0222;1390242;BL0222;BUILDING template;Guffenslaan;52;
HASSELT - FH02;1471790;2;BL0222;1471790;BL0222;BUILDING template;Guffenslaan;56;
HASSELT - FH02;661571;2;BL0222;661571;BL0222;BUILDING template;Guffenslaan;58;
HASSELT - FH02;2416626;2;BL0222;2416626;BL0222;BUILDING template;Guffenslaan;60;
HASSELT - FH02;2416630;2;BL0222;2416630;BL0222;BUILDING template;Guffenslaan;62;
HASSELT - FH02;2416632;2;BL0222;2416632;BL0222;BUILDING template;Guffenslaan;64;
HASSELT - FH02;2416637;2;BL0222;2416637;BL0222;BUILDING template;Guffenslaan;66;
HASSELT - FH02;2416642;2;BL0222;2416642;BL0222;BUILDING template;Guffenslaan;68;
HASSELT - FH02;2416644;2;BL0222;2416644;BL0222;BUILDING template;Guffenslaan;70;
HASSELT - FH02;2416646;2;BL0222;2416646;BL0222;BUILDING template;Guffenslaan;72;
HASSELT - FH02;4074402;2;BL0222;4074402;BL0222;BUILDING template;Guffenslaan;74;
HASSELT - FH02;675841;2;BL0222;675841;BL0222;BUILDING template;Guffenslaan;76;
HASSELT - FH02;1305230;2;BL0222;1305230;BL0222;BUILDING template;Guffenslaan;84;
HASSELT - FH02;2416654;2;BL0222;2416654;BL0222;BUILDING template;Guffenslaan;86;
HASSELT - FH02;4856658;2;BL0222;4856658;BL0222;BUILDING template;Guffenslaan;88;
HASSELT - FH02;4255731;2;BL0222;4255731;BL0222;BUILDING template;Guffenslaan;90;
HASSELT - FH02;656228;2;BL0225;656228;BL0225;BUILDING template;Guffenslaan;2;
HASSELT - FH02;4853169;2;BL0225;4853169;BL0225;BUILDING template;Guffenslaan;4;
HASSELT - FH02;656229;2;BL0225;656229;BL0225;BUILDING template;Guffenslaan;8;
HASSELT - FH02;656230;2;BL0225;656230;BL0225;BUILDING template;Guffenslaan;10;
HASSELT - FH02;2416578;2;BL0225;2416578;BL0225;BUILDING template;Guffenslaan;12;
HASSELT - FH02;656231;2;BL0225;656231;BL0225;BUILDING template;Guffenslaan;14;
HASSELT - FH02;656232;2;BL0225;656232;BL0225;BUILDING template;Guffenslaan;16;
HASSELT - FH02;656233;2;BL0225;656233;BL0225;BUILDING template;Guffenslaan;18;
HASSELT - FH02;4856474;2;BL0224;4856474;BL0224;BUILDING template;Guffenslaan;20;
HASSELT - FH02;655429;2;BL0221;655429;BL0221;BUILDING template;Guffenslaan;108;
HASSELT - FH02;655420;2;BL0221;655420;BL0221;BUILDING template;Guido Gezellestraat;4;
HASSELT - FH02;2415815;2;BL0221;2415815;BL0221;BUILDING template;Guido Gezellestraat;6;
HASSELT - FH02;655421;2;BL0221;655421;BL0221;BUILDING template;Guido Gezellestraat;8;
HASSELT - FH02;2415823;2;BL0221;2415823;BL0221;BUILDING template;Guido Gezellestraat;10;
HASSELT - FH02;655419;2;BL0221;655419;BL0221;BUILDING template;Guido Gezellestraat;12;
HASSELT - FH02;655422;2;BL0222;655422;BL0222;BUILDING template;Guido Gezellestraat;1;
HASSELT - FH02;4856668;2;BL0222;4856668;BL0222;BUILDING template;Guido Gezellestraat;3;
HASSELT - FH02;2415817;2;BL0222;2415817;BL0222;BUILDING template;Guido Gezellestraat;7;
HASSELT - FH02;2415821;2;BL0222;2415821;BL0222;BUILDING template;Guido Gezellestraat;9;
HASSELT - FH02;2415825;2;BL0222;2415825;BL0222;BUILDING template;Guido Gezellestraat;11;
HASSELT - FH02;2415828;2;BL0222;2415828;BL0222;BUILDING template;Guido Gezellestraat;13;
HASSELT - FH02;2415829;2;BL0222;2415829;BL0222;BUILDING template;Guido Gezellestraat;15;
HASSELT - FH02;2415831;2;BL0222;2415831;BL0222;BUILDING template;Guido Gezellestraat;17;
HASSELT - FH02;2415833;2;BL0222;2415833;BL0222;BUILDING template;Guido Gezellestraat;19;
HASSELT - FH02;2415835;2;BL0222;2415835;BL0222;BUILDING template;Guido Gezellestraat;21;
HASSELT - FH02;2415837;2;BL0222;2415837;BL0222;BUILDING template;Guido Gezellestraat;23;
HASSELT - FH02;655423;2;BL0222;655423;BL0222;BUILDING template;Guido Gezellestraat;25;
HASSELT - FH02;2415840;2;BL0222;2415840;BL0222;BUILDING template;Guido Gezellestraat;27;
HASSELT - FH02;3937321;2;BL0222;3937321;BL0222;BUILDING template;Guido Gezellestraat;29;
HASSELT - FH02;1276527;2;BL0221;1276527;BL0221;BUILDING template;Guldensporenplein;1;
HASSELT - FH02;1279604;2;BL0221;1279604;BL0221;BUILDING template;Guldensporenplein;3;
HASSELT - FH02;655362;2;BL0221;655362;BL0221;BUILDING template;Guldensporenplein;5;
HASSELT - FH02;655684;3;BL0239;655684;BL0239;BUILDING template;Havermarkt;12;
HASSELT - FH02;25142;3;BL0239;25142;BL0239;BUILDING template;Havermarkt;14;
HASSELT - FH02;677204;3;BL0239;677204;BL0239;BUILDING template;Havermarkt;16;
HASSELT - FH02;2417017;3;BL0239;2417017;BL0239;BUILDING template;Havermarkt;18;
HASSELT - FH02;2417021;3;BL0239;2417021;BL0239;BUILDING template;Havermarkt;20;
HASSELT - FH02;655683;3;BL0239;655683;BL0239;BUILDING template;Havermarkt;24;
HASSELT - FH02;2417036;3;BL0239;2417036;BL0239;BUILDING template;Havermarkt;28;
HASSELT - FH02;2417037;3;BL0239;2417037;BL0239;BUILDING template;Havermarkt;30;
HASSELT - FH02;2417039;3;BL0239;2417039;BL0239;BUILDING template;Havermarkt;32;
HASSELT - FH02;3937358;3;BL0239;3937358;BL0239;BUILDING template;Havermarkt;34;
HASSELT - FH02;2417046;3;BL0239;2417046;BL0239;BUILDING template;Havermarkt;36;
HASSELT - FH02;655682;3;BL0239;655682;BL0239;BUILDING template;Havermarkt;40;
HASSELT - FH02;677202;3;BL0240;677202;BL0240;BUILDING template;Havermarkt;2;
HASSELT - FH02;2416998;3;BL0240;2416998;BL0240;BUILDING template;Havermarkt;4;
HASSELT - FH02;677205;3;BL0240;677205;BL0240;BUILDING template;Havermarkt;6;
HASSELT - FH02;677206;3;BL0240;677206;BL0240;BUILDING template;Havermarkt;8;
HASSELT - FH02;677203;3;BL0240;677203;BL0240;BUILDING template;Havermarkt;10;
HASSELT - FH02;677200;3;BL0235;677200;BL0235;BUILDING template;Havermarkt;7;
HASSELT - FH02;2417006;3;BL0235;2417006;BL0235;BUILDING template;Havermarkt;11;
HASSELT - FH02;2417009;3;BL0235;2417009;BL0235;BUILDING template;Havermarkt;13;
HASSELT - FH02;2417012;3;BL0235;2417012;BL0235;BUILDING template;Havermarkt;15;
HASSELT - FH02;2417015;3;BL0235;2417015;BL0235;BUILDING template;Havermarkt;17;
HASSELT - FH02;2417023;3;BL0235;2417023;BL0235;BUILDING template;Havermarkt;21;
HASSELT - FH02;677199;3;BL0235;677199;BL0235;BUILDING template;Havermarkt;23;
HASSELT - FH02;2417029;3;BL0235;2417029;BL0235;BUILDING template;Havermarkt;25;
HASSELT - FH02;2417034;3;BL0235;2417034;BL0235;BUILDING template;Havermarkt;27;
HASSELT - FH02;4856350;3;BL0235;4856350;BL0235;BUILDING template;Havermarkt;29;
HASSELT - FH02;677198;3;BL0235;677198;BL0235;BUILDING template;Havermarkt;31;
HASSELT - FH02;2417042;3;BL0235;2417042;BL0235;BUILDING template;Havermarkt;35;
HASSELT - FH02;2417048;3;BL0235;2417048;BL0235;BUILDING template;Havermarkt;37;
HASSELT - FH02;2417053;3;BL0235;2417053;BL0235;BUILDING template;Havermarkt;39;
HASSELT - FH02;2417060;3;BL0235;2417060;BL0235;BUILDING template;Havermarkt;45;
HASSELT - FH02;2417062;3;BL0235;2417062;BL0235;BUILDING template;Havermarkt;47;
HASSELT - FH02;2417025;3;BL0239;2417025;BL0239;BUILDING template;Havermarkt;22;
HASSELT - FH02;5821146;3;BL0235;5821146;BL0235;BUILDING template;Havermarkt;23;A
HASSELT - FH02;677197;3;BL0235;677197;BL0235;BUILDING template;Havermarkt;33;
HASSELT - FH02;2417051;3;BL0239;2417051;BL0239;BUILDING template;Havermarkt;38;
HASSELT - FH02;4846483;1;BL0219;4846483;BL0219;BUILDING template;Hemelrijk;2;
HASSELT - FH02;4846488;1;BL0219;4846488;BL0219;BUILDING template;Hemelrijk;6;
HASSELT - FH02;4846493;1;BL0219;4846493;BL0219;BUILDING template;Hemelrijk;12;
HASSELT - FH02;2417700;1;BL0219;2417700;BL0219;BUILDING template;Hemelrijk;16;
HASSELT - FH02;2417709;1;BL0219;2417709;BL0219;BUILDING template;Hemelrijk;22;
HASSELT - FH02;2417713;1;BL0219;2417713;BL0219;BUILDING template;Hemelrijk;24;
HASSELT - FH02;2417719;1;BL0219;2417719;BL0219;BUILDING template;Hemelrijk;26;
HASSELT - FH02;2417721;1;BL0219;2417721;BL0219;BUILDING template;Hemelrijk;28;
HASSELT - FH02;4846459;2;BL0220;4846459;BL0220;BUILDING template;Hemelrijk;3;
HASSELT - FH02;2417690;2;BL0220;2417690;BL0220;BUILDING template;Hemelrijk;5;
HASSELT - FH02;2417691;2;BL0220;2417691;BL0220;BUILDING template;Hemelrijk;7;
HASSELT - FH02;2417694;2;BL0220;2417694;BL0220;BUILDING template;Hemelrijk;9;
HASSELT - FH02;2417696;2;BL0220;2417696;BL0220;BUILDING template;Hemelrijk;11;
HASSELT - FH02;2417698;2;BL0220;2417698;BL0220;BUILDING template;Hemelrijk;13;
HASSELT - FH02;2417699;2;BL0220;2417699;BL0220;BUILDING template;Hemelrijk;15;
HASSELT - FH02;2417702;2;BL0220;2417702;BL0220;BUILDING template;Hemelrijk;17;
HASSELT - FH02;2417704;2;BL0220;2417704;BL0220;BUILDING template;Hemelrijk;19;
HASSELT - FH02;2417707;2;BL0220;2417707;BL0220;BUILDING template;Hemelrijk;21;
HASSELT - FH02;2417711;2;BL0220;2417711;BL0220;BUILDING template;Hemelrijk;23;
HASSELT - FH02;4846456;2;BL0220;4846456;BL0220;BUILDING template;Hemelrijk;1;
HASSELT - FH02;2417692;1;BL0219;2417692;BL0219;BUILDING template;Hemelrijk;8;
HASSELT - FH02;4846492;1;BL0219;4846492;BL0219;BUILDING template;Hemelrijk;10;
HASSELT - FH02;4846499;1;BL0219;4846499;BL0219;BUILDING template;Hemelrijk;18;
HASSELT - FH02;4846500;1;BL0219;4846500;BL0219;BUILDING template;Hemelrijk;20;
HASSELT - FH02;1282683;2;BL0220;1282683;BL0220;BUILDING template;Hemelrijk;25;
HASSELT - FH02;2417688;1;BL0219;2417688;BL0219;BUILDING template;Hemelrijk;4;
HASSELT - FH02;677196;2;BL0230;677196;BL0230;BUILDING template;Hoogstraat;1;
HASSELT - FH02;677195;2;BL0230;677195;BL0230;BUILDING template;Hoogstraat;3;
HASSELT - FH02;2418504;2;BL0230;2418504;BL0230;BUILDING template;Hoogstraat;5;
HASSELT - FH02;2418508;2;BL0230;2418508;BL0230;BUILDING template;Hoogstraat;7;
HASSELT - FH02;2418512;2;BL0230;2418512;BL0230;BUILDING template;Hoogstraat;9;
HASSELT - FH02;655610;2;BL0230;655610;BL0230;BUILDING template;Hoogstraat;11;
HASSELT - FH02;677192;3;BL0231;677192;BL0231;BUILDING template;Hoogstraat;18;
HASSELT - FH02;4856287;3;BL0231;4856287;BL0231;BUILDING template;Hoogstraat;24;
HASSELT - FH02;677194;3;BL0231;677194;BL0231;BUILDING template;Hoogstraat;26;
HASSELT - FH02;70313;3;BL0231;70313;BL0231;BUILDING template;Hoogstraat;28;
HASSELT - FH02;655609;2;BL0229;655609;BL0229;BUILDING template;Hoogstraat;13;
HASSELT - FH02;2418523;2;BL0229;2418523;BL0229;BUILDING template;Hoogstraat;15;
HASSELT - FH02;2418526;2;BL0229;2418526;BL0229;BUILDING template;Hoogstraat;17;
HASSELT - FH02;655611;3;BL0234;655611;BL0234;BUILDING template;Hoogstraat;2;
HASSELT - FH02;2418503;3;BL0234;2418503;BL0234;BUILDING template;Hoogstraat;4;
HASSELT - FH02;2418506;3;BL0234;2418506;BL0234;BUILDING template;Hoogstraat;6;
HASSELT - FH02;2418509;3;BL0234;2418509;BL0234;BUILDING template;Hoogstraat;8;
HASSELT - FH02;4856441;3;BL0234;4856441;BL0234;BUILDING template;Hoogstraat;10;
HASSELT - FH02;2418521;3;BL0234;2418521;BL0234;BUILDING template;Hoogstraat;14;
HASSELT - FH02;677193;3;BL0234;677193;BL0234;BUILDING template;Hoogstraat;16;
HASSELT - FH02;2418528;2;BL0229;2418528;BL0229;BUILDING template;Hoogstraat;19;
HASSELT - FH02;2418517;3;BL0234;2418517;BL0234;BUILDING template;Hoogstraat;12;
HASSELT - FH02;70259;4;BL0202;70259;BL0202;BUILDING template;Isabellastraat;2;
HASSELT - FH02;2418876;4;BL0202;2418876;BL0202;BUILDING template;Isabellastraat;4;
HASSELT - FH02;4846870;4;BL0202;4846870;BL0202;BUILDING template;Isabellastraat;6;
HASSELT - FH02;4846879;4;BL0202;4846879;BL0202;BUILDING template;Isabellastraat;10;
HASSELT - FH02;2418883;4;BL0202;2418883;BL0202;BUILDING template;Isabellastraat;12;
HASSELT - FH02;3937385;4;BL0202;3937385;BL0202;BUILDING template;Isabellastraat;16;
HASSELT - FH02;70263;4;BL0202;70263;BL0202;BUILDING template;Isabellastraat;32;
HASSELT - FH02;3937386;4;BL0202;3937386;BL0202;BUILDING template;Isabellastraat;44;
HASSELT - FH02;70267;4;BL0202;70267;BL0202;BUILDING template;Isabellastraat;48;
HASSELT - FH02;70266;4;BL0202;70266;BL0202;BUILDING template;Isabellastraat;50;
HASSELT - FH02;3937387;4;BL0202;3937387;BL0202;BUILDING template;Isabellastraat;52;
HASSELT - FH02;4846560;4;BL0202;4846560;BL0202;BUILDING template;Isabellastraat;58;
HASSELT - FH02;4054422;4;BL0202;4054422;BL0202;BUILDING template;Isabellastraat;60;
HASSELT - FH02;70268;4;BL0202;70268;BL0202;BUILDING template;Isabellastraat;62;
HASSELT - FH02;70269;4;BL0202;70269;BL0202;BUILDING template;Isabellastraat;64;
HASSELT - FH02;3937388;4;BL0202;3937388;BL0202;BUILDING template;Isabellastraat;66;
HASSELT - FH02;70270;4;BL0202;70270;BL0202;BUILDING template;Isabellastraat;68;
HASSELT - FH02;70260;4;BL0207;70260;BL0207;BUILDING template;Isabellastraat;1;
HASSELT - FH02;2418874;4;BL0207;2418874;BL0207;BUILDING template;Isabellastraat;3;
HASSELT - FH02;4847117;4;BL0207;4847117;BL0207;BUILDING template;Isabellastraat;5;
HASSELT - FH02;2418879;4;BL0207;2418879;BL0207;BUILDING template;Isabellastraat;7;
HASSELT - FH02;2418882;4;BL0207;2418882;BL0207;BUILDING template;Isabellastraat;9;
HASSELT - FH02;4847122;4;BL0207;4847122;BL0207;BUILDING template;Isabellastraat;11;
HASSELT - FH02;70261;4;BL0207;70261;BL0207;BUILDING template;Isabellastraat;13;
HASSELT - FH02;70264;4;BL0207;70264;BL0207;BUILDING template;Isabellastraat;15;
HASSELT - FH02;2418887;4;BL0207;2418887;BL0207;BUILDING template;Isabellastraat;17;
HASSELT - FH02;4846204;4;BL0207;4846204;BL0207;BUILDING template;Isabellastraat;19;
HASSELT - FH02;4846875;4;BL0202;4846875;BL0202;BUILDING template;Isabellastraat;8;
HASSELT - FH02;4846667;4;BL0202;4846667;BL0202;BUILDING template;Isabellastraat;46;
HASSELT - FH02;70265;4;BL0207;70265;BL0207;BUILDING template;Isabellastraat;21;
HASSELT - FH02;2406837;1;BL0204;2406837;BL0204;BUILDING template;Jeneverplein;1;
HASSELT - FH02;2406839;1;BL0204;2406839;BL0204;BUILDING template;Jeneverplein;2;
HASSELT - FH02;2406841;1;BL0204;2406841;BL0204;BUILDING template;Jeneverplein;3;
HASSELT - FH02;2419544;3;BL0236;2419544;BL0236;BUILDING template;Kapelstraat;4;
HASSELT - FH02;2419554;3;BL0236;2419554;BL0236;BUILDING template;Kapelstraat;8;
HASSELT - FH02;2419558;3;BL0236;2419558;BL0236;BUILDING template;Kapelstraat;10;
HASSELT - FH02;677173;3;BL0236;677173;BL0236;BUILDING template;Kapelstraat;12;
HASSELT - FH02;5390911;3;BL0236;5390911;BL0236;BUILDING template;Kapelstraat;6;A
HASSELT - FH02;2419551;3;BL0236;2419551;BL0236;BUILDING template;Kapelstraat;6;B
HASSELT - FH02;2419542;3;BL0234;2419542;BL0234;BUILDING template;Kapelstraat;3;
HASSELT - FH02;2419548;3;BL0234;2419548;BL0234;BUILDING template;Kapelstraat;5;
HASSELT - FH02;2419552;3;BL0234;2419552;BL0234;BUILDING template;Kapelstraat;7;
HASSELT - FH02;2419556;3;BL0234;2419556;BL0234;BUILDING template;Kapelstraat;9;
HASSELT - FH02;2419559;3;BL0234;2419559;BL0234;BUILDING template;Kapelstraat;11;
HASSELT - FH02;2419564;3;BL0234;2419564;BL0234;BUILDING template;Kapelstraat;13;
HASSELT - FH02;2419572;3;BL0234;2419572;BL0234;BUILDING template;Kapelstraat;17;
HASSELT - FH02;2419576;3;BL0234;2419576;BL0234;BUILDING template;Kapelstraat;19;
HASSELT - FH02;655626;3;BL0234;655626;BL0234;BUILDING template;Kapelstraat;21;
HASSELT - FH02;2419584;3;BL0234;2419584;BL0234;BUILDING template;Kapelstraat;23;
HASSELT - FH02;2419586;3;BL0234;2419586;BL0234;BUILDING template;Kapelstraat;25;
HASSELT - FH02;2419587;3;BL0234;2419587;BL0234;BUILDING template;Kapelstraat;27;
HASSELT - FH02;677170;3;BL0234;677170;BL0234;BUILDING template;Kapelstraat;29;
HASSELT - FH02;677171;3;BL0233;677171;BL0233;BUILDING template;Kapelstraat;31;
HASSELT - FH02;4855739;3;BL0233;4855739;BL0233;BUILDING template;Kapelstraat;35;
HASSELT - FH02;2419601;3;BL0233;2419601;BL0233;BUILDING template;Kapelstraat;37;
HASSELT - FH02;2419603;3;BL0233;2419603;BL0233;BUILDING template;Kapelstraat;39;
HASSELT - FH02;71866;3;BL0233;71866;BL0233;BUILDING template;Kapelstraat;41;
HASSELT - FH02;677174;3;BL0233;677174;BL0233;BUILDING template;Kapelstraat;43;
HASSELT - FH02;1456107;3;BL0233;1456107;BL0233;BUILDING template;Kapelstraat;45;
HASSELT - FH02;2419618;3;BL0233;2419618;BL0233;BUILDING template;Kapelstraat;47;
HASSELT - FH02;2419620;3;BL0233;2419620;BL0233;BUILDING template;Kapelstraat;49;
HASSELT - FH02;4856106;3;BL0233;4856106;BL0233;BUILDING template;Kapelstraat;51;
HASSELT - FH02;2419624;3;BL0233;2419624;BL0233;BUILDING template;Kapelstraat;53;
HASSELT - FH02;2419625;3;BL0233;2419625;BL0233;BUILDING template;Kapelstraat;55;
HASSELT - FH02;71867;3;BL0233;71867;BL0233;BUILDING template;Kapelstraat;57;
HASSELT - FH02;2419614;3;BL0233;2419614;BL0233;BUILDING template;Kapelstraat;45;A
HASSELT - FH02;2419566;3;BL0235;2419566;BL0235;BUILDING template;Kapelstraat;14;
HASSELT - FH02;2419570;3;BL0235;2419570;BL0235;BUILDING template;Kapelstraat;16;
HASSELT - FH02;2419574;3;BL0235;2419574;BL0235;BUILDING template;Kapelstraat;18;
HASSELT - FH02;2419579;3;BL0235;2419579;BL0235;BUILDING template;Kapelstraat;20;
HASSELT - FH02;677169;3;BL0235;677169;BL0235;BUILDING template;Kapelstraat;22;
HASSELT - FH02;677168;3;BL0235;677168;BL0235;BUILDING template;Kapelstraat;26;
HASSELT - FH02;2419589;3;BL0235;2419589;BL0235;BUILDING template;Kapelstraat;28;
HASSELT - FH02;2419590;3;BL0235;2419590;BL0235;BUILDING template;Kapelstraat;30;
HASSELT - FH02;2419593;3;BL0235;2419593;BL0235;BUILDING template;Kapelstraat;32;
HASSELT - FH02;2419597;3;BL0235;2419597;BL0235;BUILDING template;Kapelstraat;34;
HASSELT - FH02;2419599;3;BL0235;2419599;BL0235;BUILDING template;Kapelstraat;36;
HASSELT - FH02;677175;3;BL0235;677175;BL0235;BUILDING template;Kapelstraat;38;
HASSELT - FH02;2419606;3;BL0235;2419606;BL0235;BUILDING template;Kapelstraat;40;
HASSELT - FH02;2419608;3;BL0235;2419608;BL0235;BUILDING template;Kapelstraat;42;
HASSELT - FH02;2419611;3;BL0235;2419611;BL0235;BUILDING template;Kapelstraat;44;
HASSELT - FH02;2419616;3;BL0235;2419616;BL0235;BUILDING template;Kapelstraat;46;
HASSELT - FH02;677167;3;BL0235;677167;BL0235;BUILDING template;Kapelstraat;48;
HASSELT - FH02;2455457;4;BL0201;2455457;BL0201;BUILDING template;Kattegatstraat;1;
HASSELT - FH02;71028;4;BL0202;71028;BL0202;BUILDING template;Kattegatstraat;4;
HASSELT - FH02;70258;4;BL0202;70258;BL0202;BUILDING template;Kattegatstraat;6;
HASSELT - FH02;71008;4;BL0202;71008;BL0202;BUILDING template;Kattegatstraat;8;
HASSELT - FH02;656235;3;BL0238;656235;BL0238;BUILDING template;Kleine-Ridderstraat;1;
HASSELT - FH02;2455624;2;BL0228;2455624;BL0228;BUILDING template;Kolfstraat;3;
HASSELT - FH02;70272;1;BL0217;70272;BL0217;BUILDING template;Kolonel Dusartplein;2;
HASSELT - FH02;655553;1;BL0217;655553;BL0217;BUILDING template;Kolonel Dusartplein;4;
HASSELT - FH02;655554;1;BL0217;655554;BL0217;BUILDING template;Kolonel Dusartplein;6;
HASSELT - FH02;2414231;1;BL0217;2414231;BL0217;BUILDING template;Kolonel Dusartplein;8;
HASSELT - FH02;2414234;1;BL0217;2414234;BL0217;BUILDING template;Kolonel Dusartplein;10;
HASSELT - FH02;2414236;1;BL0217;2414236;BL0217;BUILDING template;Kolonel Dusartplein;12;
HASSELT - FH02;1113725;1;BL0217;1113725;BL0217;BUILDING template;Kolonel Dusartplein;14;
HASSELT - FH02;1113726;1;BL0217;1113726;BL0217;BUILDING template;Kolonel Dusartplein;16;
HASSELT - FH02;655552;1;BL0217;655552;BL0217;BUILDING template;Kolonel Dusartplein;20;
HASSELT - FH02;2414227;1;BL0217;2414227;BL0217;BUILDING template;Kolonel Dusartplein;2;B
HASSELT - FH02;2414254;1;BL0217;2414254;BL0217;BUILDING template;Kolonel Dusartplein;34;
HASSELT - FH02;2414260;1;BL0217;2414260;BL0217;BUILDING template;Kolonel Dusartplein;36;
HASSELT - FH02;2414261;1;BL0217;2414261;BL0217;BUILDING template;Kolonel Dusartplein;38;
HASSELT - FH02;2414263;1;BL0217;2414263;BL0217;BUILDING template;Kolonel Dusartplein;40;
HASSELT - FH02;2414264;1;BL0217;2414264;BL0217;BUILDING template;Kolonel Dusartplein;42;
HASSELT - FH02;655551;1;BL0217;655551;BL0217;BUILDING template;Kolonel Dusartplein;44;
HASSELT - FH02;655550;1;BL0217;655550;BL0217;BUILDING template;Kolonel Dusartplein;46;
HASSELT - FH02;2414266;1;BL0217;2414266;BL0217;BUILDING template;Kolonel Dusartplein;48;
HASSELT - FH02;655549;1;BL0217;655549;BL0217;BUILDING template;Kolonel Dusartplein;50;
HASSELT - FH02;70274;1;BL0217;70274;BL0217;BUILDING template;Kolonel Dusartplein;52;
HASSELT - FH02;677187;2;BL0225;677187;BL0225;BUILDING template;Koning Albertstraat;2;
HASSELT - FH02;2407813;2;BL0225;2407813;BL0225;BUILDING template;Koning Albertstraat;12;
HASSELT - FH02;2407815;2;BL0225;2407815;BL0225;BUILDING template;Koning Albertstraat;14;
HASSELT - FH02;2407818;2;BL0225;2407818;BL0225;BUILDING template;Koning Albertstraat;16;
HASSELT - FH02;2407820;2;BL0225;2407820;BL0225;BUILDING template;Koning Albertstraat;18;
HASSELT - FH02;2407825;2;BL0225;2407825;BL0225;BUILDING template;Koning Albertstraat;20;
HASSELT - FH02;2407828;2;BL0225;2407828;BL0225;BUILDING template;Koning Albertstraat;22;
HASSELT - FH02;2407834;2;BL0225;2407834;BL0225;BUILDING template;Koning Albertstraat;24;
HASSELT - FH02;2407836;2;BL0225;2407836;BL0225;BUILDING template;Koning Albertstraat;26;
HASSELT - FH02;2407837;2;BL0225;2407837;BL0225;BUILDING template;Koning Albertstraat;28;
HASSELT - FH02;2407838;2;BL0225;2407838;BL0225;BUILDING template;Koning Albertstraat;30;
HASSELT - FH02;656241;2;BL0225;656241;BL0225;BUILDING template;Koning Albertstraat;32;
HASSELT - FH02;656240;2;BL0225;656240;BL0225;BUILDING template;Koning Albertstraat;34;
HASSELT - FH02;656242;2;BL0225;656242;BL0225;BUILDING template;Koning Albertstraat;36;
HASSELT - FH02;2407847;2;BL0225;2407847;BL0225;BUILDING template;Koning Albertstraat;38;
HASSELT - FH02;677183;2;BL0225;677183;BL0225;BUILDING template;Koning Albertstraat;40;
HASSELT - FH02;656236;2;BL0225;656236;BL0225;BUILDING template;Koning Albertstraat;42;
HASSELT - FH02;677184;2;BL0225;677184;BL0225;BUILDING template;Koning Albertstraat;44;
HASSELT - FH02;656237;2;BL0225;656237;BL0225;BUILDING template;Koning Albertstraat;46;
HASSELT - FH02;2407858;2;BL0225;2407858;BL0225;BUILDING template;Koning Albertstraat;48;
HASSELT - FH02;2407860;2;BL0225;2407860;BL0225;BUILDING template;Koning Albertstraat;50;
HASSELT - FH02;2407861;2;BL0225;2407861;BL0225;BUILDING template;Koning Albertstraat;52;
HASSELT - FH02;2407862;2;BL0225;2407862;BL0225;BUILDING template;Koning Albertstraat;54;
HASSELT - FH02;2407864;2;BL0225;2407864;BL0225;BUILDING template;Koning Albertstraat;56;
HASSELT - FH02;2407866;2;BL0225;2407866;BL0225;BUILDING template;Koning Albertstraat;58;
HASSELT - FH02;2407867;2;BL0225;2407867;BL0225;BUILDING template;Koning Albertstraat;60;
HASSELT - FH02;2407869;2;BL0225;2407869;BL0225;BUILDING template;Koning Albertstraat;62;
HASSELT - FH02;677189;2;BL0225;677189;BL0225;BUILDING template;Koning Albertstraat;64;
HASSELT - FH02;5322002;3;BL0241;5322002;BL0241;BUILDING template;Koning Albertstraat;27;
HASSELT - FH02;656238;3;BL0241;656238;BL0241;BUILDING template;Koning Albertstraat;29;
HASSELT - FH02;2407839;3;BL0241;2407839;BL0241;BUILDING template;Koning Albertstraat;31;
HASSELT - FH02;2407841;3;BL0241;2407841;BL0241;BUILDING template;Koning Albertstraat;33;
HASSELT - FH02;2407844;3;BL0241;2407844;BL0241;BUILDING template;Koning Albertstraat;35;
HASSELT - FH02;2407846;3;BL0241;2407846;BL0241;BUILDING template;Koning Albertstraat;37;
HASSELT - FH02;2407848;3;BL0241;2407848;BL0241;BUILDING template;Koning Albertstraat;39;
HASSELT - FH02;2407850;3;BL0241;2407850;BL0241;BUILDING template;Koning Albertstraat;41;
HASSELT - FH02;2407853;3;BL0241;2407853;BL0241;BUILDING template;Koning Albertstraat;43;
HASSELT - FH02;2407856;3;BL0241;2407856;BL0241;BUILDING template;Koning Albertstraat;45;
HASSELT - FH02;677180;3;BL0240;677180;BL0240;BUILDING template;Koning Albertstraat;1;
HASSELT - FH02;677181;3;BL0240;677181;BL0240;BUILDING template;Koning Albertstraat;3;
HASSELT - FH02;2407808;3;BL0240;2407808;BL0240;BUILDING template;Koning Albertstraat;5;
HASSELT - FH02;2407811;3;BL0240;2407811;BL0240;BUILDING template;Koning Albertstraat;9;
HASSELT - FH02;4855817;3;BL0240;4855817;BL0240;BUILDING template;Koning Albertstraat;11;
HASSELT - FH02;2407814;3;BL0240;2407814;BL0240;BUILDING template;Koning Albertstraat;13;
HASSELT - FH02;2407819;3;BL0240;2407819;BL0240;BUILDING template;Koning Albertstraat;17;
HASSELT - FH02;2407822;3;BL0240;2407822;BL0240;BUILDING template;Koning Albertstraat;19;
HASSELT - FH02;2407827;3;BL0240;2407827;BL0240;BUILDING template;Koning Albertstraat;21;
HASSELT - FH02;656239;3;BL0240;656239;BL0240;BUILDING template;Koning Albertstraat;23;
HASSELT - FH02;2407835;3;BL0240;2407835;BL0240;BUILDING template;Koning Albertstraat;25;
HASSELT - FH02;2407810;3;BL0240;2407810;BL0240;BUILDING template;Koning Albertstraat;7;A
HASSELT - FH02;2407809;3;BL0240;2407809;BL0240;BUILDING template;Koning Albertstraat;7;
HASSELT - FH02;2407812;2;BL0225;2407812;BL0225;BUILDING template;Koning Albertstraat;10;
HASSELT - FH02;2407816;3;BL0240;2407816;BL0240;BUILDING template;Koning Albertstraat;15;
HASSELT - FH02;2422963;2;BL0226;2422963;BL0226;BUILDING template;Kortstraat;1;
HASSELT - FH02;4856251;2;BL0226;4856251;BL0226;BUILDING template;Kortstraat;3;
HASSELT - FH02;655618;2;BL0230;655618;BL0230;BUILDING template;Kortstraat;4;
HASSELT - FH02;655617;2;BL0230;655617;BL0230;BUILDING template;Kortstraat;6;
HASSELT - FH02;5910565;2;BL0230;5910565;BL0230;BUILDING template;Kortstraat;8;
HASSELT - FH02;656227;3;BL0241;656227;BL0241;BUILDING template;Leopoldplein;1;
HASSELT - FH02;2425726;3;BL0241;2425726;BL0241;BUILDING template;Leopoldplein;7;
HASSELT - FH02;656225;3;BL0241;656225;BL0241;BUILDING template;Leopoldplein;9;
HASSELT - FH02;3937482;3;BL0241;3937482;BL0241;BUILDING template;Leopoldplein;11;
HASSELT - FH02;656224;3;BL0241;656224;BL0241;BUILDING template;Leopoldplein;13;
HASSELT - FH02;2425743;3;BL0241;2425743;BL0241;BUILDING template;Leopoldplein;17;
HASSELT - FH02;2425750;3;BL0241;2425750;BL0241;BUILDING template;Leopoldplein;19;
HASSELT - FH02;2425753;3;BL0241;2425753;BL0241;BUILDING template;Leopoldplein;21;
HASSELT - FH02;656223;3;BL0241;656223;BL0241;BUILDING template;Leopoldplein;23;
HASSELT - FH02;656222;3;BL0238;656222;BL0238;BUILDING template;Leopoldplein;25;
HASSELT - FH02;656220;3;BL0238;656220;BL0238;BUILDING template;Leopoldplein;27;
HASSELT - FH02;656221;3;BL0238;656221;BL0238;BUILDING template;Leopoldplein;29;
HASSELT - FH02;5593891;3;BL0238;5593891;BL0238;BUILDING template;Leopoldplein;31;
HASSELT - FH02;655676;3;BL0238;655676;BL0238;BUILDING template;Leopoldplein;33;
HASSELT - FH02;677141;3;BL0238;677141;BL0238;BUILDING template;Leopoldplein;37;
HASSELT - FH02;2425785;3;BL0238;2425785;BL0238;BUILDING template;Leopoldplein;39;
HASSELT - FH02;4853132;3;BL0241;4853132;BL0241;BUILDING template;Leopoldplein;15;
HASSELT - FH02;6341639;2;BL0225;6341639;BL0225;BUILDING template;Limburgplein;1;
HASSELT - FH02;70314;4;BL0210;70314;BL0210;BUILDING template;Lombaardstraat;21;
HASSELT - FH02;71872;4;BL0210;71872;BL0210;BUILDING template;Lombaardstraat;25;
HASSELT - FH02;70317;3;BL0231;70317;BL0231;BUILDING template;Lombaardstraat;4;
HASSELT - FH02;2426110;3;BL0231;2426110;BL0231;BUILDING template;Lombaardstraat;6;
HASSELT - FH02;4847049;3;BL0231;4847049;BL0231;BUILDING template;Lombaardstraat;8;
HASSELT - FH02;2426112;3;BL0231;2426112;BL0231;BUILDING template;Lombaardstraat;10;
HASSELT - FH02;2426113;3;BL0231;2426113;BL0231;BUILDING template;Lombaardstraat;12;
HASSELT - FH02;70315;3;BL0231;70315;BL0231;BUILDING template;Lombaardstraat;14;
HASSELT - FH02;71857;3;BL0231;71857;BL0231;BUILDING template;Lombaardstraat;16;
HASSELT - FH02;71858;3;BL0232;71858;BL0232;BUILDING template;Lombaardstraat;18;
HASSELT - FH02;2426115;3;BL0232;2426115;BL0232;BUILDING template;Lombaardstraat;20;
HASSELT - FH02;2426117;3;BL0232;2426117;BL0232;BUILDING template;Lombaardstraat;22;
HASSELT - FH02;2426123;3;BL0232;2426123;BL0232;BUILDING template;Lombaardstraat;24;
HASSELT - FH02;71862;3;BL0232;71862;BL0232;BUILDING template;Lombaardstraat;26;
HASSELT - FH02;71861;3;BL0232;71861;BL0232;BUILDING template;Lombaardstraat;30;
HASSELT - FH02;2426125;3;BL0232;2426125;BL0232;BUILDING template;Lombaardstraat;32;
HASSELT - FH02;2426126;3;BL0232;2426126;BL0232;BUILDING template;Lombaardstraat;34;
HASSELT - FH02;4857713;3;BL0232;4857713;BL0232;BUILDING template;Lombaardstraat;38;
HASSELT - FH02;3937486;3;BL0232;3937486;BL0232;BUILDING template;Lombaardstraat;40;
HASSELT - FH02;2426127;3;BL0232;2426127;BL0232;BUILDING template;Lombaardstraat;42;
HASSELT - FH02;71856;3;BL0232;71856;BL0232;BUILDING template;Lombaardstraat;44;
HASSELT - FH02;677222;3;BL0237;677222;BL0237;BUILDING template;Maagdendries;3;
HASSELT - FH02;677220;3;BL0235;677220;BL0235;BUILDING template;Maagdendries;6;
HASSELT - FH02;677221;3;BL0237;677221;BL0237;BUILDING template;Maagdendries;1;
HASSELT - FH02;70275;1;BL0217;70275;BL0217;BUILDING template;Maastrichterstraat;102;
HASSELT - FH02;2427083;1;BL0217;2427083;BL0217;BUILDING template;Maastrichterstraat;104;
HASSELT - FH02;2427086;1;BL0217;2427086;BL0217;BUILDING template;Maastrichterstraat;106;
HASSELT - FH02;2427091;1;BL0217;2427091;BL0217;BUILDING template;Maastrichterstraat;110;
HASSELT - FH02;2427101;1;BL0217;2427101;BL0217;BUILDING template;Maastrichterstraat;120;
HASSELT - FH02;655418;2;BL0221;655418;BL0221;BUILDING template;Maastrichterstraat;85;
HASSELT - FH02;2427056;2;BL0221;2427056;BL0221;BUILDING template;Maastrichterstraat;87;
HASSELT - FH02;2427062;2;BL0221;2427062;BL0221;BUILDING template;Maastrichterstraat;89;
HASSELT - FH02;2427069;2;BL0221;2427069;BL0221;BUILDING template;Maastrichterstraat;91;
HASSELT - FH02;2427072;2;BL0221;2427072;BL0221;BUILDING template;Maastrichterstraat;93;
HASSELT - FH02;2427076;2;BL0221;2427076;BL0221;BUILDING template;Maastrichterstraat;97;
HASSELT - FH02;2427078;2;BL0221;2427078;BL0221;BUILDING template;Maastrichterstraat;99;
HASSELT - FH02;4856568;2;BL0221;4856568;BL0221;BUILDING template;Maastrichterstraat;101;
HASSELT - FH02;2427081;2;BL0221;2427081;BL0221;BUILDING template;Maastrichterstraat;103;
HASSELT - FH02;2427084;2;BL0221;2427084;BL0221;BUILDING template;Maastrichterstraat;105;
HASSELT - FH02;2427088;2;BL0221;2427088;BL0221;BUILDING template;Maastrichterstraat;107;
HASSELT - FH02;2427089;2;BL0221;2427089;BL0221;BUILDING template;Maastrichterstraat;109;
HASSELT - FH02;2427092;2;BL0221;2427092;BL0221;BUILDING template;Maastrichterstraat;111;
HASSELT - FH02;2426999;2;BL0223;2426999;BL0223;BUILDING template;Maastrichterstraat;61;
HASSELT - FH02;2427005;2;BL0223;2427005;BL0223;BUILDING template;Maastrichterstraat;65;
HASSELT - FH02;2427009;2;BL0223;2427009;BL0223;BUILDING template;Maastrichterstraat;67;
HASSELT - FH02;2427014;2;BL0223;2427014;BL0223;BUILDING template;Maastrichterstraat;69;
HASSELT - FH02;2427017;2;BL0223;2427017;BL0223;BUILDING template;Maastrichterstraat;71;
HASSELT - FH02;4855722;2;BL0223;4855722;BL0223;BUILDING template;Maastrichterstraat;73;
HASSELT - FH02;2427027;2;BL0223;2427027;BL0223;BUILDING template;Maastrichterstraat;75;
HASSELT - FH02;4855723;2;BL0223;4855723;BL0223;BUILDING template;Maastrichterstraat;77;
HASSELT - FH02;655416;2;BL0223;655416;BL0223;BUILDING template;Maastrichterstraat;81;
HASSELT - FH02;655413;2;BL0223;655413;BL0223;BUILDING template;Maastrichterstraat;83;
HASSELT - FH02;2426979;2;BL0220;2426979;BL0220;BUILDING template;Maastrichterstraat;30;
HASSELT - FH02;2426983;2;BL0220;2426983;BL0220;BUILDING template;Maastrichterstraat;32;
HASSELT - FH02;2426985;2;BL0220;2426985;BL0220;BUILDING template;Maastrichterstraat;34;
HASSELT - FH02;2426986;2;BL0220;2426986;BL0220;BUILDING template;Maastrichterstraat;36;
HASSELT - FH02;2426987;2;BL0220;2426987;BL0220;BUILDING template;Maastrichterstraat;38;
HASSELT - FH02;677137;2;BL0220;677137;BL0220;BUILDING template;Maastrichterstraat;40;
HASSELT - FH02;2426989;2;BL0220;2426989;BL0220;BUILDING template;Maastrichterstraat;42;
HASSELT - FH02;2426990;2;BL0220;2426990;BL0220;BUILDING template;Maastrichterstraat;44;
HASSELT - FH02;2426991;2;BL0220;2426991;BL0220;BUILDING template;Maastrichterstraat;48;
HASSELT - FH02;2426994;2;BL0220;2426994;BL0220;BUILDING template;Maastrichterstraat;50;
HASSELT - FH02;677138;2;BL0220;677138;BL0220;BUILDING template;Maastrichterstraat;56;
HASSELT - FH02;677223;2;BL0220;677223;BL0220;BUILDING template;Maastrichterstraat;58;
HASSELT - FH02;677224;2;BL0220;677224;BL0220;BUILDING template;Maastrichterstraat;60;
HASSELT - FH02;655411;2;BL0220;655411;BL0220;BUILDING template;Maastrichterstraat;62;
HASSELT - FH02;2427003;2;BL0220;2427003;BL0220;BUILDING template;Maastrichterstraat;64;
HASSELT - FH02;2427007;2;BL0220;2427007;BL0220;BUILDING template;Maastrichterstraat;66;
HASSELT - FH02;2427011;2;BL0220;2427011;BL0220;BUILDING template;Maastrichterstraat;68;
HASSELT - FH02;4856684;2;BL0220;4856684;BL0220;BUILDING template;Maastrichterstraat;70;
HASSELT - FH02;2427025;2;BL0220;2427025;BL0220;BUILDING template;Maastrichterstraat;74;
HASSELT - FH02;2427030;2;BL0220;2427030;BL0220;BUILDING template;Maastrichterstraat;76;
HASSELT - FH02;2427034;2;BL0220;2427034;BL0220;BUILDING template;Maastrichterstraat;78;
HASSELT - FH02;2427039;2;BL0220;2427039;BL0220;BUILDING template;Maastrichterstraat;80;
HASSELT - FH02;2427043;2;BL0220;2427043;BL0220;BUILDING template;Maastrichterstraat;82;
HASSELT - FH02;2427049;2;BL0220;2427049;BL0220;BUILDING template;Maastrichterstraat;84;
HASSELT - FH02;2427065;2;BL0220;2427065;BL0220;BUILDING template;Maastrichterstraat;90;
HASSELT - FH02;2427073;2;BL0220;2427073;BL0220;BUILDING template;Maastrichterstraat;94;
HASSELT - FH02;655415;2;BL0220;655415;BL0220;BUILDING template;Maastrichterstraat;96;
HASSELT - FH02;655410;2;BL0220;655410;BL0220;BUILDING template;Maastrichterstraat;98;
HASSELT - FH02;677158;2;BL0226;677158;BL0226;BUILDING template;Maastrichterstraat;22;
HASSELT - FH02;2426972;2;BL0226;2426972;BL0226;BUILDING template;Maastrichterstraat;24;
HASSELT - FH02;2426975;2;BL0226;2426975;BL0226;BUILDING template;Maastrichterstraat;26;
HASSELT - FH02;4845766;2;BL0226;4845766;BL0226;BUILDING template;Maastrichterstraat;28;
HASSELT - FH02;2426980;2;BL0225;2426980;BL0225;BUILDING template;Maastrichterstraat;31;
HASSELT - FH02;655417;2;BL0223;655417;BL0223;BUILDING template;Maastrichterstraat;63;
HASSELT - FH02;4083942;1;BL0217;4083942;BL0217;BUILDING template;Maastrichterstraat;108;
HASSELT - FH02;2426954;2;BL0225;2426954;BL0225;BUILDING template;Maastrichterstraat;5;
HASSELT - FH02;2426956;2;BL0225;2426956;BL0225;BUILDING template;Maastrichterstraat;7;
HASSELT - FH02;2426957;2;BL0225;2426957;BL0225;BUILDING template;Maastrichterstraat;9;
HASSELT - FH02;2426959;2;BL0225;2426959;BL0225;BUILDING template;Maastrichterstraat;11;
HASSELT - FH02;2426962;2;BL0225;2426962;BL0225;BUILDING template;Maastrichterstraat;13;
HASSELT - FH02;2426964;2;BL0225;2426964;BL0225;BUILDING template;Maastrichterstraat;15;
HASSELT - FH02;2426967;2;BL0225;2426967;BL0225;BUILDING template;Maastrichterstraat;19;
HASSELT - FH02;677162;2;BL0225;677162;BL0225;BUILDING template;Maastrichterstraat;21;
HASSELT - FH02;2426971;2;BL0225;2426971;BL0225;BUILDING template;Maastrichterstraat;23;
HASSELT - FH02;2426973;2;BL0225;2426973;BL0225;BUILDING template;Maastrichterstraat;25;
HASSELT - FH02;2426977;2;BL0225;2426977;BL0225;BUILDING template;Maastrichterstraat;27;
HASSELT - FH02;2426951;2;BL0226;2426951;BL0226;BUILDING template;Maastrichterstraat;2;A
HASSELT - FH02;677159;2;BL0226;677159;BL0226;BUILDING template;Maastrichterstraat;2;
HASSELT - FH02;2426952;2;BL0226;2426952;BL0226;BUILDING template;Maastrichterstraat;4;
HASSELT - FH02;2426955;2;BL0226;2426955;BL0226;BUILDING template;Maastrichterstraat;6;
HASSELT - FH02;1113776;2;BL0226;1113776;BL0226;BUILDING template;Maastrichterstraat;8;
HASSELT - FH02;2426958;2;BL0226;2426958;BL0226;BUILDING template;Maastrichterstraat;10;
HASSELT - FH02;2426961;2;BL0226;2426961;BL0226;BUILDING template;Maastrichterstraat;12;
HASSELT - FH02;2426963;2;BL0226;2426963;BL0226;BUILDING template;Maastrichterstraat;14;
HASSELT - FH02;2426965;2;BL0226;2426965;BL0226;BUILDING template;Maastrichterstraat;16;
HASSELT - FH02;4855761;2;BL0226;4855761;BL0226;BUILDING template;Maastrichterstraat;18;
HASSELT - FH02;2426968;2;BL0226;2426968;BL0226;BUILDING template;Maastrichterstraat;20;
HASSELT - FH02;677160;2;BL0225;677160;BL0225;BUILDING template;Maastrichterstraat;3;
HASSELT - FH02;1113775;2;BL0225;1113775;BL0225;BUILDING template;Maastrichterstraat;1;
HASSELT - FH02;2426966;2;BL0225;2426966;BL0225;BUILDING template;Maastrichterstraat;17;
HASSELT - FH02;677161;2;BL0225;677161;BL0225;BUILDING template;Maastrichterstraat;29;
HASSELT - FH02;70334;1;BL0204;70334;BL0204;BUILDING template;Martelarenlaan;1;
HASSELT - FH02;2427976;1;BL0204;2427976;BL0204;BUILDING template;Martelarenlaan;3;
HASSELT - FH02;655206;1;BL0204;655206;BL0204;BUILDING template;Martelarenlaan;5;
HASSELT - FH02;655208;1;BL0204;655208;BL0204;BUILDING template;Martelarenlaan;7;
HASSELT - FH02;655210;1;BL0204;655210;BL0204;BUILDING template;Martelarenlaan;9;
HASSELT - FH02;655212;1;BL0204;655212;BL0204;BUILDING template;Martelarenlaan;11;
HASSELT - FH02;2427994;1;BL0204;2427994;BL0204;BUILDING template;Martelarenlaan;13;
HASSELT - FH02;2428154;1;BL0204;2428154;BL0204;BUILDING template;Martelarenlaan;15;
HASSELT - FH02;655214;1;BL0204;655214;BL0204;BUILDING template;Martelarenlaan;17;
HASSELT - FH02;70278;1;BL0217;70278;BL0217;BUILDING template;Meldertstraat;2;
HASSELT - FH02;2428875;1;BL0217;2428875;BL0217;BUILDING template;Meldertstraat;6;
HASSELT - FH02;3937548;1;BL0217;3937548;BL0217;BUILDING template;Meldertstraat;10;
HASSELT - FH02;2428883;1;BL0217;2428883;BL0217;BUILDING template;Meldertstraat;14;
HASSELT - FH02;2428894;1;BL0217;2428894;BL0217;BUILDING template;Meldertstraat;26;
HASSELT - FH02;2428898;1;BL0217;2428898;BL0217;BUILDING template;Meldertstraat;28;
HASSELT - FH02;4846138;1;BL0217;4846138;BL0217;BUILDING template;Meldertstraat;34;
HASSELT - FH02;2428903;1;BL0217;2428903;BL0217;BUILDING template;Meldertstraat;36;
HASSELT - FH02;70277;1;BL0217;70277;BL0217;BUILDING template;Meldertstraat;38;
HASSELT - FH02;2428910;1;BL0217;2428910;BL0217;BUILDING template;Meldertstraat;40;
HASSELT - FH02;5725021;1;BL0217;5725021;BL0217;BUILDING template;Meldertstraat;4;A
HASSELT - FH02;6145398;1;BL0217;6145398;BL0217;BUILDING template;Meldertstraat;4;B
HASSELT - FH02;2428920;1;BL0217;2428920;BL0217;BUILDING template;Meldertstraat;56;
HASSELT - FH02;2428924;1;BL0217;2428924;BL0217;BUILDING template;Meldertstraat;58;
HASSELT - FH02;3937551;1;BL0217;3937551;BL0217;BUILDING template;Meldertstraat;60;
HASSELT - FH02;3937552;1;BL0217;3937552;BL0217;BUILDING template;Meldertstraat;64;
HASSELT - FH02;2428868;1;BL0218;2428868;BL0218;BUILDING template;Meldertstraat;3;
HASSELT - FH02;2428872;1;BL0218;2428872;BL0218;BUILDING template;Meldertstraat;5;
HASSELT - FH02;2428888;1;BL0218;2428888;BL0218;BUILDING template;Meldertstraat;25;
HASSELT - FH02;70322;4;BL0210;70322;BL0210;BUILDING template;Minderbroedersstraat;46;
HASSELT - FH02;2429650;4;BL0210;2429650;BL0210;BUILDING template;Minderbroedersstraat;52;
HASSELT - FH02;2429654;4;BL0210;2429654;BL0210;BUILDING template;Minderbroedersstraat;54;
HASSELT - FH02;4181361;4;BL0210;4181361;BL0210;BUILDING template;Minderbroedersstraat;56;
HASSELT - FH02;4846915;4;BL0211;4846915;BL0211;BUILDING template;Minderbroedersstraat;4;
HASSELT - FH02;2429603;4;BL0211;2429603;BL0211;BUILDING template;Minderbroedersstraat;6;
HASSELT - FH02;2429606;4;BL0211;2429606;BL0211;BUILDING template;Minderbroedersstraat;8;
HASSELT - FH02;2429612;4;BL0211;2429612;BL0211;BUILDING template;Minderbroedersstraat;10;
HASSELT - FH02;2429616;4;BL0211;2429616;BL0211;BUILDING template;Minderbroedersstraat;12;
HASSELT - FH02;3937554;4;BL0211;3937554;BL0211;BUILDING template;Minderbroedersstraat;16;
HASSELT - FH02;4846917;4;BL0211;4846917;BL0211;BUILDING template;Minderbroedersstraat;18;
HASSELT - FH02;2429623;4;BL0211;2429623;BL0211;BUILDING template;Minderbroedersstraat;20;
HASSELT - FH02;2429625;4;BL0211;2429625;BL0211;BUILDING template;Minderbroedersstraat;22;
HASSELT - FH02;4846922;4;BL0211;4846922;BL0211;BUILDING template;Minderbroedersstraat;24;
HASSELT - FH02;4846923;4;BL0211;4846923;BL0211;BUILDING template;Minderbroedersstraat;26;
HASSELT - FH02;3937555;4;BL0211;3937555;BL0211;BUILDING template;Minderbroedersstraat;28;
HASSELT - FH02;2429642;4;BL0211;2429642;BL0211;BUILDING template;Minderbroedersstraat;32;
HASSELT - FH02;2429645;4;BL0211;2429645;BL0211;BUILDING template;Minderbroedersstraat;34;
HASSELT - FH02;2429646;4;BL0211;2429646;BL0211;BUILDING template;Minderbroedersstraat;38;
HASSELT - FH02;2429647;4;BL0211;2429647;BL0211;BUILDING template;Minderbroedersstraat;40;
HASSELT - FH02;2429648;4;BL0211;2429648;BL0211;BUILDING template;Minderbroedersstraat;42;
HASSELT - FH02;70323;4;BL0211;70323;BL0211;BUILDING template;Minderbroedersstraat;44;
HASSELT - FH02;2429598;4;BL0207;2429598;BL0207;BUILDING template;Minderbroedersstraat;3;
HASSELT - FH02;2429602;4;BL0207;2429602;BL0207;BUILDING template;Minderbroedersstraat;5;
HASSELT - FH02;2429605;4;BL0207;2429605;BL0207;BUILDING template;Minderbroedersstraat;7;
HASSELT - FH02;4846070;4;BL0207;4846070;BL0207;BUILDING template;Minderbroedersstraat;11;
HASSELT - FH02;2429618;4;BL0207;2429618;BL0207;BUILDING template;Minderbroedersstraat;13;
HASSELT - FH02;4846073;4;BL0207;4846073;BL0207;BUILDING template;Minderbroedersstraat;15;
HASSELT - FH02;4846084;4;BL0207;4846084;BL0207;BUILDING template;Minderbroedersstraat;23;
HASSELT - FH02;2429628;4;BL0207;2429628;BL0207;BUILDING template;Minderbroedersstraat;25;
HASSELT - FH02;2429629;4;BL0207;2429629;BL0207;BUILDING template;Minderbroedersstraat;27;
HASSELT - FH02;70321;4;BL0207;70321;BL0207;BUILDING template;Minderbroedersstraat;29;
HASSELT - FH02;2429620;4;BL0207;2429620;BL0207;BUILDING template;Minderbroedersstraat;17;
HASSELT - FH02;2429621;4;BL0207;2429621;BL0207;BUILDING template;Minderbroedersstraat;19;
HASSELT - FH02;2429619;4;BL0211;2429619;BL0211;BUILDING template;Minderbroedersstraat;14;
HASSELT - FH02;4846082;4;BL0207;4846082;BL0207;BUILDING template;Minderbroedersstraat;21;
HASSELT - FH02;2429666;4;BL0203;2429666;BL0203;BUILDING template;Molenpoort;1;
HASSELT - FH02;2429667;4;BL0207;2429667;BL0207;BUILDING template;Molenpoort;2;
HASSELT - FH02;2429669;4;BL0207;2429669;BL0207;BUILDING template;Molenpoort;6;
HASSELT - FH02;2429670;4;BL0207;2429670;BL0207;BUILDING template;Molenpoort;8;
HASSELT - FH02;2429672;4;BL0207;2429672;BL0207;BUILDING template;Molenpoort;10;
HASSELT - FH02;2429676;4;BL0207;2429676;BL0207;BUILDING template;Molenpoort;12;
HASSELT - FH02;2429668;4;BL0203;2429668;BL0203;BUILDING template;Molenpoort;5;
HASSELT - FH02;4085860;3;BL0234;4085860;BL0234;BUILDING template;Onze-Lieve-Vrouwstraat;1;
HASSELT - FH02;2432506;3;BL0234;2432506;BL0234;BUILDING template;Onze-Lieve-Vrouwstraat;5;
HASSELT - FH02;4086878;3;BL0234;4086878;BL0234;BUILDING template;Onze-Lieve-Vrouwstraat;9;
HASSELT - FH02;71868;3;BL0233;71868;BL0233;BUILDING template;Onze-Lieve-Vrouwstraat;2;
HASSELT - FH02;4857693;3;BL0233;4857693;BL0233;BUILDING template;Onze-Lieve-Vrouwstraat;4;
HASSELT - FH02;2432507;3;BL0233;2432507;BL0233;BUILDING template;Onze-Lieve-Vrouwstraat;6;
HASSELT - FH02;2432508;3;BL0233;2432508;BL0233;BUILDING template;Onze-Lieve-Vrouwstraat;8;
HASSELT - FH02;71869;3;BL0233;71869;BL0233;BUILDING template;Onze-Lieve-Vrouwstraat;10;
HASSELT - FH02;5430220;3;BL0233;5430220;BL0233;BUILDING template;Onze-Lieve-Vrouwstraat;8;A
HASSELT - FH02;70222;1;BL0205;70222;BL0205;BUILDING template;Paardsdemerstraat;2;
HASSELT - FH02;70224;1;BL0205;70224;BL0205;BUILDING template;Paardsdemerstraat;4;
HASSELT - FH02;70225;1;BL0216;70225;BL0216;BUILDING template;Paardsdemerstraat;9;
HASSELT - FH02;677211;1;BL0216;677211;BL0216;BUILDING template;Paardsdemerstraat;11;
HASSELT - FH02;2433537;1;BL0216;2433537;BL0216;BUILDING template;Paardsdemerstraat;13;
HASSELT - FH02;2433539;1;BL0216;2433539;BL0216;BUILDING template;Paardsdemerstraat;15;
HASSELT - FH02;2433543;1;BL0216;2433543;BL0216;BUILDING template;Paardsdemerstraat;19;
HASSELT - FH02;2433546;1;BL0216;2433546;BL0216;BUILDING template;Paardsdemerstraat;21;
HASSELT - FH02;2433548;1;BL0216;2433548;BL0216;BUILDING template;Paardsdemerstraat;23;
HASSELT - FH02;70226;1;BL0216;70226;BL0216;BUILDING template;Paardsdemerstraat;25;
HASSELT - FH02;5411718;1;BL0216;5411718;BL0216;BUILDING template;Paardsdemerstraat;9;A
HASSELT - FH02;5425923;1;BL0216;5425923;BL0216;BUILDING template;Paardsdemerstraat;11;A
HASSELT - FH02;70221;1;BL0215;70221;BL0215;BUILDING template;Paardsdemerstraat;1;
HASSELT - FH02;2433489;1;BL0215;2433489;BL0215;BUILDING template;Paardsdemerstraat;3;
HASSELT - FH02;2433495;1;BL0215;2433495;BL0215;BUILDING template;Paardsdemerstraat;5;
HASSELT - FH02;70223;1;BL0215;70223;BL0215;BUILDING template;Paardsdemerstraat;7;
HASSELT - FH02;5534735;1;BL0205;5534735;BL0205;BUILDING template;Paardsdemerstraat;2;A
HASSELT - FH02;2433493;1;BL0205;2433493;BL0205;BUILDING template;Paardsdemerstraat;4;B
HASSELT - FH02;150;1;BL0205;150;BL0205;BUILDING template;Paardsdemerstraat;8;
HASSELT - FH02;869230;1;BL0205;869230;BL0205;BUILDING template;Paardsdemerstraat;10;
HASSELT - FH02;5381022;5;BL0243;5381022;BL0243;BUILDING template;Passerelstraat;1;
HASSELT - FH02;3937585;1;BL0218;3937585;BL0218;BUILDING template;Persoonstraat;6;
HASSELT - FH02;4847003;1;BL0218;4847003;BL0218;BUILDING template;Persoonstraat;8;
HASSELT - FH02;2433960;1;BL0218;2433960;BL0218;BUILDING template;Persoonstraat;10;
HASSELT - FH02;2433966;1;BL0218;2433966;BL0218;BUILDING template;Persoonstraat;14;
HASSELT - FH02;2433968;1;BL0218;2433968;BL0218;BUILDING template;Persoonstraat;16;
HASSELT - FH02;4847011;1;BL0218;4847011;BL0218;BUILDING template;Persoonstraat;18;
HASSELT - FH02;2433970;1;BL0218;2433970;BL0218;BUILDING template;Persoonstraat;20;
HASSELT - FH02;655426;1;BL0218;655426;BL0218;BUILDING template;Persoonstraat;22;
HASSELT - FH02;70282;1;BL0218;70282;BL0218;BUILDING template;Persoonstraat;26;
HASSELT - FH02;6145399;1;BL0218;6145399;BL0218;BUILDING template;Persoonstraat;30;
HASSELT - FH02;655425;2;BL0220;655425;BL0220;BUILDING template;Persoonstraat;1;
HASSELT - FH02;677156;1;BL0216;677156;BL0216;BUILDING template;Raamstraat;1;
HASSELT - FH02;2434783;1;BL0216;2434783;BL0216;BUILDING template;Raamstraat;3;
HASSELT - FH02;2434788;1;BL0216;2434788;BL0216;BUILDING template;Raamstraat;11;
HASSELT - FH02;677157;1;BL0216;677157;BL0216;BUILDING template;Raamstraat;13;
HASSELT - FH02;2434793;1;BL0216;2434793;BL0216;BUILDING template;Raamstraat;17;
HASSELT - FH02;2434804;1;BL0216;2434804;BL0216;BUILDING template;Raamstraat;23;
HASSELT - FH02;2434785;1;BL0215;2434785;BL0215;BUILDING template;Raamstraat;4;
HASSELT - FH02;2434789;1;BL0215;2434789;BL0215;BUILDING template;Raamstraat;12;
HASSELT - FH02;4234719;1;BL0215;4234719;BL0215;BUILDING template;Raamstraat;14;
HASSELT - FH02;4846244;1;BL0215;4846244;BL0215;BUILDING template;Raamstraat;18;
HASSELT - FH02;2434782;1;BL0215;2434782;BL0215;BUILDING template;Raamstraat;2;A
HASSELT - FH02;5807798;1;BL0215;5807798;BL0215;BUILDING template;Raamstraat;4;A
HASSELT - FH02;2434780;1;BL0215;2434780;BL0215;BUILDING template;Raamstraat;2;
HASSELT - FH02;4846255;1;BL0215;4846255;BL0215;BUILDING template;Raamstraat;8;
HASSELT - FH02;655681;3;BL0238;655681;BL0238;BUILDING template;Ridder Portmansstraat;2;
HASSELT - FH02;2434492;3;BL0238;2434492;BL0238;BUILDING template;Ridder Portmansstraat;4;
HASSELT - FH02;2434494;3;BL0238;2434494;BL0238;BUILDING template;Ridder Portmansstraat;6;
HASSELT - FH02;2434496;3;BL0238;2434496;BL0238;BUILDING template;Ridder Portmansstraat;8;
HASSELT - FH02;2434498;3;BL0238;2434498;BL0238;BUILDING template;Ridder Portmansstraat;10;
HASSELT - FH02;2434503;3;BL0238;2434503;BL0238;BUILDING template;Ridder Portmansstraat;12;
HASSELT - FH02;655680;3;BL0238;655680;BL0238;BUILDING template;Ridder Portmansstraat;14;
HASSELT - FH02;2434507;3;BL0238;2434507;BL0238;BUILDING template;Ridder Portmansstraat;16;
HASSELT - FH02;3937599;3;BL0239;3937599;BL0239;BUILDING template;Ridderstraat;23;
HASSELT - FH02;3937600;3;BL0239;3937600;BL0239;BUILDING template;Ridderstraat;25;
HASSELT - FH02;3937601;3;BL0239;3937601;BL0239;BUILDING template;Ridderstraat;27;
HASSELT - FH02;3937602;3;BL0239;3937602;BL0239;BUILDING template;Ridderstraat;29;
HASSELT - FH02;3937603;3;BL0239;3937603;BL0239;BUILDING template;Ridderstraat;31;
HASSELT - FH02;3937604;3;BL0239;3937604;BL0239;BUILDING template;Ridderstraat;33;
HASSELT - FH02;2435401;3;BL0239;2435401;BL0239;BUILDING template;Ridderstraat;35;
HASSELT - FH02;655661;3;BL0239;655661;BL0239;BUILDING template;Ridderstraat;37;
HASSELT - FH02;2435406;3;BL0239;2435406;BL0239;BUILDING template;Ridderstraat;39;
HASSELT - FH02;6146010;3;BL0239;6146010;BL0239;BUILDING template;Ridderstraat;39;B
HASSELT - FH02;656218;3;BL0241;656218;BL0241;BUILDING template;Ridderstraat;2;
HASSELT - FH02;656217;3;BL0241;656217;BL0241;BUILDING template;Ridderstraat;4;
HASSELT - FH02;4853123;3;BL0241;4853123;BL0241;BUILDING template;Ridderstraat;12;
HASSELT - FH02;4853125;3;BL0241;4853125;BL0241;BUILDING template;Ridderstraat;14;
HASSELT - FH02;2435392;3;BL0241;2435392;BL0241;BUILDING template;Ridderstraat;16;
HASSELT - FH02;656215;3;BL0241;656215;BL0241;BUILDING template;Ridderstraat;18;
HASSELT - FH02;655677;3;BL0238;655677;BL0238;BUILDING template;Ridderstraat;28;
HASSELT - FH02;4857967;3;BL0238;4857967;BL0238;BUILDING template;Ridderstraat;30;
HASSELT - FH02;4857971;3;BL0238;4857971;BL0238;BUILDING template;Ridderstraat;32;
HASSELT - FH02;2435399;3;BL0238;2435399;BL0238;BUILDING template;Ridderstraat;34;
HASSELT - FH02;2435404;3;BL0238;2435404;BL0238;BUILDING template;Ridderstraat;38;
HASSELT - FH02;4857975;3;BL0238;4857975;BL0238;BUILDING template;Ridderstraat;40;
HASSELT - FH02;677142;3;BL0238;677142;BL0238;BUILDING template;Ridderstraat;42;
HASSELT - FH02;2435407;3;BL0238;2435407;BL0238;BUILDING template;Ridderstraat;44;
HASSELT - FH02;655662;3;BL0238;655662;BL0238;BUILDING template;Ridderstraat;46;
HASSELT - FH02;6145400;3;BL0238;6145400;BL0238;BUILDING template;Ridderstraat;48;
HASSELT - FH02;656219;3;BL0240;656219;BL0240;BUILDING template;Ridderstraat;1;
HASSELT - FH02;4856459;3;BL0240;4856459;BL0240;BUILDING template;Ridderstraat;3;
HASSELT - FH02;677143;3;BL0240;677143;BL0240;BUILDING template;Ridderstraat;5;
HASSELT - FH02;2435376;3;BL0240;2435376;BL0240;BUILDING template;Ridderstraat;7;
HASSELT - FH02;2435379;3;BL0240;2435379;BL0240;BUILDING template;Ridderstraat;9;
HASSELT - FH02;2435382;3;BL0240;2435382;BL0240;BUILDING template;Ridderstraat;11;
HASSELT - FH02;2435385;3;BL0240;2435385;BL0240;BUILDING template;Ridderstraat;13;
HASSELT - FH02;2435389;3;BL0240;2435389;BL0240;BUILDING template;Ridderstraat;15;
HASSELT - FH02;1473953;3;BL0240;1473953;BL0240;BUILDING template;Ridderstraat;17;
HASSELT - FH02;656216;3;BL0240;656216;BL0240;BUILDING template;Ridderstraat;19;
HASSELT - FH02;6177414;3;BL0238;6177414;BL0238;BUILDING template;Ridderstraat;54;
HASSELT - FH02;2438613;4;BL0210;2438613;BL0210;BUILDING template;Schrijnwerkersstraat;8;
HASSELT - FH02;4846827;4;BL0210;4846827;BL0210;BUILDING template;Schrijnwerkersstraat;10;
HASSELT - FH02;2438616;4;BL0210;2438616;BL0210;BUILDING template;Schrijnwerkersstraat;12;
HASSELT - FH02;4846829;4;BL0210;4846829;BL0210;BUILDING template;Schrijnwerkersstraat;14;
HASSELT - FH02;2438620;4;BL0210;2438620;BL0210;BUILDING template;Schrijnwerkersstraat;16;
HASSELT - FH02;2438622;4;BL0210;2438622;BL0210;BUILDING template;Schrijnwerkersstraat;18;
HASSELT - FH02;70216;4;BL0210;70216;BL0210;BUILDING template;Schrijnwerkersstraat;20;
HASSELT - FH02;2438614;4;BL0211;2438614;BL0211;BUILDING template;Schrijnwerkersstraat;9;
HASSELT - FH02;4846894;4;BL0211;4846894;BL0211;BUILDING template;Schrijnwerkersstraat;11;
HASSELT - FH02;2438618;4;BL0211;2438618;BL0211;BUILDING template;Schrijnwerkersstraat;13;
HASSELT - FH02;2438619;4;BL0211;2438619;BL0211;BUILDING template;Schrijnwerkersstraat;15;
HASSELT - FH02;2438621;4;BL0211;2438621;BL0211;BUILDING template;Schrijnwerkersstraat;17;
HASSELT - FH02;2438623;4;BL0211;2438623;BL0211;BUILDING template;Schrijnwerkersstraat;19;
HASSELT - FH02;70215;4;BL0211;70215;BL0211;BUILDING template;Schrijnwerkersstraat;21;
HASSELT - FH02;2419245;2;BL0223;2419245;BL0223;BUILDING template;Sint-Jozefsstraat;10;
HASSELT - FH02;1454258;2;BL0225;1454258;BL0225;BUILDING template;Sint-Jozefsstraat;5;
HASSELT - FH02;677133;2;BL0225;677133;BL0225;BUILDING template;Sint-Jozefsstraat;13;
HASSELT - FH02;2419252;2;BL0225;2419252;BL0225;BUILDING template;Sint-Jozefsstraat;15;
HASSELT - FH02;4856180;2;BL0225;4856180;BL0225;BUILDING template;Sint-Jozefsstraat;17;
HASSELT - FH02;2419241;2;BL0225;2419241;BL0225;BUILDING template;Sint-Jozefsstraat;1;B
HASSELT - FH02;677135;2;BL0225;677135;BL0225;BUILDING template;Sint-Jozefsstraat;21;
HASSELT - FH02;677136;2;BL0225;677136;BL0225;BUILDING template;Sint-Jozefsstraat;19;
HASSELT - FH02;4856165;2;BL0225;4856165;BL0225;BUILDING template;Sint-Jozefsstraat;3;
HASSELT - FH02;2440377;5;BL0243;2440377;BL0243;BUILDING template;Stationsplein;4;
HASSELT - FH02;2440392;5;BL0243;2440392;BL0243;BUILDING template;Stationsplein;6;
HASSELT - FH02;70330;4;BL0201;70330;BL0201;BUILDING template;Thonissenlaan;75;
HASSELT - FH02;4846446;4;BL0201;4846446;BL0201;BUILDING template;Thonissenlaan;81;
HASSELT - FH02;2442438;4;BL0201;2442438;BL0201;BUILDING template;Thonissenlaan;83;
HASSELT - FH02;70972;4;BL0202;70972;BL0202;BUILDING template;Thonissenlaan;31;
HASSELT - FH02;2442280;4;BL0202;2442280;BL0202;BUILDING template;Thonissenlaan;33;
HASSELT - FH02;2442294;4;BL0202;2442294;BL0202;BUILDING template;Thonissenlaan;37;
HASSELT - FH02;2442329;4;BL0202;2442329;BL0202;BUILDING template;Thonissenlaan;43;
HASSELT - FH02;2442337;4;BL0202;2442337;BL0202;BUILDING template;Thonissenlaan;45;
HASSELT - FH02;70248;4;BL0202;70248;BL0202;BUILDING template;Thonissenlaan;47;
HASSELT - FH02;2442357;4;BL0202;2442357;BL0202;BUILDING template;Thonissenlaan;49;
HASSELT - FH02;2442363;4;BL0202;2442363;BL0202;BUILDING template;Thonissenlaan;51;
HASSELT - FH02;2442372;4;BL0202;2442372;BL0202;BUILDING template;Thonissenlaan;53;
HASSELT - FH02;2442381;4;BL0202;2442381;BL0202;BUILDING template;Thonissenlaan;55;
HASSELT - FH02;2442393;4;BL0202;2442393;BL0202;BUILDING template;Thonissenlaan;57;
HASSELT - FH02;2442404;4;BL0202;2442404;BL0202;BUILDING template;Thonissenlaan;59;
HASSELT - FH02;1487446;4;BL0202;1487446;BL0202;BUILDING template;Thonissenlaan;61;
HASSELT - FH02;70250;4;BL0202;70250;BL0202;BUILDING template;Thonissenlaan;63;
HASSELT - FH02;70252;4;BL0202;70252;BL0202;BUILDING template;Thonissenlaan;67;
HASSELT - FH02;2442430;4;BL0202;2442430;BL0202;BUILDING template;Thonissenlaan;69;
HASSELT - FH02;2442178;4;BL0209;2442178;BL0209;BUILDING template;Thonissenlaan;1;
HASSELT - FH02;776341;4;BL0209;776341;BL0209;BUILDING template;Thonissenlaan;3;
HASSELT - FH02;4857613;4;BL0209;4857613;BL0209;BUILDING template;Thonissenlaan;5;
HASSELT - FH02;72404;4;BL0209;72404;BL0209;BUILDING template;Thonissenlaan;11;
HASSELT - FH02;72403;4;BL0209;72403;BL0209;BUILDING template;Thonissenlaan;13;
HASSELT - FH02;70255;4;BL0209;70255;BL0209;BUILDING template;Thonissenlaan;17;
HASSELT - FH02;71871;4;BL0209;71871;BL0209;BUILDING template;Thonissenlaan;19;
HASSELT - FH02;2442246;4;BL0209;2442246;BL0209;BUILDING template;Thonissenlaan;21;
HASSELT - FH02;5593934;4;BL0209;5593934;BL0209;BUILDING template;Thonissenlaan;23;
HASSELT - FH02;2442251;4;BL0209;2442251;BL0209;BUILDING template;Thonissenlaan;25;
HASSELT - FH02;70256;4;BL0209;70256;BL0209;BUILDING template;Thonissenlaan;27;
HASSELT - FH02;70333;4;BL0201;70333;BL0201;BUILDING template;Thonissenlaan;77;
HASSELT - FH02;2442224;4;BL0209;2442224;BL0209;BUILDING template;Thonissenlaan;15;
HASSELT - FH02;70246;4;BL0202;70246;BL0202;BUILDING template;Thonissenlaan;39;
HASSELT - FH02;2442188;4;BL0209;2442188;BL0209;BUILDING template;Thonissenlaan;7;
HASSELT - FH02;2442705;2;BL0223;2442705;BL0223;BUILDING template;Torenplein;1;
HASSELT - FH02;2442707;2;BL0223;2442707;BL0223;BUILDING template;Torenplein;2;
HASSELT - FH02;2442712;2;BL0223;2442712;BL0223;BUILDING template;Torenplein;3;
HASSELT - FH02;2442717;2;BL0223;2442717;BL0223;BUILDING template;Torenplein;5;
HASSELT - FH02;2442725;2;BL0223;2442725;BL0223;BUILDING template;Torenplein;8;
HASSELT - FH02;4855847;2;BL0223;4855847;BL0223;BUILDING template;Torenplein;7;
HASSELT - FH02;1164605;2;BL0223;1164605;BL0223;BUILDING template;Torenplein;6;
HASSELT - FH02;2445659;2;BL0220;2445659;BL0220;BUILDING template;Vismarkt;15;
HASSELT - FH02;655622;2;BL0226;655622;BL0226;BUILDING template;Vismarkt;1;
HASSELT - FH02;3937702;2;BL0226;3937702;BL0226;BUILDING template;Vismarkt;3;
HASSELT - FH02;2445653;2;BL0226;2445653;BL0226;BUILDING template;Vismarkt;5;
HASSELT - FH02;2445654;2;BL0226;2445654;BL0226;BUILDING template;Vismarkt;7;
HASSELT - FH02;2445657;2;BL0226;2445657;BL0226;BUILDING template;Vismarkt;9;
HASSELT - FH02;655623;2;BL0226;655623;BL0226;BUILDING template;Vismarkt;11;
HASSELT - FH02;69195;4;BL0211;69195;BL0211;BUILDING template;Walputstraat;1;
HASSELT - FH02;69194;4;BL0211;69194;BL0211;BUILDING template;Walputstraat;3;
HASSELT - FH02;2446666;4;BL0211;2446666;BL0211;BUILDING template;Walputstraat;5;
HASSELT - FH02;69193;4;BL0211;69193;BL0211;BUILDING template;Walputstraat;7;
HASSELT - FH02;2446669;4;BL0211;2446669;BL0211;BUILDING template;Walputstraat;17;
HASSELT - FH02;69190;4;BL0211;69190;BL0211;BUILDING template;Walputstraat;19;
HASSELT - FH02;2446671;4;BL0211;2446671;BL0211;BUILDING template;Walputstraat;21;
HASSELT - FH02;2446672;4;BL0211;2446672;BL0211;BUILDING template;Walputstraat;23;
HASSELT - FH02;2446674;4;BL0211;2446674;BL0211;BUILDING template;Walputstraat;25;
HASSELT - FH02;2446677;4;BL0211;2446677;BL0211;BUILDING template;Walputstraat;27;
HASSELT - FH02;2446680;4;BL0211;2446680;BL0211;BUILDING template;Walputstraat;29;
HASSELT - FH02;3937712;4;BL0211;3937712;BL0211;BUILDING template;Walputstraat;31;
HASSELT - FH02;2446681;4;BL0211;2446681;BL0211;BUILDING template;Walputstraat;33;
HASSELT - FH02;69188;4;BL0211;69188;BL0211;BUILDING template;Walputstraat;37;
HASSELT - FH02;69192;4;BL0214;69192;BL0214;BUILDING template;Walputstraat;2;
HASSELT - FH02;69191;4;BL0214;69191;BL0214;BUILDING template;Walputstraat;4;
HASSELT - FH02;69189;4;BL0211;69189;BL0211;BUILDING template;Walputstraat;15;
HASSELT - FH02;70235;4;BL0211;70235;BL0211;BUILDING template;Walputstraat;9;
HASSELT - FH02;70299;1;BL0206;70299;BL0206;BUILDING template;Witte-Nonnenstraat;11;
HASSELT - FH02;70300;1;BL0206;70300;BL0206;BUILDING template;Witte-Nonnenstraat;13;
HASSELT - FH02;2448107;1;BL0206;2448107;BL0206;BUILDING template;Witte-Nonnenstraat;19;
HASSELT - FH02;70288;1;BL0205;70288;BL0205;BUILDING template;Witte-Nonnenstraat;1;
HASSELT - FH02;4846835;1;BL0205;4846835;BL0205;BUILDING template;Witte-Nonnenstraat;3;
HASSELT - FH02;70289;1;BL0205;70289;BL0205;BUILDING template;Witte-Nonnenstraat;7;
HASSELT - FH02;4846399;1;BL0204;4846399;BL0204;BUILDING template;Witte-Nonnenstraat;4;
HASSELT - FH02;70376;1;BL0204;70376;BL0204;BUILDING template;Witte-Nonnenstraat;8;
HASSELT - FH02;2448102;1;BL0204;2448102;BL0204;BUILDING template;Witte-Nonnenstraat;12;
HASSELT - FH02;70290;1;BL0204;70290;BL0204;BUILDING template;Witte-Nonnenstraat;14;
HASSELT - FH02;70291;1;BL0204;70291;BL0204;BUILDING template;Witte-Nonnenstraat;16;
HASSELT - FH02;5593955;1;BL0204;5593955;BL0204;BUILDING template;Witte-Nonnenstraat;18;
HASSELT - FH02;2448111;1;BL0204;2448111;BL0204;BUILDING template;Witte-Nonnenstraat;26;
HASSELT - FH02;2448113;1;BL0204;2448113;BL0204;BUILDING template;Witte-Nonnenstraat;28;
HASSELT - FH02;3937727;1;BL0204;3937727;BL0204;BUILDING template;Witte-Nonnenstraat;10;A
HASSELT - FH02;2448098;1;BL0204;2448098;BL0204;BUILDING template;Witte-Nonnenstraat;10;B
HASSELT - FH02;5402641;1;BL0204;5402641;BL0204;BUILDING template;Witte-Nonnenstraat;20;C
HASSELT - FH02;5313879;1;BL0204;5313879;BL0204;BUILDING template;Witte-Nonnenstraat;20;D
HASSELT - FH02;70302;1;BL0206;70302;BL0206;BUILDING template;Witte-Nonnenstraat;15;
HASSELT - FH02;70296;1;BL0206;70296;BL0206;BUILDING template;Witte-Nonnenstraat;17;
HASSELT - FH02;1019954;1;BL0216;1019954;BL0216;BUILDING template;Zuivelmarkt;2;
HASSELT - FH02;4846218;1;BL0216;4846218;BL0216;BUILDING template;Zuivelmarkt;4;
HASSELT - FH02;2449072;1;BL0216;2449072;BL0216;BUILDING template;Zuivelmarkt;6;
HASSELT - FH02;2449074;1;BL0216;2449074;BL0216;BUILDING template;Zuivelmarkt;8;
HASSELT - FH02;2449078;1;BL0216;2449078;BL0216;BUILDING template;Zuivelmarkt;10;
HASSELT - FH02;2449080;1;BL0216;2449080;BL0216;BUILDING template;Zuivelmarkt;12;
HASSELT - FH02;2449084;1;BL0216;2449084;BL0216;BUILDING template;Zuivelmarkt;16;
HASSELT - FH02;2449085;1;BL0216;2449085;BL0216;BUILDING template;Zuivelmarkt;18;
HASSELT - FH02;70208;1;BL0216;70208;BL0216;BUILDING template;Zuivelmarkt;20;
HASSELT - FH02;2449091;1;BL0216;2449091;BL0216;BUILDING template;Zuivelmarkt;22;
HASSELT - FH02;2449093;1;BL0216;2449093;BL0216;BUILDING template;Zuivelmarkt;24;
HASSELT - FH02;2449094;1;BL0216;2449094;BL0216;BUILDING template;Zuivelmarkt;26;
HASSELT - FH02;2449095;1;BL0216;2449095;BL0216;BUILDING template;Zuivelmarkt;28;
HASSELT - FH02;4847108;1;BL0216;4847108;BL0216;BUILDING template;Zuivelmarkt;30;
HASSELT - FH02;70284;1;BL0216;70284;BL0216;BUILDING template;Zuivelmarkt;34;
HASSELT - FH02;2449101;1;BL0216;2449101;BL0216;BUILDING template;Zuivelmarkt;36;
HASSELT - FH02;1150267;1;BL0216;1150267;BL0216;BUILDING template;Zuivelmarkt;38;
HASSELT - FH02;2449107;1;BL0216;2449107;BL0216;BUILDING template;Zuivelmarkt;42;
HASSELT - FH02;2449109;1;BL0216;2449109;BL0216;BUILDING template;Zuivelmarkt;44;
HASSELT - FH02;2449111;1;BL0216;2449111;BL0216;BUILDING template;Zuivelmarkt;46;
HASSELT - FH02;3937735;1;BL0216;3937735;BL0216;BUILDING template;Zuivelmarkt;48;
HASSELT - FH02;4023814;1;BL0216;4023814;BL0216;BUILDING template;Zuivelmarkt;54;
HASSELT - FH02;2449116;1;BL0216;2449116;BL0216;BUILDING template;Zuivelmarkt;58;
HASSELT - FH02;2449119;1;BL0216;2449119;BL0216;BUILDING template;Zuivelmarkt;60;
HASSELT - FH02;70206;1;BL0216;70206;BL0216;BUILDING template;Zuivelmarkt;62;
HASSELT - FH02;4006940;1;BL0216;4006940;BL0216;BUILDING template;Zuivelmarkt;64;
HASSELT - FH02;70204;1;BL0217;70204;BL0217;BUILDING template;Zuivelmarkt;29;
HASSELT - FH02;70285;1;BL0218;70285;BL0218;BUILDING template;Zuivelmarkt;19;
HASSELT - FH02;2449088;1;BL0218;2449088;BL0218;BUILDING template;Zuivelmarkt;21;
HASSELT - FH02;70286;1;BL0218;70286;BL0218;BUILDING template;Zuivelmarkt;25;
HASSELT - FH02;2449066;1;BL0219;2449066;BL0219;BUILDING template;Zuivelmarkt;1;
HASSELT - FH02;2449069;1;BL0219;2449069;BL0219;BUILDING template;Zuivelmarkt;3;
HASSELT - FH02;3937734;1;BL0219;3937734;BL0219;BUILDING template;Zuivelmarkt;5;
HASSELT - FH02;2449073;1;BL0219;2449073;BL0219;BUILDING template;Zuivelmarkt;7;
HASSELT - FH02;2449077;1;BL0219;2449077;BL0219;BUILDING template;Zuivelmarkt;9;
HASSELT - FH02;2449079;1;BL0219;2449079;BL0219;BUILDING template;Zuivelmarkt;11;
HASSELT - FH02;2449081;1;BL0219;2449081;BL0219;BUILDING template;Zuivelmarkt;13;
HASSELT - FH02;2449083;1;BL0219;2449083;BL0219;BUILDING template;Zuivelmarkt;15;
HASSELT - FH02;4846789;1;BL0219;4846789;BL0219;BUILDING template;Zuivelmarkt;17;
HASSELT - FH02;2449100;1;BL0206;2449100;BL0206;BUILDING template;Zuivelmarkt;33;
HASSELT - FH02;2449157;3;BL0231;2449157;BL0231;BUILDING template;Zwanestraat;1;
HASSELT - FH02;3937736;3;BL0231;3937736;BL0231;BUILDING template;Zwanestraat;3;
HASSELT - FH02;2449158;3;BL0232;2449158;BL0232;BUILDING template;Zwanestraat;2;
